/*******************************************************************************
 * Size: 18 px
 * Bpp: 4
 * Opts: --bpp 4 --size 18 --no-compress --stride 1 --align 1 --font Inter_18pt-Regular.ttf --range 32-127,160-255,9650,9660 --format lvgl -o inter_18.c
 ******************************************************************************/

#ifdef __has_include
    #if __has_include("lvgl.h")
        #ifndef LV_LVGL_H_INCLUDE_SIMPLE
            #define LV_LVGL_H_INCLUDE_SIMPLE
        #endif
    #endif
#endif

#ifdef LV_LVGL_H_INCLUDE_SIMPLE
    #include "lvgl.h"
#else
    #include "lvgl/lvgl.h"
#endif



#ifndef INTER_18
#define INTER_18 1
#endif

#if INTER_18

/*-----------------
 *    BITMAPS
 *----------------*/

/*Store the image of the glyphs*/
static LV_ATTRIBUTE_LARGE_CONST const uint8_t glyph_bitmap[] = {
    /* U+0020 " " */

    /* U+0021 "!" */
    0x6f, 0x56, 0xf5, 0x6f, 0x46, 0xf4, 0x6f, 0x45,
    0xf4, 0x5f, 0x45, 0xf3, 0x5f, 0x31, 0x30, 0x5,
    0x9, 0xf8, 0x6f, 0x50,

    /* U+0022 "\"" */
    0x3f, 0x64, 0xf5, 0x2f, 0x64, 0xf4, 0x2f, 0x53,
    0xf4, 0x1f, 0x42, 0xf3, 0xf, 0x41, 0xf2,

    /* U+0023 "#" */
    0x0, 0x5, 0xf0, 0x0, 0xb9, 0x0, 0x0, 0x8,
    0xd0, 0x0, 0xe6, 0x0, 0x0, 0xa, 0xa0, 0x1,
    0xf4, 0x0, 0xd, 0xff, 0xff, 0xff, 0xff, 0xf0,
    0x5, 0x5f, 0x85, 0x5a, 0xf5, 0x40, 0x0, 0x2f,
    0x20, 0x9, 0xc0, 0x0, 0x0, 0x5f, 0x0, 0xb,
    0x90, 0x0, 0x1, 0x8d, 0x11, 0x1e, 0x71, 0x0,
    0xaf, 0xff, 0xff, 0xff, 0xff, 0x20, 0x24, 0xe9,
    0x44, 0x7f, 0x54, 0x0, 0x0, 0xf5, 0x0, 0x6f,
    0x0, 0x0, 0x2, 0xf2, 0x0, 0x9c, 0x0, 0x0,
    0x5, 0xf0, 0x0, 0xb9, 0x0, 0x0,

    /* U+0024 "$" */
    0x0, 0x0, 0x6, 0x20, 0x0, 0x0, 0x0, 0x0,
    0xd4, 0x0, 0x0, 0x0, 0x0, 0xd, 0x40, 0x0,
    0x0, 0x1, 0x8d, 0xff, 0xc5, 0x0, 0x1, 0xdf,
    0xae, 0xbd, 0xf7, 0x0, 0x8f, 0x40, 0xd4, 0xc,
    0xf1, 0xa, 0xe0, 0xd, 0x40, 0x38, 0x20, 0x8f,
    0x50, 0xd4, 0x0, 0x0, 0x0, 0xcf, 0xce, 0x60,
    0x0, 0x0, 0x0, 0x6b, 0xff, 0xd7, 0x0, 0x0,
    0x0, 0xd, 0x89, 0xfc, 0x0, 0x0, 0x0, 0xd4,
    0x5, 0xf5, 0xb, 0x80, 0xd, 0x40, 0x2f, 0x70,
    0xcf, 0x30, 0xd4, 0xa, 0xf4, 0x3, 0xff, 0xbf,
    0xbd, 0xfa, 0x0, 0x2, 0x9e, 0xff, 0xc6, 0x0,
    0x0, 0x0, 0xd, 0x40, 0x0, 0x0, 0x0, 0x0,
    0x62, 0x0, 0x0,

    /* U+0025 "%" */
    0x4, 0xdf, 0xd3, 0x0, 0x0, 0x2f, 0x60, 0x0,
    0xf9, 0x2a, 0xd0, 0x0, 0xc, 0xb0, 0x0, 0x2f,
    0x20, 0x5f, 0x0, 0x7, 0xe1, 0x0, 0x1, 0xf6,
    0x9, 0xe0, 0x2, 0xf5, 0x0, 0x0, 0x7, 0xff,
    0xf5, 0x0, 0xda, 0x0, 0x0, 0x0, 0x0, 0x20,
    0x0, 0x8e, 0x10, 0x0, 0x0, 0x0, 0x0, 0x0,
    0x3f, 0x40, 0x0, 0x0, 0x0, 0x0, 0x0, 0xe,
    0x90, 0x1b, 0xfd, 0x40, 0x0, 0x0, 0x9, 0xd0,
    0xa, 0xd3, 0x8f, 0x10, 0x0, 0x5, 0xf3, 0x0,
    0xe7, 0x1, 0xf4, 0x0, 0x1, 0xe7, 0x0, 0xe,
    0x70, 0x1f, 0x40, 0x0, 0xbc, 0x0, 0x0, 0xad,
    0x38, 0xf1, 0x0, 0x6f, 0x20, 0x0, 0x1, 0xbf,
    0xe4, 0x0,

    /* U+0026 "&" */
    0x0, 0x1a, 0xff, 0xc3, 0x0, 0x0, 0x0, 0xbf,
    0x86, 0xee, 0x0, 0x0, 0x0, 0xf9, 0x0, 0x5f,
    0x40, 0x0, 0x0, 0xf9, 0x0, 0x8f, 0x20, 0x0,
    0x0, 0xaf, 0x37, 0xf9, 0x0, 0x0, 0x0, 0x1e,
    0xff, 0x80, 0x0, 0x0, 0x0, 0x4e, 0xfc, 0x0,
    0x0, 0x0, 0x5, 0xfa, 0x6f, 0x90, 0x1f, 0x60,
    0xe, 0xc0, 0x7, 0xf7, 0x4f, 0x40, 0x2f, 0x70,
    0x0, 0xaf, 0xdf, 0x0, 0xf, 0xc0, 0x0, 0xe,
    0xf8, 0x0, 0x7, 0xfc, 0x67, 0xcf, 0xfe, 0x10,
    0x0, 0x5c, 0xff, 0xc6, 0x2e, 0xc0,

    /* U+0027 "'" */
    0x3f, 0x62, 0xf6, 0x2f, 0x51, 0xf4, 0xf, 0x40,

    /* U+0028 "(" */
    0x0, 0x18, 0x30, 0x8, 0xf1, 0x0, 0xeb, 0x0,
    0x4f, 0x50, 0x9, 0xf1, 0x0, 0xcd, 0x0, 0xf,
    0x90, 0x1, 0xf7, 0x0, 0x3f, 0x60, 0x3, 0xf6,
    0x0, 0x2f, 0x70, 0x0, 0xf9, 0x0, 0xc, 0xd0,
    0x0, 0x8f, 0x10, 0x2, 0xf7, 0x0, 0xc, 0xd0,
    0x0, 0x4f, 0x40,

    /* U+0029 ")" */
    0x18, 0x30, 0x0, 0xcc, 0x0, 0x6, 0xf3, 0x0,
    0x1f, 0x90, 0x0, 0xce, 0x0, 0x8, 0xf1, 0x0,
    0x4f, 0x40, 0x2, 0xf6, 0x0, 0x1f, 0x80, 0x1,
    0xf8, 0x0, 0x2f, 0x70, 0x4, 0xf5, 0x0, 0x8f,
    0x10, 0xd, 0xd0, 0x2, 0xf7, 0x0, 0x8f, 0x10,
    0xf, 0x80, 0x0,

    /* U+002A "*" */
    0x0, 0x2, 0xf0, 0x0, 0x6, 0x22, 0xf0, 0x25,
    0xb, 0xf8, 0xf8, 0xf9, 0x0, 0x4e, 0xfd, 0x30,
    0x3, 0xce, 0xfe, 0xb3, 0xc, 0x92, 0xf1, 0xab,
    0x0, 0x2, 0xf0, 0x0, 0x0, 0x1, 0x70, 0x0,

    /* U+002B "+" */
    0x0, 0x0, 0xda, 0x0, 0x0, 0x0, 0x0, 0xda,
    0x0, 0x0, 0x0, 0x0, 0xda, 0x0, 0x0, 0x1,
    0x11, 0xda, 0x11, 0x10, 0x5f, 0xff, 0xff, 0xff,
    0xf2, 0x14, 0x44, 0xeb, 0x44, 0x40, 0x0, 0x0,
    0xda, 0x0, 0x0, 0x0, 0x0, 0xda, 0x0, 0x0,
    0x0, 0x0, 0x65, 0x0, 0x0,

    /* U+002C "," */
    0x4, 0xe5, 0x7, 0xf2, 0x9, 0xd0, 0xc, 0x90,
    0xf, 0x40,

    /* U+002D "-" */
    0x12, 0x22, 0x22, 0xcf, 0xff, 0xff, 0x45, 0x55,
    0x55,

    /* U+002E "." */
    0x5, 0xa, 0xf8, 0x6f, 0x50,

    /* U+002F "/" */
    0x0, 0x0, 0x9d, 0x0, 0x0, 0xd9, 0x0, 0x1,
    0xf5, 0x0, 0x5, 0xf1, 0x0, 0xa, 0xd0, 0x0,
    0xe, 0x80, 0x0, 0x2f, 0x40, 0x0, 0x6f, 0x0,
    0x0, 0xac, 0x0, 0x0, 0xe7, 0x0, 0x3, 0xf3,
    0x0, 0x7, 0xf0, 0x0, 0xb, 0xb0, 0x0, 0xf,
    0x70, 0x0, 0x4f, 0x20, 0x0, 0x8e, 0x0, 0x0,

    /* U+0030 "0" */
    0x0, 0x6d, 0xfe, 0x91, 0x0, 0x8, 0xfb, 0x79,
    0xfc, 0x0, 0x3f, 0xa0, 0x0, 0x5f, 0x70, 0x9f,
    0x10, 0x0, 0xc, 0xe0, 0xdc, 0x0, 0x0, 0x7,
    0xf1, 0xfa, 0x0, 0x0, 0x5, 0xf3, 0xf9, 0x0,
    0x0, 0x5, 0xf4, 0xfa, 0x0, 0x0, 0x5, 0xf3,
    0xdc, 0x0, 0x0, 0x7, 0xf1, 0x9f, 0x10, 0x0,
    0xc, 0xe0, 0x3f, 0xa0, 0x0, 0x5f, 0x70, 0x9,
    0xfc, 0x7a, 0xfd, 0x0, 0x0, 0x6d, 0xfe, 0x91,
    0x0,

    /* U+0031 "1" */
    0x0, 0x2d, 0xfa, 0x6, 0xfd, 0xfa, 0x3f, 0x90,
    0xfa, 0x34, 0x0, 0xfa, 0x0, 0x0, 0xfa, 0x0,
    0x0, 0xfa, 0x0, 0x0, 0xfa, 0x0, 0x0, 0xfa,
    0x0, 0x0, 0xfa, 0x0, 0x0, 0xfa, 0x0, 0x0,
    0xfa, 0x0, 0x0, 0xfa, 0x0, 0x0, 0xfa,

    /* U+0032 "2" */
    0x1, 0x9e, 0xfd, 0x70, 0x1, 0xdf, 0x97, 0xaf,
    0xa0, 0x7f, 0x40, 0x0, 0x8f, 0x3a, 0xd0, 0x0,
    0x2, 0xf6, 0x0, 0x0, 0x0, 0x4f, 0x50, 0x0,
    0x0, 0xc, 0xe0, 0x0, 0x0, 0x9, 0xf4, 0x0,
    0x0, 0x9, 0xf6, 0x0, 0x0, 0x9, 0xf7, 0x0,
    0x0, 0x9, 0xf7, 0x0, 0x0, 0x8, 0xf7, 0x0,
    0x0, 0x8, 0xfd, 0x88, 0x88, 0x85, 0xcf, 0xff,
    0xff, 0xff, 0x90,

    /* U+0033 "3" */
    0x1, 0x9e, 0xfe, 0xa2, 0x0, 0x2e, 0xf9, 0x79,
    0xfe, 0x10, 0x8f, 0x20, 0x0, 0x3f, 0x80, 0x11,
    0x0, 0x0, 0x1f, 0x80, 0x0, 0x1, 0x24, 0xce,
    0x10, 0x0, 0xc, 0xff, 0xd2, 0x0, 0x0, 0x3,
    0x57, 0xee, 0x20, 0x0, 0x0, 0x0, 0x1f, 0xb0,
    0x0, 0x0, 0x0, 0xa, 0xf0, 0xdb, 0x0, 0x0,
    0xa, 0xf0, 0xaf, 0x30, 0x0, 0x2f, 0xb0, 0x1e,
    0xfa, 0x79, 0xfe, 0x20, 0x1, 0x9e, 0xfe, 0x91,
    0x0,

    /* U+0034 "4" */
    0x0, 0x0, 0x0, 0x9f, 0xc0, 0x0, 0x0, 0x0,
    0x4f, 0xfc, 0x0, 0x0, 0x0, 0xe, 0xcd, 0xc0,
    0x0, 0x0, 0x9, 0xf2, 0xcc, 0x0, 0x0, 0x4,
    0xf7, 0xc, 0xc0, 0x0, 0x1, 0xeb, 0x0, 0xcc,
    0x0, 0x0, 0xaf, 0x20, 0xc, 0xc0, 0x0, 0x5f,
    0x60, 0x0, 0xcc, 0x0, 0xe, 0xf8, 0x88, 0x8e,
    0xe8, 0x51, 0xff, 0xff, 0xff, 0xff, 0xf9, 0x0,
    0x0, 0x0, 0xc, 0xc0, 0x0, 0x0, 0x0, 0x0,
    0xcc, 0x0, 0x0, 0x0, 0x0, 0xc, 0xc0, 0x0,

    /* U+0035 "5" */
    0x2f, 0xff, 0xff, 0xff, 0x4, 0xfa, 0x77, 0x77,
    0x70, 0x5f, 0x30, 0x0, 0x0, 0x7, 0xf1, 0x2,
    0x0, 0x0, 0x9f, 0x9f, 0xff, 0x90, 0xb, 0xfb,
    0x65, 0xbf, 0xa0, 0x23, 0x0, 0x0, 0x9f, 0x30,
    0x0, 0x0, 0x2, 0xf8, 0x0, 0x0, 0x0, 0xf,
    0x9a, 0x80, 0x0, 0x2, 0xf7, 0xbf, 0x20, 0x0,
    0xaf, 0x22, 0xff, 0x98, 0xcf, 0x80, 0x2, 0xaf,
    0xfd, 0x60, 0x0,

    /* U+0036 "6" */
    0x0, 0x5c, 0xff, 0xb3, 0x0, 0x7, 0xfc, 0x88,
    0xef, 0x40, 0x2f, 0x80, 0x0, 0x1d, 0xb0, 0x8e,
    0x0, 0x11, 0x0, 0x0, 0xca, 0x4d, 0xff, 0xc3,
    0x0, 0xed, 0xf9, 0x57, 0xef, 0x20, 0xff, 0x70,
    0x0, 0x3f, 0xa0, 0xfe, 0x0, 0x0, 0xb, 0xe0,
    0xed, 0x0, 0x0, 0x9, 0xf0, 0xaf, 0x0, 0x0,
    0xc, 0xe0, 0x5f, 0x80, 0x0, 0x5f, 0x80, 0xb,
    0xfc, 0x8a, 0xfd, 0x10, 0x0, 0x7d, 0xfe, 0x91,
    0x0,

    /* U+0037 "7" */
    0x3f, 0xff, 0xff, 0xff, 0xf3, 0x18, 0x88, 0x88,
    0x8d, 0xf2, 0x0, 0x0, 0x0, 0x1f, 0xb0, 0x0,
    0x0, 0x0, 0x8f, 0x30, 0x0, 0x0, 0x1, 0xfb,
    0x0, 0x0, 0x0, 0x8, 0xf3, 0x0, 0x0, 0x0,
    0x1f, 0xb0, 0x0, 0x0, 0x0, 0x8f, 0x30, 0x0,
    0x0, 0x1, 0xfb, 0x0, 0x0, 0x0, 0x8, 0xf3,
    0x0, 0x0, 0x0, 0x1f, 0xa0, 0x0, 0x0, 0x0,
    0x9f, 0x20, 0x0, 0x0, 0x1, 0xfa, 0x0, 0x0,
    0x0,

    /* U+0038 "8" */
    0x2, 0xae, 0xfe, 0x91, 0x1, 0xef, 0x97, 0x9f,
    0xe1, 0x7f, 0x40, 0x0, 0x4f, 0x67, 0xf2, 0x0,
    0x2, 0xf6, 0x1e, 0xc4, 0x24, 0xdd, 0x10, 0x2d,
    0xff, 0xfd, 0x20, 0x1e, 0xe7, 0x57, 0xed, 0x1a,
    0xf2, 0x0, 0x2, 0xfa, 0xeb, 0x0, 0x0, 0xb,
    0xef, 0xa0, 0x0, 0x0, 0xbf, 0xbf, 0x20, 0x0,
    0x3f, 0xb2, 0xff, 0x97, 0x9f, 0xe2, 0x2, 0xae,
    0xfe, 0x92, 0x0,

    /* U+0039 "9" */
    0x1, 0x9e, 0xfd, 0x80, 0x0, 0x1e, 0xfa, 0x7b,
    0xfb, 0x0, 0xaf, 0x40, 0x0, 0x6f, 0x50, 0xeb,
    0x0, 0x0, 0xd, 0xb0, 0xfa, 0x0, 0x0, 0xd,
    0xe0, 0xce, 0x10, 0x0, 0x3f, 0xf0, 0x4f, 0xc4,
    0x26, 0xee, 0xf0, 0x6, 0xff, 0xff, 0x89, 0xe0,
    0x0, 0x4, 0x41, 0xb, 0xc0, 0x65, 0x0, 0x0,
    0x1f, 0x80, 0xaf, 0x30, 0x0, 0xaf, 0x20, 0x2e,
    0xf9, 0x8c, 0xf7, 0x0, 0x2, 0xaf, 0xfd, 0x50,
    0x0,

    /* U+003A ":" */
    0x6f, 0x5a, 0xf8, 0x15, 0x0, 0x0, 0x0, 0x0,
    0x0, 0x0, 0x0, 0x50, 0xaf, 0x86, 0xf5,

    /* U+003B ";" */
    0x3, 0xf8, 0x6, 0xfc, 0x0, 0x51, 0x0, 0x0,
    0x0, 0x0, 0x0, 0x0, 0x0, 0x0, 0x0, 0x0,
    0x5, 0xf6, 0x7, 0xf1, 0xa, 0xd0, 0xc, 0x90,
    0xd, 0x40,

    /* U+003C "<" */
    0x0, 0x0, 0x0, 0x0, 0x0, 0x0, 0x0, 0x0,
    0x5a, 0x0, 0x0, 0x5, 0xdf, 0xb0, 0x0, 0x5d,
    0xfd, 0x50, 0x4, 0xcf, 0xc4, 0x0, 0x7, 0xfd,
    0x40, 0x0, 0x0, 0x3d, 0xfa, 0x30, 0x0, 0x0,
    0x6, 0xdf, 0xb3, 0x0, 0x0, 0x0, 0x6e, 0xfb,
    0x30, 0x0, 0x0, 0x7, 0xec, 0x0, 0x0, 0x0,
    0x0, 0x50,

    /* U+003D "=" */
    0x2, 0x22, 0x22, 0x22, 0x11, 0xff, 0xff, 0xff,
    0xfd, 0x5, 0x55, 0x55, 0x55, 0x40, 0x0, 0x0,
    0x0, 0x0, 0x2, 0x22, 0x22, 0x22, 0x11, 0xff,
    0xff, 0xff, 0xfd, 0x5, 0x55, 0x55, 0x55, 0x40,

    /* U+003E ">" */
    0x0, 0x0, 0x0, 0x0, 0xc, 0x40, 0x0, 0x0,
    0x0, 0xef, 0xb3, 0x0, 0x0, 0x0, 0x7e, 0xfb,
    0x30, 0x0, 0x0, 0x6, 0xef, 0xb2, 0x0, 0x0,
    0x0, 0x6f, 0xf4, 0x0, 0x0, 0x4c, 0xfc, 0x20,
    0x5, 0xcf, 0xc4, 0x0, 0x5d, 0xfc, 0x40, 0x0,
    0xf, 0xd5, 0x0, 0x0, 0x0, 0x50, 0x0, 0x0,
    0x0, 0x0,

    /* U+003F "?" */
    0x0, 0x7d, 0xfe, 0x91, 0x0, 0xaf, 0xa6, 0x9f,
    0xc0, 0x2f, 0xa0, 0x0, 0x6f, 0x42, 0x83, 0x0,
    0x3, 0xf5, 0x0, 0x0, 0x0, 0x9f, 0x20, 0x0,
    0x1, 0xaf, 0x80, 0x0, 0x1, 0xdf, 0x50, 0x0,
    0x0, 0x6f, 0x40, 0x0, 0x0, 0x8, 0xf0, 0x0,
    0x0, 0x0, 0x1, 0x0, 0x0, 0x0, 0x1, 0x40,
    0x0, 0x0, 0x0, 0xdf, 0x50, 0x0, 0x0, 0xa,
    0xe2, 0x0, 0x0,

    /* U+0040 "@" */
    0x0, 0x0, 0x5a, 0xef, 0xfd, 0xa3, 0x0, 0x0,
    0x0, 0x2c, 0xfb, 0x75, 0x57, 0xcf, 0x90, 0x0,
    0x1, 0xed, 0x20, 0x0, 0x0, 0x5, 0xfa, 0x0,
    0xb, 0xe1, 0x0, 0x0, 0x0, 0x0, 0x4f, 0x50,
    0x4f, 0x50, 0x0, 0x1, 0x0, 0x10, 0xa, 0xd0,
    0x9e, 0x0, 0x7, 0xef, 0xe8, 0xf3, 0x4, 0xf2,
    0xda, 0x0, 0x7f, 0x84, 0x6e, 0xf3, 0x1, 0xf5,
    0xf8, 0x0, 0xe8, 0x0, 0x5, 0xf3, 0x0, 0xf6,
    0xf7, 0x2, 0xf4, 0x0, 0x2, 0xf3, 0x0, 0xf5,
    0xf8, 0x1, 0xf4, 0x0, 0x2, 0xf3, 0x1, 0xf4,
    0xda, 0x0, 0xe9, 0x0, 0x6, 0xf3, 0x4, 0xf1,
    0x9e, 0x0, 0x6f, 0x84, 0x7d, 0xfa, 0x5d, 0xb0,
    0x4f, 0x50, 0x7, 0xef, 0xc2, 0x6e, 0xfb, 0x10,
    0xc, 0xe1, 0x0, 0x0, 0x0, 0x0, 0x0, 0x0,
    0x2, 0xed, 0x30, 0x0, 0x0, 0x0, 0x0, 0x0,
    0x0, 0x2c, 0xfc, 0x75, 0x57, 0xbb, 0x0, 0x0,
    0x0, 0x0, 0x5a, 0xdf, 0xfe, 0xb6, 0x0, 0x0,

    /* U+0041 "A" */
    0x0, 0x0, 0xf, 0xf4, 0x0, 0x0, 0x0, 0x0,
    0x6f, 0xe9, 0x0, 0x0, 0x0, 0x0, 0xcc, 0x8f,
    0x0, 0x0, 0x0, 0x1, 0xf7, 0x3f, 0x50, 0x0,
    0x0, 0x7, 0xf2, 0xe, 0xb0, 0x0, 0x0, 0xd,
    0xc0, 0x8, 0xf1, 0x0, 0x0, 0x3f, 0x60, 0x3,
    0xf7, 0x0, 0x0, 0x9f, 0x32, 0x22, 0xed, 0x0,
    0x0, 0xef, 0xff, 0xff, 0xff, 0x30, 0x5, 0xf8,
    0x55, 0x55, 0x6f, 0x90, 0xb, 0xf0, 0x0, 0x0,
    0xc, 0xe0, 0x1f, 0xa0, 0x0, 0x0, 0x6, 0xf5,
    0x6f, 0x50, 0x0, 0x0, 0x1, 0xfb,

    /* U+0042 "B" */
    0x7f, 0xff, 0xff, 0xd7, 0x0, 0x7f, 0x87, 0x77,
    0xcf, 0x90, 0x7f, 0x20, 0x0, 0xa, 0xf1, 0x7f,
    0x20, 0x0, 0x5, 0xf3, 0x7f, 0x20, 0x0, 0x8,
    0xf1, 0x7f, 0x42, 0x22, 0x7f, 0x80, 0x7f, 0xff,
    0xff, 0xfa, 0x10, 0x7f, 0x65, 0x55, 0x7e, 0xe1,
    0x7f, 0x20, 0x0, 0x2, 0xf9, 0x7f, 0x20, 0x0,
    0x0, 0xdc, 0x7f, 0x20, 0x0, 0x2, 0xfa, 0x7f,
    0x97, 0x77, 0x9f, 0xf3, 0x7f, 0xff, 0xff, 0xea,
    0x30,

    /* U+0043 "C" */
    0x0, 0x18, 0xdf, 0xfc, 0x60, 0x0, 0x2, 0xef,
    0xc9, 0x9d, 0xfb, 0x0, 0xd, 0xf4, 0x0, 0x0,
    0x8f, 0x80, 0x6f, 0x60, 0x0, 0x0, 0xc, 0xf0,
    0xbe, 0x0, 0x0, 0x0, 0x1, 0x30, 0xeb, 0x0,
    0x0, 0x0, 0x0, 0x0, 0xfa, 0x0, 0x0, 0x0,
    0x0, 0x0, 0xeb, 0x0, 0x0, 0x0, 0x0, 0x0,
    0xbe, 0x0, 0x0, 0x0, 0x1, 0x30, 0x6f, 0x60,
    0x0, 0x0, 0xb, 0xf0, 0xd, 0xf4, 0x0, 0x0,
    0x8f, 0x80, 0x2, 0xef, 0xc9, 0x9d, 0xfb, 0x0,
    0x0, 0x18, 0xdf, 0xfc, 0x60, 0x0,

    /* U+0044 "D" */
    0x7f, 0xff, 0xff, 0xc7, 0x0, 0x7, 0xf9, 0x77,
    0x8c, 0xfd, 0x20, 0x7f, 0x20, 0x0, 0x4, 0xfc,
    0x7, 0xf2, 0x0, 0x0, 0x7, 0xf5, 0x7f, 0x20,
    0x0, 0x0, 0xf, 0x97, 0xf2, 0x0, 0x0, 0x0,
    0xdc, 0x7f, 0x20, 0x0, 0x0, 0xc, 0xd7, 0xf2,
    0x0, 0x0, 0x0, 0xdc, 0x7f, 0x20, 0x0, 0x0,
    0x1f, 0x97, 0xf2, 0x0, 0x0, 0x7, 0xf4, 0x7f,
    0x20, 0x0, 0x5, 0xfc, 0x7, 0xf9, 0x77, 0x9d,
    0xfd, 0x10, 0x7f, 0xff, 0xff, 0xc7, 0x0, 0x0,

    /* U+0045 "E" */
    0x7f, 0xff, 0xff, 0xff, 0x97, 0xf8, 0x77, 0x77,
    0x74, 0x7f, 0x20, 0x0, 0x0, 0x7, 0xf2, 0x0,
    0x0, 0x0, 0x7f, 0x20, 0x0, 0x0, 0x7, 0xf9,
    0x88, 0x88, 0x81, 0x7f, 0xff, 0xff, 0xff, 0x27,
    0xf2, 0x0, 0x0, 0x0, 0x7f, 0x20, 0x0, 0x0,
    0x7, 0xf2, 0x0, 0x0, 0x0, 0x7f, 0x20, 0x0,
    0x0, 0x7, 0xf9, 0x77, 0x77, 0x75, 0x7f, 0xff,
    0xff, 0xff, 0xa0,

    /* U+0046 "F" */
    0x7f, 0xff, 0xff, 0xff, 0x87, 0xf8, 0x77, 0x77,
    0x73, 0x7f, 0x20, 0x0, 0x0, 0x7, 0xf2, 0x0,
    0x0, 0x0, 0x7f, 0x20, 0x0, 0x0, 0x7, 0xf4,
    0x22, 0x22, 0x20, 0x7f, 0xff, 0xff, 0xff, 0x7,
    0xf7, 0x55, 0x55, 0x40, 0x7f, 0x20, 0x0, 0x0,
    0x7, 0xf2, 0x0, 0x0, 0x0, 0x7f, 0x20, 0x0,
    0x0, 0x7, 0xf2, 0x0, 0x0, 0x0, 0x7f, 0x20,
    0x0, 0x0, 0x0,

    /* U+0047 "G" */
    0x0, 0x18, 0xdf, 0xfc, 0x60, 0x0, 0x2, 0xef,
    0xc9, 0x9d, 0xfc, 0x10, 0xd, 0xf4, 0x0, 0x0,
    0x7f, 0xa0, 0x6f, 0x60, 0x0, 0x0, 0x9, 0xd1,
    0xce, 0x0, 0x0, 0x0, 0x0, 0x0, 0xeb, 0x0,
    0x0, 0x12, 0x22, 0x20, 0xfa, 0x0, 0x0, 0xbf,
    0xff, 0xf5, 0xeb, 0x0, 0x0, 0x35, 0x58, 0xf4,
    0xce, 0x0, 0x0, 0x0, 0x7, 0xf3, 0x6f, 0x60,
    0x0, 0x0, 0xd, 0xe0, 0xd, 0xf4, 0x0, 0x0,
    0x9f, 0x70, 0x2, 0xef, 0xc9, 0x9e, 0xfa, 0x0,
    0x0, 0x18, 0xdf, 0xfc, 0x60, 0x0,

    /* U+0048 "H" */
    0x7f, 0x20, 0x0, 0x0, 0xf, 0xb7, 0xf2, 0x0,
    0x0, 0x0, 0xfb, 0x7f, 0x20, 0x0, 0x0, 0xf,
    0xb7, 0xf2, 0x0, 0x0, 0x0, 0xfb, 0x7f, 0x20,
    0x0, 0x0, 0xf, 0xb7, 0xf4, 0x22, 0x22, 0x22,
    0xfb, 0x7f, 0xff, 0xff, 0xff, 0xff, 0xb7, 0xf7,
    0x55, 0x55, 0x55, 0xfb, 0x7f, 0x20, 0x0, 0x0,
    0xf, 0xb7, 0xf2, 0x0, 0x0, 0x0, 0xfb, 0x7f,
    0x20, 0x0, 0x0, 0xf, 0xb7, 0xf2, 0x0, 0x0,
    0x0, 0xfb, 0x7f, 0x20, 0x0, 0x0, 0xf, 0xb0,

    /* U+0049 "I" */
    0x7f, 0x27, 0xf2, 0x7f, 0x27, 0xf2, 0x7f, 0x27,
    0xf2, 0x7f, 0x27, 0xf2, 0x7f, 0x27, 0xf2, 0x7f,
    0x27, 0xf2, 0x7f, 0x20,

    /* U+004A "J" */
    0x0, 0x0, 0x0, 0xf, 0xa0, 0x0, 0x0, 0x0,
    0xfa, 0x0, 0x0, 0x0, 0xf, 0xa0, 0x0, 0x0,
    0x0, 0xfa, 0x0, 0x0, 0x0, 0xf, 0xa0, 0x0,
    0x0, 0x0, 0xfa, 0x0, 0x0, 0x0, 0xf, 0xa0,
    0x0, 0x0, 0x0, 0xfa, 0x19, 0x40, 0x0, 0xf,
    0xa2, 0xf8, 0x0, 0x0, 0xf9, 0xf, 0xd0, 0x0,
    0x5f, 0x60, 0x7f, 0xc8, 0x9f, 0xe1, 0x0, 0x6d,
    0xfe, 0xa1, 0x0,

    /* U+004B "K" */
    0x7f, 0x20, 0x0, 0x3, 0xfe, 0x27, 0xf2, 0x0,
    0x2, 0xee, 0x20, 0x7f, 0x20, 0x1, 0xef, 0x30,
    0x7, 0xf2, 0x1, 0xdf, 0x30, 0x0, 0x7f, 0x20,
    0xcf, 0x40, 0x0, 0x7, 0xf2, 0xbf, 0x70, 0x0,
    0x0, 0x7f, 0xcf, 0xfc, 0x0, 0x0, 0x7, 0xff,
    0x56, 0xf8, 0x0, 0x0, 0x7f, 0x60, 0xa, 0xf4,
    0x0, 0x7, 0xf2, 0x0, 0x1e, 0xe1, 0x0, 0x7f,
    0x20, 0x0, 0x4f, 0xb0, 0x7, 0xf2, 0x0, 0x0,
    0x8f, 0x60, 0x7f, 0x20, 0x0, 0x0, 0xcf, 0x20,

    /* U+004C "L" */
    0x7f, 0x20, 0x0, 0x0, 0x7, 0xf2, 0x0, 0x0,
    0x0, 0x7f, 0x20, 0x0, 0x0, 0x7, 0xf2, 0x0,
    0x0, 0x0, 0x7f, 0x20, 0x0, 0x0, 0x7, 0xf2,
    0x0, 0x0, 0x0, 0x7f, 0x20, 0x0, 0x0, 0x7,
    0xf2, 0x0, 0x0, 0x0, 0x7f, 0x20, 0x0, 0x0,
    0x7, 0xf2, 0x0, 0x0, 0x0, 0x7f, 0x20, 0x0,
    0x0, 0x7, 0xf9, 0x77, 0x77, 0x72, 0x7f, 0xff,
    0xff, 0xff, 0x40,

    /* U+004D "M" */
    0x7f, 0xf1, 0x0, 0x0, 0x0, 0xf, 0xf9, 0x7f,
    0xf6, 0x0, 0x0, 0x0, 0x5f, 0xf9, 0x7f, 0xbd,
    0x0, 0x0, 0x0, 0xcb, 0xf9, 0x7f, 0x6f, 0x30,
    0x0, 0x2, 0xf6, 0xf9, 0x7f, 0x2f, 0x90, 0x0,
    0x8, 0xf2, 0xf9, 0x7f, 0x19, 0xf0, 0x0, 0xe,
    0xa1, 0xf9, 0x7f, 0x13, 0xf6, 0x0, 0x4f, 0x41,
    0xf9, 0x7f, 0x10, 0xdc, 0x0, 0xbd, 0x1, 0xf9,
    0x7f, 0x10, 0x7f, 0x31, 0xf7, 0x1, 0xf9, 0x7f,
    0x10, 0x1f, 0x86, 0xf1, 0x1, 0xf9, 0x7f, 0x10,
    0xa, 0xdc, 0xb0, 0x1, 0xf9, 0x7f, 0x10, 0x4,
    0xff, 0x50, 0x1, 0xf9, 0x7f, 0x10, 0x0, 0xde,
    0x0, 0x1, 0xf9,

    /* U+004E "N" */
    0x7f, 0xc0, 0x0, 0x0, 0xc, 0xd7, 0xff, 0x60,
    0x0, 0x0, 0xcd, 0x7f, 0xcf, 0x10, 0x0, 0xc,
    0xd7, 0xf4, 0xfb, 0x0, 0x0, 0xcd, 0x7f, 0x28,
    0xf5, 0x0, 0xc, 0xd7, 0xf2, 0xd, 0xe1, 0x0,
    0xcd, 0x7f, 0x20, 0x4f, 0x90, 0xc, 0xd7, 0xf2,
    0x0, 0x9f, 0x40, 0xcd, 0x7f, 0x20, 0x1, 0xed,
    0xc, 0xd7, 0xf2, 0x0, 0x5, 0xf7, 0xcd, 0x7f,
    0x20, 0x0, 0xa, 0xfc, 0xd7, 0xf2, 0x0, 0x0,
    0x1f, 0xfd, 0x7f, 0x20, 0x0, 0x0, 0x6f, 0xd0,

    /* U+004F "O" */
    0x0, 0x18, 0xdf, 0xfc, 0x60, 0x0, 0x2, 0xef,
    0xc9, 0x9e, 0xfb, 0x0, 0xd, 0xf4, 0x0, 0x0,
    0x8f, 0x90, 0x6f, 0x60, 0x0, 0x0, 0xa, 0xf2,
    0xbe, 0x0, 0x0, 0x0, 0x3, 0xf7, 0xeb, 0x0,
    0x0, 0x0, 0x0, 0xf9, 0xfa, 0x0, 0x0, 0x0,
    0x0, 0xea, 0xeb, 0x0, 0x0, 0x0, 0x0, 0xf9,
    0xbe, 0x0, 0x0, 0x0, 0x3, 0xf7, 0x6f, 0x60,
    0x0, 0x0, 0xa, 0xf2, 0xd, 0xf4, 0x0, 0x0,
    0x8f, 0x90, 0x2, 0xef, 0xc9, 0x9e, 0xfb, 0x0,
    0x0, 0x18, 0xdf, 0xfc, 0x60, 0x0,

    /* U+0050 "P" */
    0x7f, 0xff, 0xff, 0xd7, 0x0, 0x7f, 0x87, 0x78,
    0xcf, 0xa0, 0x7f, 0x20, 0x0, 0xa, 0xf3, 0x7f,
    0x20, 0x0, 0x3, 0xf7, 0x7f, 0x20, 0x0, 0x2,
    0xf7, 0x7f, 0x20, 0x0, 0x6, 0xf5, 0x7f, 0x42,
    0x22, 0x7f, 0xd0, 0x7f, 0xff, 0xff, 0xfc, 0x20,
    0x7f, 0x75, 0x54, 0x20, 0x0, 0x7f, 0x20, 0x0,
    0x0, 0x0, 0x7f, 0x20, 0x0, 0x0, 0x0, 0x7f,
    0x20, 0x0, 0x0, 0x0, 0x7f, 0x20, 0x0, 0x0,
    0x0,

    /* U+0051 "Q" */
    0x0, 0x18, 0xdf, 0xfc, 0x60, 0x0, 0x2, 0xef,
    0xc9, 0x9e, 0xfb, 0x0, 0xd, 0xf4, 0x0, 0x0,
    0x8f, 0x90, 0x6f, 0x60, 0x0, 0x0, 0xa, 0xf2,
    0xbe, 0x0, 0x0, 0x0, 0x3, 0xf7, 0xeb, 0x0,
    0x0, 0x0, 0x0, 0xf9, 0xfa, 0x0, 0x0, 0x0,
    0x0, 0xea, 0xeb, 0x0, 0x0, 0x0, 0x0, 0xf9,
    0xbe, 0x0, 0x1, 0x20, 0x3, 0xf7, 0x6f, 0x60,
    0x3, 0xf8, 0xa, 0xf2, 0xd, 0xf4, 0x0, 0x6f,
    0xbf, 0x90, 0x2, 0xef, 0xc9, 0x9f, 0xfc, 0x0,
    0x0, 0x18, 0xdf, 0xfc, 0xdd, 0x0, 0x0, 0x0,
    0x0, 0x0, 0x2f, 0xa0,

    /* U+0052 "R" */
    0x7f, 0xff, 0xff, 0xd8, 0x0, 0x7f, 0x87, 0x78,
    0xbf, 0xb0, 0x7f, 0x20, 0x0, 0x8, 0xf4, 0x7f,
    0x20, 0x0, 0x2, 0xf8, 0x7f, 0x20, 0x0, 0x2,
    0xf8, 0x7f, 0x20, 0x0, 0x8, 0xf4, 0x7f, 0x98,
    0x88, 0xcf, 0xb0, 0x7f, 0xff, 0xff, 0xf8, 0x0,
    0x7f, 0x20, 0x6, 0xf7, 0x0, 0x7f, 0x20, 0x0,
    0xdf, 0x10, 0x7f, 0x20, 0x0, 0x4f, 0x90, 0x7f,
    0x20, 0x0, 0xc, 0xf2, 0x7f, 0x20, 0x0, 0x3,
    0xfb,

    /* U+0053 "S" */
    0x0, 0x18, 0xdf, 0xfc, 0x50, 0x0, 0x1d, 0xfa,
    0x88, 0xdf, 0x70, 0x8, 0xf4, 0x0, 0x0, 0xcf,
    0x10, 0xae, 0x0, 0x0, 0x3, 0x82, 0x8, 0xf5,
    0x0, 0x0, 0x0, 0x0, 0xc, 0xfc, 0x62, 0x0,
    0x0, 0x0, 0x6, 0xbf, 0xfd, 0x70, 0x0, 0x0,
    0x0, 0x4, 0x9f, 0xc0, 0x0, 0x0, 0x0, 0x0,
    0x5f, 0x50, 0xb8, 0x0, 0x0, 0x2, 0xf7, 0xc,
    0xf3, 0x0, 0x0, 0xaf, 0x40, 0x3f, 0xfb, 0x89,
    0xdf, 0xa0, 0x0, 0x29, 0xef, 0xfc, 0x60, 0x0,

    /* U+0054 "T" */
    0x3f, 0xff, 0xff, 0xff, 0xff, 0xb1, 0x77, 0x78,
    0xfc, 0x77, 0x75, 0x0, 0x0, 0x1f, 0x90, 0x0,
    0x0, 0x0, 0x1, 0xf9, 0x0, 0x0, 0x0, 0x0,
    0x1f, 0x90, 0x0, 0x0, 0x0, 0x1, 0xf9, 0x0,
    0x0, 0x0, 0x0, 0x1f, 0x90, 0x0, 0x0, 0x0,
    0x1, 0xf9, 0x0, 0x0, 0x0, 0x0, 0x1f, 0x90,
    0x0, 0x0, 0x0, 0x1, 0xf9, 0x0, 0x0, 0x0,
    0x0, 0x1f, 0x90, 0x0, 0x0, 0x0, 0x1, 0xf9,
    0x0, 0x0, 0x0, 0x0, 0x1f, 0x90, 0x0, 0x0,

    /* U+0055 "U" */
    0x8f, 0x20, 0x0, 0x0, 0xe, 0xb8, 0xf2, 0x0,
    0x0, 0x0, 0xeb, 0x8f, 0x20, 0x0, 0x0, 0xe,
    0xb8, 0xf2, 0x0, 0x0, 0x0, 0xeb, 0x8f, 0x20,
    0x0, 0x0, 0xe, 0xb8, 0xf2, 0x0, 0x0, 0x0,
    0xeb, 0x8f, 0x20, 0x0, 0x0, 0xe, 0xb8, 0xf2,
    0x0, 0x0, 0x0, 0xeb, 0x7f, 0x20, 0x0, 0x0,
    0xf, 0xb5, 0xf6, 0x0, 0x0, 0x2, 0xf9, 0x1f,
    0xe2, 0x0, 0x1, 0xcf, 0x30, 0x4f, 0xfb, 0x9a,
    0xff, 0x70, 0x0, 0x2a, 0xef, 0xeb, 0x40, 0x0,

    /* U+0056 "V" */
    0x6f, 0x50, 0x0, 0x0, 0x1, 0xfb, 0x1f, 0xa0,
    0x0, 0x0, 0x6, 0xf5, 0xa, 0xf1, 0x0, 0x0,
    0xb, 0xe0, 0x5, 0xf6, 0x0, 0x0, 0x1f, 0x90,
    0x0, 0xec, 0x0, 0x0, 0x7f, 0x30, 0x0, 0x9f,
    0x10, 0x0, 0xcd, 0x0, 0x0, 0x3f, 0x70, 0x2,
    0xf7, 0x0, 0x0, 0xd, 0xd0, 0x7, 0xf2, 0x0,
    0x0, 0x7, 0xf2, 0xd, 0xc0, 0x0, 0x0, 0x1,
    0xf8, 0x2f, 0x60, 0x0, 0x0, 0x0, 0xbd, 0x7f,
    0x0, 0x0, 0x0, 0x0, 0x5f, 0xea, 0x0, 0x0,
    0x0, 0x0, 0xf, 0xf4, 0x0, 0x0,

    /* U+0057 "W" */
    0x7f, 0x30, 0x0, 0x4, 0xfd, 0x0, 0x0, 0xa,
    0xf1, 0x3f, 0x70, 0x0, 0x8, 0xff, 0x20, 0x0,
    0xe, 0xc0, 0xe, 0xb0, 0x0, 0xc, 0xbf, 0x60,
    0x0, 0x2f, 0x80, 0xa, 0xf0, 0x0, 0x1f, 0x7d,
    0xa0, 0x0, 0x6f, 0x30, 0x5, 0xf4, 0x0, 0x5f,
    0x39, 0xe0, 0x0, 0xaf, 0x0, 0x1, 0xf8, 0x0,
    0x9e, 0x5, 0xf2, 0x0, 0xea, 0x0, 0x0, 0xdc,
    0x0, 0xda, 0x1, 0xf7, 0x3, 0xf6, 0x0, 0x0,
    0x8f, 0x2, 0xf6, 0x0, 0xcb, 0x7, 0xf2, 0x0,
    0x0, 0x4f, 0x46, 0xf1, 0x0, 0x8f, 0xb, 0xd0,
    0x0, 0x0, 0xf, 0x8a, 0xd0, 0x0, 0x4f, 0x3e,
    0x90, 0x0, 0x0, 0xb, 0xbd, 0x90, 0x0, 0xf,
    0x9f, 0x40, 0x0, 0x0, 0x7, 0xff, 0x40, 0x0,
    0xb, 0xff, 0x0, 0x0, 0x0, 0x2, 0xff, 0x0,
    0x0, 0x7, 0xfb, 0x0, 0x0,

    /* U+0058 "X" */
    0xd, 0xe1, 0x0, 0x0, 0xc, 0xf2, 0x3, 0xfa,
    0x0, 0x0, 0x7f, 0x60, 0x0, 0x8f, 0x50, 0x3,
    0xfb, 0x0, 0x0, 0xd, 0xe1, 0xd, 0xe1, 0x0,
    0x0, 0x2, 0xfa, 0x7f, 0x40, 0x0, 0x0, 0x0,
    0x7f, 0xf9, 0x0, 0x0, 0x0, 0x0, 0x1f, 0xf3,
    0x0, 0x0, 0x0, 0x0, 0xaf, 0xed, 0x0, 0x0,
    0x0, 0x6, 0xf6, 0x4f, 0x90, 0x0, 0x0, 0x2f,
    0xb0, 0xa, 0xf4, 0x0, 0x0, 0xcf, 0x10, 0x1,
    0xee, 0x10, 0x8, 0xf5, 0x0, 0x0, 0x4f, 0xa0,
    0x3f, 0xa0, 0x0, 0x0, 0x8, 0xf5,

    /* U+0059 "Y" */
    0x4f, 0x90, 0x0, 0x0, 0x8, 0xf6, 0xa, 0xf3,
    0x0, 0x0, 0x2f, 0xb0, 0x1, 0xfd, 0x0, 0x0,
    0xcf, 0x20, 0x0, 0x6f, 0x70, 0x6, 0xf7, 0x0,
    0x0, 0xc, 0xf2, 0x1e, 0xd0, 0x0, 0x0, 0x2,
    0xfa, 0x9f, 0x30, 0x0, 0x0, 0x0, 0x8f, 0xf9,
    0x0, 0x0, 0x0, 0x0, 0xe, 0xf1, 0x0, 0x0,
    0x0, 0x0, 0xc, 0xd0, 0x0, 0x0, 0x0, 0x0,
    0xc, 0xd0, 0x0, 0x0, 0x0, 0x0, 0xc, 0xd0,
    0x0, 0x0, 0x0, 0x0, 0xc, 0xd0, 0x0, 0x0,
    0x0, 0x0, 0xc, 0xd0, 0x0, 0x0,

    /* U+005A "Z" */
    0xff, 0xff, 0xff, 0xff, 0xf3, 0x77, 0x77, 0x77,
    0x7e, 0xf1, 0x0, 0x0, 0x0, 0x7f, 0x50, 0x0,
    0x0, 0x3, 0xfa, 0x0, 0x0, 0x0, 0xd, 0xe0,
    0x0, 0x0, 0x0, 0x9f, 0x30, 0x0, 0x0, 0x4,
    0xf8, 0x0, 0x0, 0x0, 0x1e, 0xc0, 0x0, 0x0,
    0x0, 0xbf, 0x20, 0x0, 0x0, 0x6, 0xf6, 0x0,
    0x0, 0x0, 0x2f, 0xa0, 0x0, 0x0, 0x0, 0xcf,
    0x87, 0x77, 0x77, 0x72, 0xff, 0xff, 0xff, 0xff,
    0xf5,

    /* U+005B "[" */
    0x1, 0x11, 0x2, 0xff, 0xf5, 0x2f, 0x84, 0x12,
    0xf5, 0x0, 0x2f, 0x50, 0x2, 0xf5, 0x0, 0x2f,
    0x50, 0x2, 0xf5, 0x0, 0x2f, 0x50, 0x2, 0xf5,
    0x0, 0x2f, 0x50, 0x2, 0xf5, 0x0, 0x2f, 0x50,
    0x2, 0xf5, 0x0, 0x2f, 0x50, 0x2, 0xf6, 0x10,
    0x2f, 0xff, 0x50, 0x44, 0x41,

    /* U+005C "\\" */
    0x8e, 0x0, 0x0, 0x4f, 0x20, 0x0, 0xf, 0x70,
    0x0, 0xb, 0xb0, 0x0, 0x7, 0xf0, 0x0, 0x3,
    0xf3, 0x0, 0x0, 0xe7, 0x0, 0x0, 0xac, 0x0,
    0x0, 0x6f, 0x0, 0x0, 0x2f, 0x40, 0x0, 0xe,
    0x80, 0x0, 0xa, 0xd0, 0x0, 0x5, 0xf1, 0x0,
    0x1, 0xf5, 0x0, 0x0, 0xd9, 0x0, 0x0, 0x9d,

    /* U+005D "]" */
    0x11, 0x10, 0xff, 0xf7, 0x45, 0xf7, 0x1, 0xf7,
    0x1, 0xf7, 0x1, 0xf7, 0x1, 0xf7, 0x1, 0xf7,
    0x1, 0xf7, 0x1, 0xf7, 0x1, 0xf7, 0x1, 0xf7,
    0x1, 0xf7, 0x1, 0xf7, 0x1, 0xf7, 0x12, 0xf7,
    0xff, 0xf7, 0x44, 0x41,

    /* U+005E "^" */
    0x0, 0x7, 0x91, 0x0, 0x0, 0x3f, 0xf9, 0x0,
    0x0, 0xbc, 0x7f, 0x10, 0x3, 0xf5, 0xe, 0x80,
    0xb, 0xd0, 0x7, 0xf1, 0x1d, 0x50, 0x1, 0xc6,

    /* U+005F "_" */
    0x22, 0x22, 0x22, 0x22, 0xf, 0xff, 0xff, 0xff,
    0xf3, 0x55, 0x55, 0x55, 0x55, 0x10,

    /* U+0060 "`" */
    0x57, 0x0, 0x3f, 0x60, 0x7, 0xe0,

    /* U+0061 "a" */
    0x0, 0x5c, 0xff, 0xb3, 0x0, 0x6f, 0xc7, 0x7d,
    0xf2, 0x8, 0xa0, 0x0, 0x1f, 0x80, 0x0, 0x0,
    0x1, 0xf9, 0x0, 0x59, 0xce, 0xff, 0x90, 0xbf,
    0xb8, 0x52, 0xf9, 0x2f, 0x80, 0x0, 0xf, 0x92,
    0xf6, 0x0, 0x6, 0xf9, 0xd, 0xf8, 0x7a, 0xdf,
    0x90, 0x1a, 0xff, 0xb2, 0xf9,

    /* U+0062 "b" */
    0xae, 0x0, 0x0, 0x0, 0xa, 0xe0, 0x0, 0x0,
    0x0, 0xae, 0x0, 0x0, 0x0, 0xa, 0xe2, 0xbf,
    0xfa, 0x10, 0xae, 0xda, 0x79, 0xfd, 0x1a, 0xf8,
    0x0, 0x4, 0xf8, 0xaf, 0x0, 0x0, 0xd, 0xda,
    0xd0, 0x0, 0x0, 0xaf, 0xad, 0x0, 0x0, 0xa,
    0xfa, 0xf1, 0x0, 0x0, 0xdd, 0xaf, 0x80, 0x0,
    0x4f, 0x8a, 0xed, 0xa7, 0x9f, 0xd1, 0xad, 0x1b,
    0xff, 0xa1, 0x0,

    /* U+0063 "c" */
    0x0, 0x1a, 0xef, 0xd6, 0x0, 0x1, 0xef, 0x87,
    0xbf, 0x90, 0xa, 0xf2, 0x0, 0x9, 0xf1, 0xf,
    0xa0, 0x0, 0x0, 0x0, 0x1f, 0x70, 0x0, 0x0,
    0x0, 0x1f, 0x70, 0x0, 0x0, 0x0, 0xf, 0xa0,
    0x0, 0x0, 0x10, 0xa, 0xf2, 0x0, 0x9, 0xf1,
    0x1, 0xef, 0x87, 0xbf, 0x80, 0x0, 0x1a, 0xef,
    0xd6, 0x0,

    /* U+0064 "d" */
    0x0, 0x0, 0x0, 0x0, 0xf8, 0x0, 0x0, 0x0,
    0x0, 0xf8, 0x0, 0x0, 0x0, 0x0, 0xf8, 0x0,
    0x2b, 0xff, 0xa1, 0xf8, 0x2, 0xfe, 0x87, 0xcc,
    0xf8, 0xa, 0xf2, 0x0, 0xb, 0xf8, 0xf, 0xa0,
    0x0, 0x3, 0xf8, 0x1f, 0x70, 0x0, 0x0, 0xf8,
    0x1f, 0x70, 0x0, 0x0, 0xf8, 0xf, 0xa0, 0x0,
    0x3, 0xf8, 0xa, 0xf2, 0x0, 0xb, 0xf8, 0x2,
    0xfe, 0x87, 0xcb, 0xf8, 0x0, 0x2b, 0xff, 0xa0,
    0xf8,

    /* U+0065 "e" */
    0x0, 0x1a, 0xef, 0xd6, 0x0, 0x1, 0xee, 0x86,
    0xbf, 0x80, 0xa, 0xe1, 0x0, 0xa, 0xf2, 0xf,
    0x91, 0x11, 0x14, 0xf6, 0x1f, 0xff, 0xff, 0xff,
    0xf7, 0x1f, 0x94, 0x44, 0x44, 0x42, 0xf, 0x90,
    0x0, 0x0, 0x0, 0xa, 0xf2, 0x0, 0x7, 0xe2,
    0x1, 0xef, 0x87, 0xaf, 0xb0, 0x0, 0x1a, 0xef,
    0xd8, 0x0,

    /* U+0066 "f" */
    0x0, 0x2b, 0xfe, 0x0, 0xc, 0xf8, 0x60, 0x0,
    0xfa, 0x0, 0xd, 0xff, 0xff, 0xc0, 0x45, 0xfc,
    0x54, 0x0, 0xf, 0x90, 0x0, 0x0, 0xf9, 0x0,
    0x0, 0xf, 0x90, 0x0, 0x0, 0xf9, 0x0, 0x0,
    0xf, 0x90, 0x0, 0x0, 0xf9, 0x0, 0x0, 0xf,
    0x90, 0x0, 0x0, 0xf9, 0x0, 0x0,

    /* U+0067 "g" */
    0x0, 0x2b, 0xff, 0xa1, 0xf8, 0x2, 0xef, 0x87,
    0xcb, 0xf8, 0xa, 0xf2, 0x0, 0xb, 0xf8, 0xf,
    0xa0, 0x0, 0x3, 0xf8, 0x1f, 0x70, 0x0, 0x0,
    0xf8, 0x1f, 0x70, 0x0, 0x0, 0xf8, 0xf, 0xa0,
    0x0, 0x3, 0xf8, 0xb, 0xf2, 0x0, 0xa, 0xf8,
    0x2, 0xfe, 0x86, 0xbc, 0xf8, 0x0, 0x3b, 0xff,
    0xa1, 0xf8, 0x0, 0x0, 0x0, 0x1, 0xf7, 0x4,
    0xa0, 0x0, 0x6, 0xf5, 0x4, 0xfd, 0x76, 0x9f,
    0xd0, 0x0, 0x4b, 0xff, 0xd8, 0x10,

    /* U+0068 "h" */
    0xae, 0x0, 0x0, 0x0, 0xa, 0xe0, 0x0, 0x0,
    0x0, 0xae, 0x0, 0x0, 0x0, 0xa, 0xe1, 0xbf,
    0xe9, 0x0, 0xae, 0xc9, 0x7b, 0xf9, 0xa, 0xf5,
    0x0, 0xc, 0xf0, 0xaf, 0x0, 0x0, 0x7f, 0x2a,
    0xe0, 0x0, 0x7, 0xf2, 0xae, 0x0, 0x0, 0x7f,
    0x2a, 0xe0, 0x0, 0x7, 0xf2, 0xae, 0x0, 0x0,
    0x7f, 0x2a, 0xe0, 0x0, 0x7, 0xf2, 0xae, 0x0,
    0x0, 0x7f, 0x20,

    /* U+0069 "i" */
    0xbe, 0x1d, 0xf1, 0x0, 0xa, 0xe0, 0xae, 0xa,
    0xe0, 0xae, 0xa, 0xe0, 0xae, 0xa, 0xe0, 0xae,
    0xa, 0xe0, 0xae, 0x0,

    /* U+006A "j" */
    0x0, 0xbe, 0x10, 0xd, 0xf1, 0x0, 0x0, 0x0,
    0xb, 0xe0, 0x0, 0xbe, 0x0, 0xb, 0xe0, 0x0,
    0xbe, 0x0, 0xb, 0xe0, 0x0, 0xbe, 0x0, 0xb,
    0xe0, 0x0, 0xbe, 0x0, 0xb, 0xe0, 0x0, 0xbe,
    0x0, 0xb, 0xe0, 0x0, 0xcd, 0x2, 0x8f, 0x90,
    0x4f, 0xb1, 0x0,

    /* U+006B "k" */
    0xae, 0x0, 0x0, 0x0, 0xa, 0xe0, 0x0, 0x0,
    0x0, 0xae, 0x0, 0x0, 0x0, 0xa, 0xe0, 0x0,
    0x3f, 0xb0, 0xae, 0x0, 0x3f, 0xc0, 0xa, 0xe0,
    0x2e, 0xc0, 0x0, 0xae, 0x1e, 0xd1, 0x0, 0xa,
    0xfd, 0xf5, 0x0, 0x0, 0xaf, 0xce, 0xe1, 0x0,
    0xa, 0xf0, 0x3f, 0xc0, 0x0, 0xae, 0x0, 0x6f,
    0x90, 0xa, 0xe0, 0x0, 0xaf, 0x50, 0xae, 0x0,
    0x0, 0xdf, 0x20,

    /* U+006C "l" */
    0xae, 0xae, 0xae, 0xae, 0xae, 0xae, 0xae, 0xae,
    0xae, 0xae, 0xae, 0xae, 0xae,

    /* U+006D "m" */
    0xad, 0x3c, 0xfd, 0x40, 0x9e, 0xfb, 0x20, 0xae,
    0xc5, 0x5c, 0xfb, 0xa4, 0x6e, 0xd0, 0xaf, 0x20,
    0x1, 0xfc, 0x0, 0x6, 0xf3, 0xae, 0x0, 0x0,
    0xf9, 0x0, 0x4, 0xf4, 0xae, 0x0, 0x0, 0xf9,
    0x0, 0x4, 0xf4, 0xae, 0x0, 0x0, 0xf9, 0x0,
    0x4, 0xf4, 0xae, 0x0, 0x0, 0xf9, 0x0, 0x4,
    0xf4, 0xae, 0x0, 0x0, 0xf9, 0x0, 0x4, 0xf4,
    0xae, 0x0, 0x0, 0xf9, 0x0, 0x4, 0xf4, 0xae,
    0x0, 0x0, 0xf9, 0x0, 0x4, 0xf4,

    /* U+006E "n" */
    0xad, 0x3c, 0xfe, 0x90, 0xa, 0xed, 0x75, 0x9f,
    0x90, 0xaf, 0x40, 0x0, 0xbf, 0xa, 0xe0, 0x0,
    0x7, 0xf1, 0xae, 0x0, 0x0, 0x7f, 0x2a, 0xe0,
    0x0, 0x7, 0xf2, 0xae, 0x0, 0x0, 0x7f, 0x2a,
    0xe0, 0x0, 0x7, 0xf2, 0xae, 0x0, 0x0, 0x7f,
    0x2a, 0xe0, 0x0, 0x7, 0xf2,

    /* U+006F "o" */
    0x0, 0x1a, 0xef, 0xd6, 0x0, 0x1, 0xef, 0x87,
    0xbf, 0x90, 0xa, 0xf2, 0x0, 0x9, 0xf3, 0xf,
    0xa0, 0x0, 0x1, 0xf8, 0x1f, 0x70, 0x0, 0x0,
    0xeb, 0x1f, 0x70, 0x0, 0x0, 0xdb, 0xf, 0xa0,
    0x0, 0x1, 0xf8, 0xa, 0xf2, 0x0, 0x9, 0xf3,
    0x1, 0xef, 0x87, 0xbf, 0x90, 0x0, 0x1a, 0xef,
    0xd6, 0x0,

    /* U+0070 "p" */
    0xad, 0x2b, 0xff, 0xa1, 0xa, 0xee, 0x84, 0x7e,
    0xd1, 0xaf, 0x70, 0x0, 0x3f, 0x8a, 0xf0, 0x0,
    0x0, 0xcd, 0xad, 0x0, 0x0, 0xa, 0xfa, 0xe0,
    0x0, 0x0, 0xaf, 0xaf, 0x10, 0x0, 0xd, 0xda,
    0xf8, 0x0, 0x5, 0xf8, 0xae, 0xda, 0x79, 0xfd,
    0x1a, 0xe1, 0xbf, 0xfa, 0x10, 0xae, 0x0, 0x0,
    0x0, 0xa, 0xe0, 0x0, 0x0, 0x0, 0xae, 0x0,
    0x0, 0x0, 0xa, 0xe0, 0x0, 0x0, 0x0,

    /* U+0071 "q" */
    0x0, 0x2b, 0xff, 0xa1, 0xf8, 0x2, 0xfe, 0x87,
    0xcb, 0xf8, 0xa, 0xf2, 0x0, 0xb, 0xf8, 0xf,
    0xa0, 0x0, 0x3, 0xf8, 0x1f, 0x70, 0x0, 0x0,
    0xf8, 0x1f, 0x70, 0x0, 0x0, 0xf8, 0xf, 0xa0,
    0x0, 0x3, 0xf8, 0xa, 0xf2, 0x0, 0xb, 0xf8,
    0x2, 0xfe, 0x87, 0xcb, 0xf8, 0x0, 0x2b, 0xff,
    0xa1, 0xf8, 0x0, 0x0, 0x0, 0x0, 0xf8, 0x0,
    0x0, 0x0, 0x0, 0xf8, 0x0, 0x0, 0x0, 0x0,
    0xf8, 0x0, 0x0, 0x0, 0x0, 0xf8,

    /* U+0072 "r" */
    0xad, 0x4d, 0xf2, 0xae, 0xe8, 0x61, 0xaf, 0x30,
    0x0, 0xae, 0x0, 0x0, 0xae, 0x0, 0x0, 0xae,
    0x0, 0x0, 0xae, 0x0, 0x0, 0xae, 0x0, 0x0,
    0xae, 0x0, 0x0, 0xae, 0x0, 0x0,

    /* U+0073 "s" */
    0x0, 0x6d, 0xff, 0xa1, 0x0, 0x7f, 0xa6, 0x7e,
    0xd0, 0xc, 0xd0, 0x0, 0x4a, 0x10, 0xbe, 0x20,
    0x0, 0x0, 0x3, 0xef, 0xd9, 0x50, 0x0, 0x0,
    0x59, 0xdf, 0xc0, 0x0, 0x0, 0x0, 0x6f, 0x50,
    0xc8, 0x0, 0x4, 0xf6, 0xa, 0xf9, 0x68, 0xee,
    0x10, 0x8, 0xef, 0xea, 0x20,

    /* U+0074 "t" */
    0x2, 0x82, 0x0, 0x5, 0xf4, 0x0, 0x5, 0xf4,
    0x0, 0xdf, 0xff, 0xf3, 0x49, 0xf8, 0x51, 0x5,
    0xf4, 0x0, 0x5, 0xf4, 0x0, 0x5, 0xf4, 0x0,
    0x5, 0xf4, 0x0, 0x5, 0xf4, 0x0, 0x5, 0xf4,
    0x0, 0x2, 0xfb, 0x61, 0x0, 0x6e, 0xf5,

    /* U+0075 "u" */
    0xae, 0x0, 0x0, 0x7f, 0x2a, 0xe0, 0x0, 0x7,
    0xf2, 0xae, 0x0, 0x0, 0x7f, 0x2a, 0xe0, 0x0,
    0x7, 0xf2, 0xae, 0x0, 0x0, 0x7f, 0x2a, 0xe0,
    0x0, 0x7, 0xf2, 0xae, 0x0, 0x0, 0x8f, 0x28,
    0xf3, 0x0, 0xd, 0xf2, 0x2f, 0xe8, 0x7d, 0xcf,
    0x20, 0x4c, 0xfe, 0x76, 0xf2,

    /* U+0076 "v" */
    0x6f, 0x50, 0x0, 0x6, 0xf4, 0xf, 0xa0, 0x0,
    0xb, 0xe0, 0xa, 0xf0, 0x0, 0x1f, 0x90, 0x4,
    0xf5, 0x0, 0x7f, 0x30, 0x0, 0xeb, 0x0, 0xcd,
    0x0, 0x0, 0x8f, 0x12, 0xf7, 0x0, 0x0, 0x2f,
    0x67, 0xf1, 0x0, 0x0, 0xc, 0xbc, 0xb0, 0x0,
    0x0, 0x6, 0xff, 0x50, 0x0, 0x0, 0x1, 0xff,
    0x0, 0x0,

    /* U+0077 "w" */
    0x5f, 0x50, 0x0, 0xbf, 0x30, 0x0, 0xdc, 0xf,
    0x90, 0x0, 0xff, 0x70, 0x2, 0xf7, 0xb, 0xe0,
    0x3, 0xfb, 0xb0, 0x6, 0xf3, 0x6, 0xf2, 0x8,
    0xd6, 0xf0, 0xa, 0xe0, 0x2, 0xf6, 0xc, 0x91,
    0xf4, 0xf, 0x90, 0x0, 0xda, 0xf, 0x50, 0xd8,
    0x3f, 0x40, 0x0, 0x8e, 0x4f, 0x0, 0x9c, 0x7f,
    0x0, 0x0, 0x3f, 0xac, 0x0, 0x4f, 0xbb, 0x0,
    0x0, 0xe, 0xf7, 0x0, 0xf, 0xf6, 0x0, 0x0,
    0xa, 0xf3, 0x0, 0xb, 0xf1, 0x0,

    /* U+0078 "x" */
    0x1e, 0xd0, 0x0, 0x2f, 0xa0, 0x4, 0xf7, 0x0,
    0xce, 0x10, 0x0, 0xaf, 0x26, 0xf5, 0x0, 0x0,
    0x1e, 0xbe, 0xb0, 0x0, 0x0, 0x4, 0xfe, 0x10,
    0x0, 0x0, 0x7, 0xff, 0x20, 0x0, 0x0, 0x2f,
    0x8d, 0xc0, 0x0, 0x0, 0xce, 0x4, 0xf7, 0x0,
    0x7, 0xf4, 0x0, 0xaf, 0x20, 0x3f, 0xa0, 0x0,
    0x1e, 0xd0,

    /* U+0079 "y" */
    0x6f, 0x50, 0x0, 0x6, 0xf4, 0xf, 0xa0, 0x0,
    0xb, 0xe0, 0xa, 0xf0, 0x0, 0x1f, 0x90, 0x4,
    0xf5, 0x0, 0x6f, 0x30, 0x0, 0xeb, 0x0, 0xcd,
    0x0, 0x0, 0x8f, 0x11, 0xf7, 0x0, 0x0, 0x2f,
    0x67, 0xf1, 0x0, 0x0, 0xd, 0xbc, 0xb0, 0x0,
    0x0, 0x7, 0xff, 0x50, 0x0, 0x0, 0x1, 0xff,
    0x0, 0x0, 0x0, 0x0, 0xf9, 0x0, 0x0, 0x0,
    0x5, 0xf3, 0x0, 0x0, 0x4, 0x8e, 0xc0, 0x0,
    0x0, 0xa, 0xfb, 0x10, 0x0, 0x0,

    /* U+007A "z" */
    0xdf, 0xff, 0xff, 0xf7, 0x68, 0x88, 0x8d, 0xf4,
    0x0, 0x0, 0x4f, 0x80, 0x0, 0x1, 0xec, 0x0,
    0x0, 0xc, 0xf2, 0x0, 0x0, 0x8f, 0x50, 0x0,
    0x4, 0xfa, 0x0, 0x0, 0x1e, 0xd0, 0x0, 0x0,
    0xbf, 0xa8, 0x88, 0x84, 0xff, 0xff, 0xff, 0xf9,

    /* U+007B "{" */
    0x0, 0x9, 0xe8, 0x0, 0x8f, 0x83, 0x0, 0xcb,
    0x0, 0x0, 0xd9, 0x0, 0x0, 0xe9, 0x0, 0x0,
    0xe9, 0x0, 0x1, 0xf8, 0x0, 0x9e, 0xe2, 0x0,
    0xdf, 0x80, 0x0, 0x5, 0xf6, 0x0, 0x0, 0xe9,
    0x0, 0x0, 0xe9, 0x0, 0x0, 0xe9, 0x0, 0x0,
    0xda, 0x0, 0x0, 0xaf, 0x40, 0x0, 0x2d, 0xf8,
    0x0, 0x0, 0x22,

    /* U+007C "|" */
    0xc9, 0xc9, 0xc9, 0xc9, 0xc9, 0xc9, 0xc9, 0xc9,
    0xc9, 0xc9, 0xc9, 0xc9, 0xc9, 0xc9, 0xc9, 0xc9,
    0xc9, 0xc9, 0xc9, 0xc9, 0xc9, 0xc9,

    /* U+007D "}" */
    0xfc, 0x40, 0x0, 0x6d, 0xf1, 0x0, 0x3, 0xf4,
    0x0, 0x1, 0xf5, 0x0, 0x1, 0xf6, 0x0, 0x1,
    0xf6, 0x0, 0x0, 0xf9, 0x0, 0x0, 0x8f, 0xc3,
    0x0, 0x3c, 0xf5, 0x0, 0xec, 0x10, 0x1, 0xf6,
    0x0, 0x1, 0xf6, 0x0, 0x1, 0xf6, 0x0, 0x2,
    0xf5, 0x0, 0x19, 0xf2, 0x0, 0xff, 0x80, 0x0,
    0x31, 0x0, 0x0,

    /* U+007E "~" */
    0x0, 0x11, 0x0, 0x0, 0x0, 0xa, 0xff, 0x90,
    0x1, 0xc4, 0x5f, 0x87, 0xfc, 0x38, 0xf3, 0x8d,
    0x0, 0x3e, 0xff, 0xa0, 0x0, 0x0, 0x0, 0x43,
    0x0,

    /* U+00A0 " " */

    /* U+00A1 "¡" */
    0x6f, 0x5a, 0xf9, 0x15, 0x0, 0x0, 0x2, 0x4,
    0xf4, 0x5f, 0x45, 0xf4, 0x5f, 0x45, 0xf4, 0x6f,
    0x56, 0xf5, 0x6f, 0x56, 0xf5,

    /* U+00A2 "¢" */
    0x0, 0x0, 0x5c, 0x0, 0x0, 0x0, 0x2b, 0xff,
    0xe8, 0x0, 0x1, 0xee, 0xad, 0x9f, 0x90, 0xa,
    0xf2, 0x5c, 0x8, 0xf1, 0xf, 0xa0, 0x5c, 0x0,
    0x0, 0x1f, 0x70, 0x5c, 0x0, 0x0, 0x2f, 0x70,
    0x5c, 0x0, 0x0, 0xf, 0x90, 0x5c, 0x0, 0x0,
    0xb, 0xe1, 0x5c, 0x7, 0xd1, 0x3, 0xfc, 0x8c,
    0x6f, 0xb0, 0x0, 0x4e, 0xff, 0xfb, 0x10, 0x0,
    0x0, 0x7d, 0x10, 0x0, 0x0, 0x0, 0x5c, 0x0,
    0x0,

    /* U+00A3 "£" */
    0x0, 0x2, 0xbf, 0xfc, 0x30, 0x0, 0x2f, 0xe8,
    0x8d, 0xf3, 0x0, 0xaf, 0x20, 0x1, 0xeb, 0x0,
    0xdb, 0x0, 0x0, 0x56, 0x0, 0xdb, 0x0, 0x0,
    0x0, 0x1, 0xcc, 0x11, 0x11, 0x0, 0x1f, 0xff,
    0xff, 0xff, 0x0, 0x4, 0xce, 0x44, 0x44, 0x0,
    0x0, 0xbd, 0x0, 0x0, 0x0, 0x0, 0xae, 0x0,
    0x0, 0x0, 0x0, 0xbc, 0x0, 0x0, 0x6a, 0x19,
    0xf9, 0x77, 0x77, 0xdd, 0x1f, 0xff, 0xff, 0xff,
    0xe4,

    /* U+00A4 "¤" */
    0x0, 0x0, 0x1, 0x0, 0x1, 0xb, 0xc3, 0xbf,
    0xff, 0xa3, 0xd9, 0x5f, 0xfd, 0x65, 0x7e, 0xff,
    0x41, 0xfb, 0x0, 0x0, 0x1d, 0xe0, 0x7f, 0x10,
    0x0, 0x0, 0x4f, 0x5b, 0xb0, 0x0, 0x0, 0x0,
    0xe9, 0xca, 0x0, 0x0, 0x0, 0xd, 0xab, 0xc0,
    0x0, 0x0, 0x0, 0xe8, 0x7f, 0x20, 0x0, 0x0,
    0x5f, 0x41, 0xfd, 0x10, 0x0, 0x2e, 0xe0, 0xaf,
    0xfe, 0x97, 0x9f, 0xff, 0x86, 0x71, 0x9e, 0xfe,
    0x81, 0x95,

    /* U+00A5 "¥" */
    0x8f, 0x40, 0x0, 0x7, 0xf4, 0x1f, 0xc0, 0x0,
    0xe, 0xc0, 0x7, 0xf4, 0x0, 0x7f, 0x40, 0x0,
    0xec, 0x0, 0xeb, 0x0, 0x0, 0x6f, 0x47, 0xf3,
    0x0, 0x0, 0xe, 0xce, 0xa0, 0x0, 0xc, 0xff,
    0xff, 0xff, 0x90, 0x2, 0x33, 0xfc, 0x33, 0x10,
    0x0, 0x0, 0xfb, 0x0, 0x0, 0xc, 0xff, 0xff,
    0xff, 0x90, 0x2, 0x33, 0xfc, 0x33, 0x10, 0x0,
    0x0, 0xfb, 0x0, 0x0, 0x0, 0x0, 0xfb, 0x0,
    0x0,

    /* U+00A6 "¦" */
    0x6f, 0x16, 0xf1, 0x6f, 0x16, 0xf1, 0x6f, 0x16,
    0xf1, 0x1, 0x0, 0x0, 0x0, 0x0, 0x10, 0x6f,
    0x16, 0xf1, 0x6f, 0x16, 0xf1, 0x6f, 0x16, 0xf1,

    /* U+00A7 "§" */
    0x1, 0xbf, 0xfb, 0x20, 0x0, 0xde, 0x76, 0xde,
    0x0, 0x1f, 0x60, 0x2, 0xf5, 0x0, 0xf9, 0x0,
    0x1, 0x0, 0x7, 0xf8, 0x0, 0x0, 0x3, 0xb3,
    0x9d, 0x50, 0x0, 0xd7, 0x0, 0x2b, 0xb0, 0xf,
    0xa0, 0x0, 0xa, 0xa0, 0xaf, 0x91, 0x0, 0x5f,
    0x1, 0xdf, 0xe6, 0x1b, 0xf0, 0x0, 0x8f, 0xff,
    0xf7, 0x0, 0x0, 0x2b, 0xf8, 0x0, 0x0, 0x0,
    0xa, 0xf1, 0x5, 0xc0, 0x0, 0x4f, 0x40, 0x4f,
    0x92, 0x2b, 0xf1, 0x0, 0x7f, 0xff, 0xf6, 0x0,
    0x0, 0x14, 0x30, 0x0, 0x0,

    /* U+00A8 "¨" */
    0x1, 0x0, 0x0, 0x8, 0xf4, 0xd, 0xe0, 0x6f,
    0x30, 0xbd, 0x0,

    /* U+00A9 "©" */
    0x0, 0x0, 0x5, 0x88, 0x62, 0x0, 0x0, 0x0,
    0x7, 0xff, 0xff, 0xff, 0xa1, 0x0, 0x0, 0xaf,
    0xb4, 0x0, 0x29, 0xfd, 0x10, 0x7, 0xf8, 0x1,
    0x67, 0x40, 0x3f, 0xc0, 0xf, 0xb0, 0x5f, 0xff,
    0xfb, 0x6, 0xf5, 0x5f, 0x32, 0xfc, 0x20, 0x6f,
    0x80, 0xeb, 0x8f, 0x7, 0xf1, 0x0, 0x5, 0x50,
    0xad, 0x9f, 0x8, 0xf0, 0x0, 0x0, 0x0, 0xae,
    0x7f, 0x15, 0xf5, 0x0, 0x1f, 0x80, 0xcc, 0x2f,
    0x70, 0xcf, 0xa8, 0xef, 0x22, 0xf8, 0xb, 0xf2,
    0x9, 0xef, 0xc3, 0xc, 0xf1, 0x2, 0xee, 0x40,
    0x0, 0x1, 0xbf, 0x60, 0x0, 0x2d, 0xfd, 0x99,
    0xbf, 0xf6, 0x0, 0x0, 0x0, 0x7c, 0xff, 0xd9,
    0x20, 0x0,

    /* U+00AA "ª" */
    0x3, 0xbf, 0xfb, 0x20, 0xe, 0xb3, 0x4c, 0xd0,
    0x0, 0x0, 0x19, 0xf0, 0x7, 0xde, 0xcc, 0xf0,
    0x5f, 0x40, 0x7, 0xf0, 0x5f, 0x72, 0x5e, 0xf0,
    0x8, 0xef, 0xb8, 0xf0,

    /* U+00AB "«" */
    0x0, 0x3, 0xfa, 0x9, 0xf3, 0x0, 0x1e, 0xc0,
    0x6f, 0x60, 0x0, 0xce, 0x14, 0xf9, 0x0, 0xa,
    0xf3, 0x2e, 0xb0, 0x0, 0xd, 0xe1, 0x5f, 0x80,
    0x0, 0x2, 0xeb, 0x8, 0xf5, 0x0, 0x0, 0x4f,
    0x90, 0xaf, 0x20, 0x0, 0x6, 0xf6, 0xc, 0xe1,
    0x0, 0x0, 0x44, 0x1, 0x52,

    /* U+00AC "¬" */
    0x2, 0x22, 0x22, 0x22, 0x1, 0xff, 0xff, 0xff,
    0xf4, 0x4, 0x44, 0x44, 0x6f, 0x40, 0x0, 0x0,
    0x3, 0xf4, 0x0, 0x0, 0x0, 0x2c, 0x30,

    /* U+00AE "®" */
    0x0, 0x0, 0x0, 0x0, 0x0, 0x0, 0x0, 0x6,
    0xdf, 0xfc, 0x50, 0x0, 0x0, 0xaf, 0x84, 0x49,
    0xf8, 0x0, 0x7, 0xe2, 0x0, 0x0, 0x4f, 0x50,
    0xe, 0x60, 0xcd, 0xd7, 0x9, 0xc0, 0x2f, 0x10,
    0xe3, 0x4f, 0x4, 0xf0, 0x2f, 0x10, 0xeb, 0xe7,
    0x3, 0xf0, 0xf, 0x50, 0xe3, 0x8b, 0x7, 0xd0,
    0x9, 0xd1, 0x51, 0x6, 0x2f, 0x60, 0x0, 0xdd,
    0x51, 0x16, 0xeb, 0x0, 0x0, 0x9, 0xff, 0xff,
    0x80, 0x0, 0x0, 0x0, 0x3, 0x20, 0x0, 0x0,

    /* U+00AF "¯" */
    0x0, 0x0, 0x0, 0x4f, 0xff, 0xf9, 0x13, 0x33,
    0x32,

    /* U+00B0 "°" */
    0x0, 0x0, 0x0, 0x8, 0xff, 0x90, 0x7f, 0x65,
    0xe8, 0xd8, 0x0, 0x7e, 0xe7, 0x0, 0x6f, 0x9e,
    0x33, 0xda, 0x1c, 0xff, 0xc1, 0x0, 0x23, 0x0,

    /* U+00B1 "±" */
    0x0, 0x0, 0xda, 0x0, 0x0, 0x0, 0x0, 0xda,
    0x0, 0x0, 0x2, 0x22, 0xeb, 0x22, 0x20, 0x4f,
    0xff, 0xff, 0xff, 0xf0, 0x15, 0x55, 0xec, 0x55,
    0x50, 0x0, 0x0, 0xda, 0x0, 0x0, 0x0, 0x0,
    0xc9, 0x0, 0x0, 0x0, 0x0, 0x0, 0x0, 0x0,
    0x4f, 0xff, 0xff, 0xff, 0xf0, 0x28, 0x88, 0x88,
    0x88, 0x80,

    /* U+00B2 "²" */
    0x3, 0xcf, 0xfa, 0x0, 0xeb, 0x35, 0xf8, 0x3,
    0x10, 0xe, 0x90, 0x0, 0x1c, 0xe1, 0x0, 0x4e,
    0xc1, 0x0, 0x7f, 0xb3, 0x33, 0xf, 0xff, 0xff,
    0xd0,

    /* U+00B3 "³" */
    0x2, 0xbf, 0xfb, 0x10, 0xd, 0xc3, 0x4e, 0xa0,
    0x1, 0x0, 0x1d, 0xa0, 0x0, 0xd, 0xfc, 0x10,
    0x0, 0x1, 0x3c, 0xd0, 0xf, 0xb4, 0x4c, 0xf0,
    0x4, 0xcf, 0xfc, 0x30,

    /* U+00B4 "´" */
    0x4, 0x81, 0xe, 0xa0, 0x7e, 0x10,

    /* U+00B5 "µ" */
    0xae, 0x0, 0x0, 0x6f, 0x20, 0xae, 0x0, 0x0,
    0x6f, 0x20, 0xae, 0x0, 0x0, 0x6f, 0x20, 0xae,
    0x0, 0x0, 0x6f, 0x20, 0xae, 0x0, 0x0, 0x6f,
    0x20, 0xae, 0x0, 0x0, 0x6f, 0x20, 0xae, 0x0,
    0x0, 0x7f, 0x20, 0xaf, 0x30, 0x0, 0xbf, 0x20,
    0xaf, 0xe6, 0x49, 0xef, 0x71, 0xae, 0x6e, 0xfb,
    0x2a, 0xf5, 0xae, 0x0, 0x0, 0x0, 0x0, 0xae,
    0x0, 0x0, 0x0, 0x0, 0xae, 0x0, 0x0, 0x0,
    0x0, 0xae, 0x0, 0x0, 0x0, 0x0,

    /* U+00B6 "¶" */
    0x0, 0x3b, 0xff, 0xff, 0xf4, 0x4, 0xff, 0xff,
    0x7b, 0xf3, 0xd, 0xff, 0xff, 0x7, 0xf2, 0x1f,
    0xff, 0xff, 0x7, 0xf2, 0x1f, 0xff, 0xff, 0x7,
    0xf2, 0xe, 0xff, 0xff, 0x7, 0xf2, 0x6, 0xff,
    0xff, 0x7, 0xf2, 0x0, 0x6e, 0xff, 0x7, 0xf2,
    0x0, 0x0, 0x23, 0x7, 0xf2, 0x0, 0x0, 0x0,
    0x7, 0xf2, 0x0, 0x0, 0x0, 0x7, 0xf2, 0x0,
    0x0, 0x0, 0x7, 0xf2, 0x0, 0x0, 0x0, 0x7,
    0xf2,

    /* U+00B7 "·" */
    0x5, 0xa, 0xf8, 0x6f, 0x50,

    /* U+00B8 "¸" */
    0x0, 0x0, 0x2b, 0x0, 0x4f, 0xb1, 0x0, 0xe5,
    0xaf, 0xc1,

    /* U+00B9 "¹" */
    0x5, 0xef, 0x43, 0xe9, 0xf4, 0x10, 0x4f, 0x40,
    0x4, 0xf4, 0x0, 0x4f, 0x40, 0x4, 0xf4, 0x0,
    0x4f, 0x40,

    /* U+00BA "º" */
    0x1, 0x9e, 0xfd, 0x50, 0xc, 0xe6, 0x49, 0xf5,
    0x3f, 0x50, 0x0, 0xdc, 0x5f, 0x20, 0x0, 0xae,
    0x3f, 0x50, 0x0, 0xcc, 0xc, 0xe5, 0x39, 0xf5,
    0x1, 0x9e, 0xfd, 0x50,

    /* U+00BB "»" */
    0x1e, 0xc0, 0x6f, 0x60, 0x0, 0x3, 0xfa, 0x9,
    0xf4, 0x0, 0x0, 0x5f, 0x80, 0xbe, 0x20, 0x0,
    0x8, 0xf5, 0x1d, 0xd1, 0x0, 0x4, 0xf9, 0xb,
    0xf2, 0x0, 0x2e, 0xb0, 0x8f, 0x50, 0x0, 0xdd,
    0x15, 0xf7, 0x0, 0xb, 0xf2, 0x3f, 0xa0, 0x0,
    0x15, 0x20, 0x35, 0x0, 0x0,

    /* U+00BC "¼" */
    0x8, 0xfc, 0x0, 0x0, 0x0, 0xda, 0x0, 0x6c,
    0xbc, 0x0, 0x0, 0x8, 0xe1, 0x0, 0x20, 0xac,
    0x0, 0x0, 0x3f, 0x40, 0x0, 0x0, 0xac, 0x0,
    0x0, 0xda, 0x0, 0x0, 0x0, 0xac, 0x0, 0x8,
    0xe1, 0x0, 0x0, 0x0, 0xac, 0x0, 0x3f, 0x40,
    0x0, 0x0, 0x0, 0xac, 0x0, 0xd9, 0x0, 0x8f,
    0x80, 0x0, 0x23, 0x9, 0xe0, 0x2, 0xff, 0x80,
    0x0, 0x0, 0x3f, 0x40, 0xa, 0xac, 0x80, 0x0,
    0x0, 0xd9, 0x0, 0x4f, 0x1c, 0x80, 0x0, 0x9,
    0xd0, 0x0, 0xd8, 0xc, 0x80, 0x0, 0x4f, 0x40,
    0x2, 0xff, 0xff, 0xf6, 0x0, 0xe9, 0x0, 0x0,
    0x33, 0x3d, 0x91, 0x2, 0x60, 0x0, 0x0, 0x0,
    0x5, 0x30,

    /* U+00BD "½" */
    0x0, 0x0, 0x0, 0x0, 0x0, 0x0, 0x0, 0x0,
    0x8f, 0xc0, 0x0, 0x0, 0xd, 0x90, 0x0, 0x6c,
    0xbc, 0x0, 0x0, 0x9, 0xe0, 0x0, 0x2, 0xa,
    0xc0, 0x0, 0x4, 0xf4, 0x0, 0x0, 0x0, 0xac,
    0x0, 0x0, 0xe9, 0x0, 0x0, 0x0, 0xa, 0xc0,
    0x0, 0x9d, 0x0, 0x0, 0x0, 0x0, 0xac, 0x0,
    0x4f, 0x30, 0x0, 0x0, 0x0, 0xa, 0xc0, 0x1e,
    0x80, 0x3d, 0xfe, 0x40, 0x0, 0x22, 0xa, 0xd0,
    0xc, 0xc4, 0xbe, 0x0, 0x0, 0x5, 0xf3, 0x0,
    0x11, 0x7, 0xe0, 0x0, 0x1, 0xe7, 0x0, 0x0,
    0x3, 0xf5, 0x0, 0x0, 0xbc, 0x0, 0x0, 0x2,
    0xe8, 0x0, 0x0, 0x6f, 0x20, 0x0, 0x2, 0xe9,
    0x0, 0x0, 0x1f, 0x70, 0x0, 0x0, 0xcf, 0xff,
    0xf1, 0x1, 0x30, 0x0, 0x0, 0x2, 0x33, 0x33,
    0x0,

    /* U+00BE "¾" */
    0x3, 0xcf, 0xd3, 0x0, 0x0, 0x6, 0xf2, 0x0,
    0xd9, 0x3b, 0xc0, 0x0, 0x2, 0xf6, 0x0, 0x0,
    0x0, 0xac, 0x0, 0x0, 0xcb, 0x0, 0x0, 0x5,
    0xff, 0x30, 0x0, 0x7f, 0x10, 0x0, 0x0, 0x2,
    0xae, 0x0, 0x2f, 0x60, 0x0, 0x0, 0x51, 0x5,
    0xf2, 0xc, 0xb0, 0x0, 0x0, 0xd, 0xd9, 0xec,
    0x7, 0xf1, 0x0, 0x88, 0x0, 0x18, 0x97, 0x2,
    0xf6, 0x0, 0x7f, 0xf0, 0x0, 0x0, 0x0, 0xcb,
    0x0, 0x2f, 0x9f, 0x0, 0x0, 0x0, 0x7e, 0x10,
    0xb, 0xa5, 0xf0, 0x0, 0x0, 0x2f, 0x50, 0x5,
    0xe1, 0x5f, 0x0, 0x0, 0xc, 0xb0, 0x0, 0xbf,
    0xff, 0xfd, 0x0, 0x7, 0xe1, 0x0, 0x2, 0x33,
    0x8f, 0x20, 0x0, 0x63, 0x0, 0x0, 0x0, 0x2,
    0x60,

    /* U+00BF "¿" */
    0x0, 0x0, 0xdd, 0x0, 0x0, 0x0, 0x1f, 0xf1,
    0x0, 0x0, 0x0, 0x33, 0x0, 0x0, 0x0, 0x0,
    0x0, 0x0, 0x0, 0x0, 0xbb, 0x0, 0x0, 0x0,
    0xe, 0xb0, 0x0, 0x0, 0x8, 0xf7, 0x0, 0x0,
    0xb, 0xfa, 0x0, 0x0, 0xa, 0xf6, 0x0, 0x0,
    0x0, 0xfa, 0x0, 0x0, 0x0, 0x1f, 0x70, 0x0,
    0x1c, 0x60, 0xfb, 0x0, 0x6, 0xf5, 0x7, 0xfb,
    0x79, 0xfc, 0x0, 0x6, 0xdf, 0xe9, 0x10,

    /* U+00C0 "À" */
    0x0, 0x0, 0xdd, 0x0, 0x0, 0x0, 0x0, 0x0,
    0x2f, 0x50, 0x0, 0x0, 0x0, 0x0, 0x5, 0x50,
    0x0, 0x0, 0x0, 0x0, 0x0, 0x0, 0x0, 0x0,
    0x0, 0x0, 0xf, 0xf4, 0x0, 0x0, 0x0, 0x0,
    0x6f, 0xe9, 0x0, 0x0, 0x0, 0x0, 0xcc, 0x8f,
    0x0, 0x0, 0x0, 0x1, 0xf7, 0x3f, 0x50, 0x0,
    0x0, 0x7, 0xf2, 0xe, 0xb0, 0x0, 0x0, 0xd,
    0xc0, 0x8, 0xf1, 0x0, 0x0, 0x3f, 0x60, 0x3,
    0xf7, 0x0, 0x0, 0x9f, 0x32, 0x22, 0xed, 0x0,
    0x0, 0xef, 0xff, 0xff, 0xff, 0x30, 0x5, 0xf8,
    0x55, 0x55, 0x6f, 0x90, 0xb, 0xf0, 0x0, 0x0,
    0xc, 0xe0, 0x1f, 0xa0, 0x0, 0x0, 0x6, 0xf5,
    0x6f, 0x50, 0x0, 0x0, 0x1, 0xfb,

    /* U+00C1 "Á" */
    0x0, 0x0, 0x0, 0x9f, 0x20, 0x0, 0x0, 0x0,
    0x1, 0xf6, 0x0, 0x0, 0x0, 0x0, 0x3, 0x70,
    0x0, 0x0, 0x0, 0x0, 0x0, 0x0, 0x0, 0x0,
    0x0, 0x0, 0xf, 0xf4, 0x0, 0x0, 0x0, 0x0,
    0x6f, 0xe9, 0x0, 0x0, 0x0, 0x0, 0xcc, 0x8f,
    0x0, 0x0, 0x0, 0x1, 0xf7, 0x3f, 0x50, 0x0,
    0x0, 0x7, 0xf2, 0xe, 0xb0, 0x0, 0x0, 0xd,
    0xc0, 0x8, 0xf1, 0x0, 0x0, 0x3f, 0x60, 0x3,
    0xf7, 0x0, 0x0, 0x9f, 0x32, 0x22, 0xed, 0x0,
    0x0, 0xef, 0xff, 0xff, 0xff, 0x30, 0x5, 0xf8,
    0x55, 0x55, 0x6f, 0x90, 0xb, 0xf0, 0x0, 0x0,
    0xc, 0xe0, 0x1f, 0xa0, 0x0, 0x0, 0x6, 0xf5,
    0x6f, 0x50, 0x0, 0x0, 0x1, 0xfb,

    /* U+00C2 "Â" */
    0x0, 0x0, 0x3e, 0xe6, 0x0, 0x0, 0x0, 0x4,
    0xf6, 0x2e, 0x70, 0x0, 0x0, 0x0, 0x0, 0x0,
    0x0, 0x0, 0x0, 0x0, 0x0, 0x0, 0x0, 0x0,
    0x0, 0x0, 0xf, 0xf4, 0x0, 0x0, 0x0, 0x0,
    0x6f, 0xe9, 0x0, 0x0, 0x0, 0x0, 0xcc, 0x8f,
    0x0, 0x0, 0x0, 0x1, 0xf7, 0x3f, 0x50, 0x0,
    0x0, 0x7, 0xf2, 0xe, 0xb0, 0x0, 0x0, 0xd,
    0xc0, 0x8, 0xf1, 0x0, 0x0, 0x3f, 0x60, 0x3,
    0xf7, 0x0, 0x0, 0x9f, 0x32, 0x22, 0xed, 0x0,
    0x0, 0xef, 0xff, 0xff, 0xff, 0x30, 0x5, 0xf8,
    0x55, 0x55, 0x6f, 0x90, 0xb, 0xf0, 0x0, 0x0,
    0xc, 0xe0, 0x1f, 0xa0, 0x0, 0x0, 0x6, 0xf5,
    0x6f, 0x50, 0x0, 0x0, 0x1, 0xfb,

    /* U+00C3 "Ã" */
    0x0, 0x0, 0xdd, 0x47, 0xa0, 0x0, 0x0, 0x5,
    0xd5, 0xef, 0x50, 0x0, 0x0, 0x1, 0x10, 0x1,
    0x0, 0x0, 0x0, 0x0, 0x0, 0x0, 0x0, 0x0,
    0x0, 0x0, 0xf, 0xf4, 0x0, 0x0, 0x0, 0x0,
    0x6f, 0xe9, 0x0, 0x0, 0x0, 0x0, 0xcc, 0x8f,
    0x0, 0x0, 0x0, 0x1, 0xf7, 0x3f, 0x50, 0x0,
    0x0, 0x7, 0xf2, 0xe, 0xb0, 0x0, 0x0, 0xd,
    0xc0, 0x8, 0xf1, 0x0, 0x0, 0x3f, 0x60, 0x3,
    0xf7, 0x0, 0x0, 0x9f, 0x32, 0x22, 0xed, 0x0,
    0x0, 0xef, 0xff, 0xff, 0xff, 0x30, 0x5, 0xf8,
    0x55, 0x55, 0x6f, 0x90, 0xb, 0xf0, 0x0, 0x0,
    0xc, 0xe0, 0x1f, 0xa0, 0x0, 0x0, 0x6, 0xf5,
    0x6f, 0x50, 0x0, 0x0, 0x1, 0xfb,

    /* U+00C4 "Ä" */
    0x0, 0x0, 0x0, 0x0, 0x0, 0x0, 0x0, 0x9,
    0xf3, 0xe, 0xd0, 0x0, 0x0, 0x8, 0xe2, 0xc,
    0xc0, 0x0, 0x0, 0x0, 0x0, 0x0, 0x0, 0x0,
    0x0, 0x0, 0x0, 0x0, 0x0, 0x0, 0x0, 0x0,
    0xf, 0xf4, 0x0, 0x0, 0x0, 0x0, 0x6f, 0xe9,
    0x0, 0x0, 0x0, 0x0, 0xcc, 0x8f, 0x0, 0x0,
    0x0, 0x1, 0xf7, 0x3f, 0x50, 0x0, 0x0, 0x7,
    0xf2, 0xe, 0xb0, 0x0, 0x0, 0xd, 0xc0, 0x8,
    0xf1, 0x0, 0x0, 0x3f, 0x60, 0x3, 0xf7, 0x0,
    0x0, 0x9f, 0x32, 0x22, 0xed, 0x0, 0x0, 0xef,
    0xff, 0xff, 0xff, 0x30, 0x5, 0xf8, 0x55, 0x55,
    0x6f, 0x90, 0xb, 0xf0, 0x0, 0x0, 0xc, 0xe0,
    0x1f, 0xa0, 0x0, 0x0, 0x6, 0xf5, 0x6f, 0x50,
    0x0, 0x0, 0x1, 0xfb,

    /* U+00C5 "Å" */
    0x0, 0x0, 0x4d, 0xe8, 0x0, 0x0, 0x0, 0x0,
    0xf6, 0x3f, 0x40, 0x0, 0x0, 0x1, 0xf3, 0x1e,
    0x50, 0x0, 0x0, 0x0, 0x7f, 0xfb, 0x0, 0x0,
    0x0, 0x0, 0x0, 0x10, 0x0, 0x0, 0x0, 0x0,
    0xf, 0xf4, 0x0, 0x0, 0x0, 0x0, 0x6f, 0xe9,
    0x0, 0x0, 0x0, 0x0, 0xcc, 0x8f, 0x0, 0x0,
    0x0, 0x1, 0xf7, 0x3f, 0x50, 0x0, 0x0, 0x7,
    0xf2, 0xe, 0xb0, 0x0, 0x0, 0xd, 0xc0, 0x8,
    0xf1, 0x0, 0x0, 0x3f, 0x60, 0x3, 0xf7, 0x0,
    0x0, 0x9f, 0x32, 0x22, 0xed, 0x0, 0x0, 0xef,
    0xff, 0xff, 0xff, 0x30, 0x5, 0xf8, 0x55, 0x55,
    0x6f, 0x90, 0xb, 0xf0, 0x0, 0x0, 0xc, 0xe0,
    0x1f, 0xa0, 0x0, 0x0, 0x6, 0xf5, 0x6f, 0x50,
    0x0, 0x0, 0x1, 0xfb,

    /* U+00C6 "Æ" */
    0x0, 0x0, 0x0, 0xaf, 0xff, 0xff, 0xff, 0xff,
    0xa0, 0x0, 0x0, 0x2f, 0x97, 0xf9, 0x77, 0x77,
    0x74, 0x0, 0x0, 0x9, 0xf1, 0x6f, 0x30, 0x0,
    0x0, 0x0, 0x0, 0x1, 0xf9, 0x6, 0xf3, 0x0,
    0x0, 0x0, 0x0, 0x0, 0x8f, 0x20, 0x6f, 0x30,
    0x0, 0x0, 0x0, 0x0, 0x1f, 0xa0, 0x6, 0xf5,
    0x22, 0x22, 0x20, 0x0, 0x8, 0xf3, 0x0, 0x6f,
    0xff, 0xff, 0xff, 0x30, 0x0, 0xec, 0x11, 0x17,
    0xf7, 0x55, 0x55, 0x51, 0x0, 0x7f, 0xff, 0xff,
    0xff, 0x30, 0x0, 0x0, 0x0, 0xe, 0xd4, 0x44,
    0x49, 0xf3, 0x0, 0x0, 0x0, 0x6, 0xf5, 0x0,
    0x0, 0x6f, 0x30, 0x0, 0x0, 0x0, 0xdd, 0x0,
    0x0, 0x6, 0xf9, 0x77, 0x77, 0x75, 0x5f, 0x60,
    0x0, 0x0, 0x6f, 0xff, 0xff, 0xff, 0xb0,

    /* U+00C7 "Ç" */
    0x0, 0x18, 0xdf, 0xfc, 0x60, 0x0, 0x2, 0xef,
    0xc9, 0x9d, 0xfb, 0x0, 0xd, 0xf4, 0x0, 0x0,
    0x8f, 0x80, 0x6f, 0x60, 0x0, 0x0, 0xc, 0xf0,
    0xbe, 0x0, 0x0, 0x0, 0x1, 0x30, 0xeb, 0x0,
    0x0, 0x0, 0x0, 0x0, 0xfa, 0x0, 0x0, 0x0,
    0x0, 0x0, 0xeb, 0x0, 0x0, 0x0, 0x0, 0x0,
    0xbe, 0x0, 0x0, 0x0, 0x1, 0x30, 0x6f, 0x60,
    0x0, 0x0, 0xb, 0xf0, 0xd, 0xf4, 0x0, 0x0,
    0x8f, 0x80, 0x2, 0xef, 0xc9, 0x9d, 0xfb, 0x0,
    0x0, 0x18, 0xdf, 0xfc, 0x60, 0x0, 0x0, 0x0,
    0xb, 0x60, 0x0, 0x0, 0x0, 0x0, 0x9, 0xeb,
    0x0, 0x0, 0x0, 0x0, 0x0, 0x5e, 0x0, 0x0,
    0x0, 0x0, 0x2f, 0xe7, 0x0, 0x0,

    /* U+00C8 "È" */
    0x0, 0x6f, 0x40, 0x0, 0x0, 0x0, 0xbc, 0x0,
    0x0, 0x0, 0x1, 0x81, 0x0, 0x0, 0x0, 0x0,
    0x0, 0x0, 0x7f, 0xff, 0xff, 0xff, 0x97, 0xf8,
    0x77, 0x77, 0x74, 0x7f, 0x20, 0x0, 0x0, 0x7,
    0xf2, 0x0, 0x0, 0x0, 0x7f, 0x20, 0x0, 0x0,
    0x7, 0xf9, 0x88, 0x88, 0x81, 0x7f, 0xff, 0xff,
    0xff, 0x27, 0xf2, 0x0, 0x0, 0x0, 0x7f, 0x20,
    0x0, 0x0, 0x7, 0xf2, 0x0, 0x0, 0x0, 0x7f,
    0x20, 0x0, 0x0, 0x7, 0xf9, 0x77, 0x77, 0x75,
    0x7f, 0xff, 0xff, 0xff, 0xa0,

    /* U+00C9 "É" */
    0x0, 0x0, 0x2f, 0x90, 0x0, 0x0, 0x9, 0xd0,
    0x0, 0x0, 0x0, 0x73, 0x0, 0x0, 0x0, 0x0,
    0x0, 0x0, 0x7f, 0xff, 0xff, 0xff, 0x97, 0xf8,
    0x77, 0x77, 0x74, 0x7f, 0x20, 0x0, 0x0, 0x7,
    0xf2, 0x0, 0x0, 0x0, 0x7f, 0x20, 0x0, 0x0,
    0x7, 0xf9, 0x88, 0x88, 0x81, 0x7f, 0xff, 0xff,
    0xff, 0x27, 0xf2, 0x0, 0x0, 0x0, 0x7f, 0x20,
    0x0, 0x0, 0x7, 0xf2, 0x0, 0x0, 0x0, 0x7f,
    0x20, 0x0, 0x0, 0x7, 0xf9, 0x77, 0x77, 0x75,
    0x7f, 0xff, 0xff, 0xff, 0xa0,

    /* U+00CA "Ê" */
    0x0, 0xa, 0xec, 0x10, 0x0, 0xb, 0xc1, 0x9c,
    0x10, 0x0, 0x0, 0x0, 0x0, 0x0, 0x0, 0x0,
    0x0, 0x0, 0x7f, 0xff, 0xff, 0xff, 0x97, 0xf8,
    0x77, 0x77, 0x74, 0x7f, 0x20, 0x0, 0x0, 0x7,
    0xf2, 0x0, 0x0, 0x0, 0x7f, 0x20, 0x0, 0x0,
    0x7, 0xf9, 0x88, 0x88, 0x81, 0x7f, 0xff, 0xff,
    0xff, 0x27, 0xf2, 0x0, 0x0, 0x0, 0x7f, 0x20,
    0x0, 0x0, 0x7, 0xf2, 0x0, 0x0, 0x0, 0x7f,
    0x20, 0x0, 0x0, 0x7, 0xf9, 0x77, 0x77, 0x75,
    0x7f, 0xff, 0xff, 0xff, 0xa0,

    /* U+00CB "Ë" */
    0x0, 0x0, 0x0, 0x10, 0x0, 0x2f, 0xa0, 0x7f,
    0x50, 0x2, 0xe8, 0x5, 0xf4, 0x0, 0x0, 0x0,
    0x0, 0x0, 0x0, 0x0, 0x0, 0x0, 0x7, 0xff,
    0xff, 0xff, 0xf9, 0x7f, 0x87, 0x77, 0x77, 0x47,
    0xf2, 0x0, 0x0, 0x0, 0x7f, 0x20, 0x0, 0x0,
    0x7, 0xf2, 0x0, 0x0, 0x0, 0x7f, 0x98, 0x88,
    0x88, 0x17, 0xff, 0xff, 0xff, 0xf2, 0x7f, 0x20,
    0x0, 0x0, 0x7, 0xf2, 0x0, 0x0, 0x0, 0x7f,
    0x20, 0x0, 0x0, 0x7, 0xf2, 0x0, 0x0, 0x0,
    0x7f, 0x97, 0x77, 0x77, 0x57, 0xff, 0xff, 0xff,
    0xfa,

    /* U+00CC "Ì" */
    0xaf, 0x10, 0x1e, 0x80, 0x3, 0x70, 0x0, 0x0,
    0x7, 0xf2, 0x7, 0xf2, 0x7, 0xf2, 0x7, 0xf2,
    0x7, 0xf2, 0x7, 0xf2, 0x7, 0xf2, 0x7, 0xf2,
    0x7, 0xf2, 0x7, 0xf2, 0x7, 0xf2, 0x7, 0xf2,
    0x7, 0xf2,

    /* U+00CD "Í" */
    0x5, 0xf4, 0xd, 0x90, 0x17, 0x0, 0x0, 0x0,
    0x7f, 0x20, 0x7f, 0x20, 0x7f, 0x20, 0x7f, 0x20,
    0x7f, 0x20, 0x7f, 0x20, 0x7f, 0x20, 0x7f, 0x20,
    0x7f, 0x20, 0x7f, 0x20, 0x7f, 0x20, 0x7f, 0x20,
    0x7f, 0x20,

    /* U+00CE "Î" */
    0x1, 0xde, 0x90, 0x2, 0xd9, 0x1d, 0xa0, 0x0,
    0x0, 0x0, 0x0, 0x0, 0x0, 0x0, 0x0, 0x7f,
    0x20, 0x0, 0x7, 0xf2, 0x0, 0x0, 0x7f, 0x20,
    0x0, 0x7, 0xf2, 0x0, 0x0, 0x7f, 0x20, 0x0,
    0x7, 0xf2, 0x0, 0x0, 0x7f, 0x20, 0x0, 0x7,
    0xf2, 0x0, 0x0, 0x7f, 0x20, 0x0, 0x7, 0xf2,
    0x0, 0x0, 0x7f, 0x20, 0x0, 0x7, 0xf2, 0x0,
    0x0, 0x7f, 0x20, 0x0,

    /* U+00CF "Ï" */
    0x1, 0x0, 0x0, 0x6, 0xf6, 0xb, 0xf1, 0x5f,
    0x50, 0x9e, 0x10, 0x0, 0x0, 0x0, 0x0, 0x0,
    0x0, 0x0, 0x7, 0xf2, 0x0, 0x0, 0x7f, 0x20,
    0x0, 0x7, 0xf2, 0x0, 0x0, 0x7f, 0x20, 0x0,
    0x7, 0xf2, 0x0, 0x0, 0x7f, 0x20, 0x0, 0x7,
    0xf2, 0x0, 0x0, 0x7f, 0x20, 0x0, 0x7, 0xf2,
    0x0, 0x0, 0x7f, 0x20, 0x0, 0x7, 0xf2, 0x0,
    0x0, 0x7f, 0x20, 0x0, 0x7, 0xf2, 0x0,

    /* U+00D0 "Ð" */
    0x2, 0xff, 0xff, 0xfd, 0x92, 0x0, 0x0, 0x2f,
    0xb7, 0x78, 0xaf, 0xf5, 0x0, 0x2, 0xf7, 0x0,
    0x0, 0x2d, 0xf2, 0x0, 0x2f, 0x70, 0x0, 0x0,
    0x2f, 0xa0, 0x2, 0xf7, 0x0, 0x0, 0x0, 0xbf,
    0x1, 0x4f, 0x81, 0x11, 0x0, 0x8, 0xf1, 0xdf,
    0xff, 0xff, 0xf0, 0x0, 0x7f, 0x23, 0x6f, 0xa4,
    0x44, 0x0, 0x8, 0xf1, 0x2, 0xf7, 0x0, 0x0,
    0x0, 0xbf, 0x0, 0x2f, 0x70, 0x0, 0x0, 0x2f,
    0xa0, 0x2, 0xf7, 0x0, 0x0, 0x2d, 0xf2, 0x0,
    0x2f, 0xb7, 0x78, 0xbf, 0xf4, 0x0, 0x2, 0xff,
    0xff, 0xfd, 0x81, 0x0, 0x0,

    /* U+00D1 "Ñ" */
    0x0, 0x5, 0xf9, 0x1e, 0x30, 0x0, 0x0, 0xc7,
    0x9f, 0xd0, 0x0, 0x0, 0x2, 0x0, 0x10, 0x0,
    0x0, 0x0, 0x0, 0x0, 0x0, 0x0, 0x7f, 0xc0,
    0x0, 0x0, 0xc, 0xd7, 0xff, 0x60, 0x0, 0x0,
    0xcd, 0x7f, 0xcf, 0x10, 0x0, 0xc, 0xd7, 0xf4,
    0xfb, 0x0, 0x0, 0xcd, 0x7f, 0x28, 0xf5, 0x0,
    0xc, 0xd7, 0xf2, 0xd, 0xe1, 0x0, 0xcd, 0x7f,
    0x20, 0x4f, 0x90, 0xc, 0xd7, 0xf2, 0x0, 0x9f,
    0x40, 0xcd, 0x7f, 0x20, 0x1, 0xed, 0xc, 0xd7,
    0xf2, 0x0, 0x5, 0xf7, 0xcd, 0x7f, 0x20, 0x0,
    0xa, 0xfc, 0xd7, 0xf2, 0x0, 0x0, 0x1f, 0xfd,
    0x7f, 0x20, 0x0, 0x0, 0x6f, 0xd0,

    /* U+00D2 "Ò" */
    0x0, 0x2, 0x83, 0x0, 0x0, 0x0, 0x0, 0x0,
    0xcc, 0x0, 0x0, 0x0, 0x0, 0x0, 0x2f, 0x40,
    0x0, 0x0, 0x0, 0x0, 0x0, 0x0, 0x0, 0x0,
    0x0, 0x0, 0x0, 0x0, 0x0, 0x0, 0x0, 0x18,
    0xdf, 0xfc, 0x60, 0x0, 0x2, 0xef, 0xc9, 0x9e,
    0xfb, 0x0, 0xd, 0xf4, 0x0, 0x0, 0x8f, 0x90,
    0x6f, 0x60, 0x0, 0x0, 0xa, 0xf2, 0xbe, 0x0,
    0x0, 0x0, 0x3, 0xf7, 0xeb, 0x0, 0x0, 0x0,
    0x0, 0xf9, 0xfa, 0x0, 0x0, 0x0, 0x0, 0xea,
    0xeb, 0x0, 0x0, 0x0, 0x0, 0xf9, 0xbe, 0x0,
    0x0, 0x0, 0x3, 0xf7, 0x6f, 0x60, 0x0, 0x0,
    0xa, 0xf2, 0xd, 0xf4, 0x0, 0x0, 0x8f, 0x90,
    0x2, 0xef, 0xc9, 0x9e, 0xfb, 0x0, 0x0, 0x18,
    0xdf, 0xfc, 0x60, 0x0,

    /* U+00D3 "Ó" */
    0x0, 0x0, 0x0, 0x57, 0x0, 0x0, 0x0, 0x0,
    0x1, 0xf7, 0x0, 0x0, 0x0, 0x0, 0x9, 0xc0,
    0x0, 0x0, 0x0, 0x0, 0x0, 0x0, 0x0, 0x0,
    0x0, 0x0, 0x0, 0x0, 0x0, 0x0, 0x0, 0x18,
    0xdf, 0xfc, 0x60, 0x0, 0x2, 0xef, 0xc9, 0x9e,
    0xfb, 0x0, 0xd, 0xf4, 0x0, 0x0, 0x8f, 0x90,
    0x6f, 0x60, 0x0, 0x0, 0xa, 0xf2, 0xbe, 0x0,
    0x0, 0x0, 0x3, 0xf7, 0xeb, 0x0, 0x0, 0x0,
    0x0, 0xf9, 0xfa, 0x0, 0x0, 0x0, 0x0, 0xea,
    0xeb, 0x0, 0x0, 0x0, 0x0, 0xf9, 0xbe, 0x0,
    0x0, 0x0, 0x3, 0xf7, 0x6f, 0x60, 0x0, 0x0,
    0xa, 0xf2, 0xd, 0xf4, 0x0, 0x0, 0x8f, 0x90,
    0x2, 0xef, 0xc9, 0x9e, 0xfb, 0x0, 0x0, 0x18,
    0xdf, 0xfc, 0x60, 0x0,

    /* U+00D4 "Ô" */
    0x0, 0x0, 0x17, 0x60, 0x0, 0x0, 0x0, 0x0,
    0xbc, 0xe6, 0x0, 0x0, 0x0, 0x9, 0xe1, 0x4f,
    0x40, 0x0, 0x0, 0x0, 0x0, 0x0, 0x0, 0x0,
    0x0, 0x0, 0x0, 0x0, 0x0, 0x0, 0x0, 0x18,
    0xdf, 0xfc, 0x60, 0x0, 0x2, 0xef, 0xc9, 0x9e,
    0xfb, 0x0, 0xd, 0xf4, 0x0, 0x0, 0x8f, 0x90,
    0x6f, 0x60, 0x0, 0x0, 0xa, 0xf2, 0xbe, 0x0,
    0x0, 0x0, 0x3, 0xf7, 0xeb, 0x0, 0x0, 0x0,
    0x0, 0xf9, 0xfa, 0x0, 0x0, 0x0, 0x0, 0xea,
    0xeb, 0x0, 0x0, 0x0, 0x0, 0xf9, 0xbe, 0x0,
    0x0, 0x0, 0x3, 0xf7, 0x6f, 0x60, 0x0, 0x0,
    0xa, 0xf2, 0xd, 0xf4, 0x0, 0x0, 0x8f, 0x90,
    0x2, 0xef, 0xc9, 0x9e, 0xfb, 0x0, 0x0, 0x18,
    0xdf, 0xfc, 0x60, 0x0,

    /* U+00D5 "Õ" */
    0x0, 0x3, 0xeb, 0x1c, 0x50, 0x0, 0x0, 0x9,
    0x97, 0xfe, 0x10, 0x0, 0x0, 0x1, 0x10, 0x11,
    0x0, 0x0, 0x0, 0x0, 0x0, 0x0, 0x0, 0x0,
    0x0, 0x18, 0xdf, 0xfc, 0x60, 0x0, 0x2, 0xef,
    0xc9, 0x9e, 0xfb, 0x0, 0xd, 0xf4, 0x0, 0x0,
    0x8f, 0x90, 0x6f, 0x60, 0x0, 0x0, 0xa, 0xf2,
    0xbe, 0x0, 0x0, 0x0, 0x3, 0xf7, 0xeb, 0x0,
    0x0, 0x0, 0x0, 0xf9, 0xfa, 0x0, 0x0, 0x0,
    0x0, 0xea, 0xeb, 0x0, 0x0, 0x0, 0x0, 0xf9,
    0xbe, 0x0, 0x0, 0x0, 0x3, 0xf7, 0x6f, 0x60,
    0x0, 0x0, 0xa, 0xf2, 0xd, 0xf4, 0x0, 0x0,
    0x8f, 0x90, 0x2, 0xef, 0xc9, 0x9e, 0xfb, 0x0,
    0x0, 0x18, 0xdf, 0xfc, 0x60, 0x0,

    /* U+00D6 "Ö" */
    0x0, 0x0, 0x0, 0x0, 0x0, 0x0, 0x0, 0xd,
    0xe0, 0x3f, 0x90, 0x0, 0x0, 0xc, 0xc0, 0x2e,
    0x80, 0x0, 0x0, 0x0, 0x0, 0x0, 0x0, 0x0,
    0x0, 0x0, 0x0, 0x0, 0x0, 0x0, 0x0, 0x18,
    0xdf, 0xfc, 0x60, 0x0, 0x2, 0xef, 0xc9, 0x9e,
    0xfb, 0x0, 0xd, 0xf4, 0x0, 0x0, 0x8f, 0x90,
    0x6f, 0x60, 0x0, 0x0, 0xa, 0xf2, 0xbe, 0x0,
    0x0, 0x0, 0x3, 0xf7, 0xeb, 0x0, 0x0, 0x0,
    0x0, 0xf9, 0xfa, 0x0, 0x0, 0x0, 0x0, 0xea,
    0xeb, 0x0, 0x0, 0x0, 0x0, 0xf9, 0xbe, 0x0,
    0x0, 0x0, 0x3, 0xf7, 0x6f, 0x60, 0x0, 0x0,
    0xa, 0xf2, 0xd, 0xf4, 0x0, 0x0, 0x8f, 0x90,
    0x2, 0xef, 0xc9, 0x9e, 0xfb, 0x0, 0x0, 0x18,
    0xdf, 0xfc, 0x60, 0x0,

    /* U+00D7 "×" */
    0x2, 0x0, 0x0, 0x1, 0x10, 0xe, 0xa0, 0x0,
    0x1c, 0xc0, 0x6, 0xfa, 0x0, 0xcf, 0x30, 0x0,
    0x6f, 0xac, 0xf3, 0x0, 0x0, 0x7, 0xff, 0x40,
    0x0, 0x0, 0xc, 0xff, 0x90, 0x0, 0x0, 0xbf,
    0x46, 0xf9, 0x0, 0xb, 0xf4, 0x0, 0x7f, 0x90,
    0xa, 0x40, 0x0, 0x7, 0x80,

    /* U+00D8 "Ø" */
    0x0, 0x0, 0x0, 0x0, 0x0, 0x0, 0x0, 0x18,
    0xdf, 0xfc, 0x67, 0xd0, 0x2, 0xef, 0xc9, 0x9e,
    0xff, 0x80, 0xd, 0xf4, 0x0, 0x1, 0xff, 0x90,
    0x6f, 0x60, 0x0, 0x9, 0xfc, 0xf2, 0xbe, 0x0,
    0x0, 0x5f, 0x63, 0xf7, 0xeb, 0x0, 0x1, 0xfa,
    0x0, 0xf9, 0xfa, 0x0, 0xc, 0xe1, 0x0, 0xea,
    0xeb, 0x0, 0x7f, 0x40, 0x0, 0xf9, 0xbe, 0x3,
    0xf8, 0x0, 0x3, 0xf7, 0x6f, 0x7d, 0xc0, 0x0,
    0xa, 0xf2, 0xd, 0xff, 0x20, 0x0, 0x8f, 0x90,
    0x7, 0xff, 0xc9, 0x9e, 0xfb, 0x0, 0x2f, 0xa8,
    0xdf, 0xfc, 0x60, 0x0, 0x1a, 0x10, 0x0, 0x0,
    0x0, 0x0,

    /* U+00D9 "Ù" */
    0x0, 0x4, 0x81, 0x0, 0x0, 0x0, 0x0, 0x1e,
    0x90, 0x0, 0x0, 0x0, 0x0, 0x5f, 0x10, 0x0,
    0x0, 0x0, 0x0, 0x0, 0x0, 0x0, 0x0, 0x0,
    0x0, 0x0, 0x0, 0x8, 0xf2, 0x0, 0x0, 0x0,
    0xeb, 0x8f, 0x20, 0x0, 0x0, 0xe, 0xb8, 0xf2,
    0x0, 0x0, 0x0, 0xeb, 0x8f, 0x20, 0x0, 0x0,
    0xe, 0xb8, 0xf2, 0x0, 0x0, 0x0, 0xeb, 0x8f,
    0x20, 0x0, 0x0, 0xe, 0xb8, 0xf2, 0x0, 0x0,
    0x0, 0xeb, 0x8f, 0x20, 0x0, 0x0, 0xe, 0xb7,
    0xf2, 0x0, 0x0, 0x0, 0xfb, 0x5f, 0x60, 0x0,
    0x0, 0x2f, 0x91, 0xfe, 0x20, 0x0, 0x1c, 0xf3,
    0x4, 0xff, 0xb9, 0xaf, 0xf7, 0x0, 0x2, 0xae,
    0xfe, 0xb4, 0x0,

    /* U+00DA "Ú" */
    0x0, 0x0, 0x0, 0x76, 0x0, 0x0, 0x0, 0x0,
    0x5f, 0x40, 0x0, 0x0, 0x0, 0xd, 0x90, 0x0,
    0x0, 0x0, 0x0, 0x0, 0x0, 0x0, 0x0, 0x0,
    0x0, 0x0, 0x0, 0x8, 0xf2, 0x0, 0x0, 0x0,
    0xeb, 0x8f, 0x20, 0x0, 0x0, 0xe, 0xb8, 0xf2,
    0x0, 0x0, 0x0, 0xeb, 0x8f, 0x20, 0x0, 0x0,
    0xe, 0xb8, 0xf2, 0x0, 0x0, 0x0, 0xeb, 0x8f,
    0x20, 0x0, 0x0, 0xe, 0xb8, 0xf2, 0x0, 0x0,
    0x0, 0xeb, 0x8f, 0x20, 0x0, 0x0, 0xe, 0xb7,
    0xf2, 0x0, 0x0, 0x0, 0xfb, 0x5f, 0x60, 0x0,
    0x0, 0x2f, 0x91, 0xfe, 0x20, 0x0, 0x1c, 0xf3,
    0x4, 0xff, 0xb9, 0xaf, 0xf7, 0x0, 0x2, 0xae,
    0xfe, 0xb4, 0x0,

    /* U+00DB "Û" */
    0x0, 0x0, 0x28, 0x40, 0x0, 0x0, 0x0, 0x1e,
    0xbf, 0x30, 0x0, 0x0, 0xc, 0xb0, 0x8e, 0x10,
    0x0, 0x0, 0x0, 0x0, 0x0, 0x0, 0x0, 0x0,
    0x0, 0x0, 0x0, 0x8, 0xf2, 0x0, 0x0, 0x0,
    0xeb, 0x8f, 0x20, 0x0, 0x0, 0xe, 0xb8, 0xf2,
    0x0, 0x0, 0x0, 0xeb, 0x8f, 0x20, 0x0, 0x0,
    0xe, 0xb8, 0xf2, 0x0, 0x0, 0x0, 0xeb, 0x8f,
    0x20, 0x0, 0x0, 0xe, 0xb8, 0xf2, 0x0, 0x0,
    0x0, 0xeb, 0x8f, 0x20, 0x0, 0x0, 0xe, 0xb7,
    0xf2, 0x0, 0x0, 0x0, 0xfb, 0x5f, 0x60, 0x0,
    0x0, 0x2f, 0x91, 0xfe, 0x20, 0x0, 0x1c, 0xf3,
    0x4, 0xff, 0xb9, 0xaf, 0xf7, 0x0, 0x2, 0xae,
    0xfe, 0xb4, 0x0,

    /* U+00DC "Ü" */
    0x0, 0x0, 0x0, 0x1, 0x0, 0x0, 0x2, 0xfa,
    0x6, 0xf5, 0x0, 0x0, 0x1e, 0x90, 0x5f, 0x40,
    0x0, 0x0, 0x0, 0x0, 0x0, 0x0, 0x0, 0x0,
    0x0, 0x0, 0x0, 0x8, 0xf2, 0x0, 0x0, 0x0,
    0xeb, 0x8f, 0x20, 0x0, 0x0, 0xe, 0xb8, 0xf2,
    0x0, 0x0, 0x0, 0xeb, 0x8f, 0x20, 0x0, 0x0,
    0xe, 0xb8, 0xf2, 0x0, 0x0, 0x0, 0xeb, 0x8f,
    0x20, 0x0, 0x0, 0xe, 0xb8, 0xf2, 0x0, 0x0,
    0x0, 0xeb, 0x8f, 0x20, 0x0, 0x0, 0xe, 0xb7,
    0xf2, 0x0, 0x0, 0x0, 0xfb, 0x5f, 0x60, 0x0,
    0x0, 0x2f, 0x91, 0xfe, 0x20, 0x0, 0x1c, 0xf3,
    0x4, 0xff, 0xb9, 0xaf, 0xf7, 0x0, 0x2, 0xae,
    0xfe, 0xb4, 0x0,

    /* U+00DD "Ý" */
    0x0, 0x0, 0x0, 0xae, 0x10, 0x0, 0x0, 0x0,
    0x2, 0xf4, 0x0, 0x0, 0x0, 0x0, 0x4, 0x60,
    0x0, 0x0, 0x0, 0x0, 0x0, 0x0, 0x0, 0x0,
    0x4f, 0x90, 0x0, 0x0, 0x8, 0xf6, 0xa, 0xf3,
    0x0, 0x0, 0x2f, 0xb0, 0x1, 0xfd, 0x0, 0x0,
    0xcf, 0x20, 0x0, 0x6f, 0x70, 0x6, 0xf7, 0x0,
    0x0, 0xc, 0xf2, 0x1e, 0xd0, 0x0, 0x0, 0x2,
    0xfa, 0x9f, 0x30, 0x0, 0x0, 0x0, 0x8f, 0xf9,
    0x0, 0x0, 0x0, 0x0, 0xe, 0xf1, 0x0, 0x0,
    0x0, 0x0, 0xc, 0xd0, 0x0, 0x0, 0x0, 0x0,
    0xc, 0xd0, 0x0, 0x0, 0x0, 0x0, 0xc, 0xd0,
    0x0, 0x0, 0x0, 0x0, 0xc, 0xd0, 0x0, 0x0,
    0x0, 0x0, 0xc, 0xd0, 0x0, 0x0,

    /* U+00DE "Þ" */
    0x9f, 0x10, 0x0, 0x0, 0x9, 0xf1, 0x0, 0x0,
    0x0, 0x9f, 0x32, 0x21, 0x0, 0x9, 0xff, 0xff,
    0xfd, 0x40, 0x9f, 0x65, 0x56, 0xdf, 0x49, 0xf1,
    0x0, 0x0, 0xeb, 0x9f, 0x10, 0x0, 0xa, 0xe9,
    0xf1, 0x0, 0x0, 0xdc, 0x9f, 0x32, 0x23, 0xaf,
    0x69, 0xff, 0xff, 0xff, 0x70, 0x9f, 0x65, 0x54,
    0x0, 0x9, 0xf1, 0x0, 0x0, 0x0, 0x9f, 0x10,
    0x0, 0x0, 0x0,

    /* U+00DF "ß" */
    0x1, 0x9e, 0xfd, 0x80, 0x0, 0xdf, 0xa7, 0xbf,
    0xa0, 0x5f, 0x60, 0x0, 0xaf, 0x17, 0xf2, 0x0,
    0x6, 0xf2, 0x7f, 0x10, 0x0, 0xbd, 0x7, 0xf1,
    0x28, 0xbc, 0x20, 0x7f, 0x14, 0xff, 0xd7, 0x7,
    0xf1, 0x0, 0x18, 0xf7, 0x7f, 0x10, 0x0, 0xc,
    0xe7, 0xf1, 0x0, 0x0, 0x9f, 0x7f, 0x10, 0x0,
    0xe, 0xc7, 0xf1, 0x27, 0x8d, 0xf4, 0x7f, 0x14,
    0xff, 0xc4, 0x0,

    /* U+00E0 "à" */
    0x0, 0x2f, 0x80, 0x0, 0x0, 0x0, 0x7f, 0x10,
    0x0, 0x0, 0x0, 0x73, 0x0, 0x0, 0x0, 0x0,
    0x0, 0x0, 0x0, 0x5c, 0xff, 0xb3, 0x0, 0x6f,
    0xc7, 0x7d, 0xf2, 0x8, 0xa0, 0x0, 0x1f, 0x80,
    0x0, 0x0, 0x1, 0xf9, 0x0, 0x59, 0xce, 0xff,
    0x90, 0xbf, 0xb8, 0x52, 0xf9, 0x2f, 0x80, 0x0,
    0xf, 0x92, 0xf6, 0x0, 0x6, 0xf9, 0xd, 0xf8,
    0x7a, 0xdf, 0x90, 0x1a, 0xff, 0xb2, 0xf9,

    /* U+00E1 "á" */
    0x0, 0x0, 0xd, 0xc0, 0x0, 0x0, 0x5, 0xf2,
    0x0, 0x0, 0x0, 0x54, 0x0, 0x0, 0x0, 0x0,
    0x0, 0x0, 0x0, 0x5c, 0xff, 0xb3, 0x0, 0x6f,
    0xc7, 0x7d, 0xf2, 0x8, 0xa0, 0x0, 0x1f, 0x80,
    0x0, 0x0, 0x1, 0xf9, 0x0, 0x59, 0xce, 0xff,
    0x90, 0xbf, 0xb8, 0x52, 0xf9, 0x2f, 0x80, 0x0,
    0xf, 0x92, 0xf6, 0x0, 0x6, 0xf9, 0xd, 0xf8,
    0x7a, 0xdf, 0x90, 0x1a, 0xff, 0xb2, 0xf9,

    /* U+00E2 "â" */
    0x0, 0x5, 0xfe, 0x10, 0x0, 0x3, 0xf6, 0xac,
    0x0, 0x0, 0x66, 0x0, 0x73, 0x0, 0x0, 0x0,
    0x0, 0x0, 0x0, 0x5c, 0xff, 0xb3, 0x0, 0x6f,
    0xc7, 0x7d, 0xf2, 0x8, 0xa0, 0x0, 0x1f, 0x80,
    0x0, 0x0, 0x1, 0xf9, 0x0, 0x59, 0xce, 0xff,
    0x90, 0xbf, 0xb8, 0x52, 0xf9, 0x2f, 0x80, 0x0,
    0xf, 0x92, 0xf6, 0x0, 0x6, 0xf9, 0xd, 0xf8,
    0x7a, 0xdf, 0x90, 0x1a, 0xff, 0xb2, 0xf9,

    /* U+00E3 "ã" */
    0x0, 0x6f, 0xff, 0xf3, 0x0, 0x1, 0x22, 0x21,
    0x0, 0x0, 0x0, 0x0, 0x0, 0x0, 0x5, 0xcf,
    0xfb, 0x30, 0x6, 0xfc, 0x77, 0xdf, 0x20, 0x8a,
    0x0, 0x1, 0xf8, 0x0, 0x0, 0x0, 0x1f, 0x90,
    0x5, 0x9c, 0xef, 0xf9, 0xb, 0xfb, 0x85, 0x2f,
    0x92, 0xf8, 0x0, 0x0, 0xf9, 0x2f, 0x60, 0x0,
    0x6f, 0x90, 0xdf, 0x87, 0xad, 0xf9, 0x1, 0xaf,
    0xfb, 0x2f, 0x90,

    /* U+00E4 "ä" */
    0x0, 0xcc, 0x2, 0xf7, 0x0, 0xe, 0xd0, 0x3f,
    0x80, 0x0, 0x0, 0x0, 0x10, 0x0, 0x5, 0xcf,
    0xfb, 0x30, 0x6, 0xfc, 0x77, 0xdf, 0x20, 0x8a,
    0x0, 0x1, 0xf8, 0x0, 0x0, 0x0, 0x1f, 0x90,
    0x5, 0x9c, 0xef, 0xf9, 0xb, 0xfb, 0x85, 0x2f,
    0x92, 0xf8, 0x0, 0x0, 0xf9, 0x2f, 0x60, 0x0,
    0x6f, 0x90, 0xdf, 0x87, 0xad, 0xf9, 0x1, 0xaf,
    0xfb, 0x2f, 0x90,

    /* U+00E5 "å" */
    0x0, 0x8, 0xed, 0x40, 0x0, 0x5, 0xe3, 0x7f,
    0x0, 0x0, 0x5e, 0x4, 0xf0, 0x0, 0x0, 0xbf,
    0xf7, 0x0, 0x0, 0x0, 0x10, 0x0, 0x0, 0x5,
    0xcf, 0xfb, 0x30, 0x6, 0xfc, 0x77, 0xdf, 0x20,
    0x8a, 0x0, 0x1, 0xf8, 0x0, 0x0, 0x0, 0x1f,
    0x90, 0x5, 0x9c, 0xef, 0xf9, 0xb, 0xfb, 0x85,
    0x2f, 0x92, 0xf8, 0x0, 0x0, 0xf9, 0x2f, 0x60,
    0x0, 0x6f, 0x90, 0xdf, 0x87, 0xad, 0xf9, 0x1,
    0xaf, 0xfb, 0x2f, 0x90,

    /* U+00E6 "æ" */
    0x0, 0x5c, 0xff, 0xb2, 0x19, 0xef, 0xd6, 0x0,
    0x7, 0xfc, 0x77, 0xde, 0xde, 0x86, 0xbf, 0x80,
    0x7, 0x80, 0x0, 0x2f, 0xf2, 0x0, 0x8, 0xf2,
    0x0, 0x0, 0x1, 0x1f, 0xa1, 0x11, 0x13, 0xf6,
    0x1, 0x9e, 0xff, 0xff, 0xff, 0xff, 0xff, 0xf8,
    0xd, 0xf8, 0x44, 0x4f, 0x94, 0x44, 0x44, 0x42,
    0x2f, 0x70, 0x0, 0xf, 0x90, 0x0, 0x0, 0x0,
    0x2f, 0x70, 0x0, 0x5f, 0xf2, 0x0, 0x7, 0xe2,
    0xc, 0xf8, 0x69, 0xf8, 0xdf, 0x86, 0xaf, 0xb0,
    0x1, 0xaf, 0xfc, 0x50, 0x19, 0xef, 0xd8, 0x0,

    /* U+00E7 "ç" */
    0x0, 0x1a, 0xef, 0xd6, 0x0, 0x1, 0xef, 0x87,
    0xbf, 0x90, 0xa, 0xf2, 0x0, 0x9, 0xf1, 0xf,
    0xa0, 0x0, 0x0, 0x0, 0x1f, 0x70, 0x0, 0x0,
    0x0, 0x1f, 0x70, 0x0, 0x0, 0x0, 0xf, 0xa0,
    0x0, 0x0, 0x10, 0xa, 0xf2, 0x0, 0x9, 0xf1,
    0x1, 0xef, 0x87, 0xbf, 0x80, 0x0, 0x1a, 0xef,
    0xd6, 0x0, 0x0, 0x0, 0x3c, 0x20, 0x0, 0x0,
    0x0, 0x3b, 0xf3, 0x0, 0x0, 0x0, 0x0, 0xd5,
    0x0, 0x0, 0x0, 0xaf, 0xc1, 0x0,

    /* U+00E8 "è" */
    0x0, 0xc, 0xd0, 0x0, 0x0, 0x0, 0x2, 0xf6,
    0x0, 0x0, 0x0, 0x0, 0x46, 0x0, 0x0, 0x0,
    0x0, 0x0, 0x0, 0x0, 0x0, 0x1a, 0xef, 0xd6,
    0x0, 0x1, 0xee, 0x86, 0xbf, 0x80, 0xa, 0xe1,
    0x0, 0xa, 0xf2, 0xf, 0x91, 0x11, 0x14, 0xf6,
    0x1f, 0xff, 0xff, 0xff, 0xf7, 0x1f, 0x94, 0x44,
    0x44, 0x42, 0xf, 0x90, 0x0, 0x0, 0x0, 0xa,
    0xf2, 0x0, 0x7, 0xe2, 0x1, 0xef, 0x87, 0xaf,
    0xb0, 0x0, 0x1a, 0xef, 0xd8, 0x0,

    /* U+00E9 "é" */
    0x0, 0x0, 0x8, 0xf2, 0x0, 0x0, 0x0, 0x1f,
    0x70, 0x0, 0x0, 0x0, 0x27, 0x0, 0x0, 0x0,
    0x0, 0x0, 0x0, 0x0, 0x0, 0x1a, 0xef, 0xd6,
    0x0, 0x1, 0xee, 0x86, 0xbf, 0x80, 0xa, 0xe1,
    0x0, 0xa, 0xf2, 0xf, 0x91, 0x11, 0x14, 0xf6,
    0x1f, 0xff, 0xff, 0xff, 0xf7, 0x1f, 0x94, 0x44,
    0x44, 0x42, 0xf, 0x90, 0x0, 0x0, 0x0, 0xa,
    0xf2, 0x0, 0x7, 0xe2, 0x1, 0xef, 0x87, 0xaf,
    0xb0, 0x0, 0x1a, 0xef, 0xd8, 0x0,

    /* U+00EA "ê" */
    0x0, 0x1, 0xef, 0x50, 0x0, 0x0, 0xc, 0xb5,
    0xf3, 0x0, 0x0, 0x37, 0x10, 0x66, 0x0, 0x0,
    0x0, 0x0, 0x0, 0x0, 0x0, 0x1a, 0xef, 0xd6,
    0x0, 0x1, 0xee, 0x86, 0xbf, 0x80, 0xa, 0xe1,
    0x0, 0xa, 0xf2, 0xf, 0x91, 0x11, 0x14, 0xf6,
    0x1f, 0xff, 0xff, 0xff, 0xf7, 0x1f, 0x94, 0x44,
    0x44, 0x42, 0xf, 0x90, 0x0, 0x0, 0x0, 0xa,
    0xf2, 0x0, 0x7, 0xe2, 0x1, 0xef, 0x87, 0xaf,
    0xb0, 0x0, 0x1a, 0xef, 0xd8, 0x0,

    /* U+00EB "ë" */
    0x0, 0x7f, 0x30, 0xcd, 0x0, 0x0, 0x8f, 0x30,
    0xde, 0x0, 0x0, 0x1, 0x0, 0x0, 0x0, 0x0,
    0x1a, 0xef, 0xd6, 0x0, 0x1, 0xee, 0x86, 0xbf,
    0x80, 0xa, 0xe1, 0x0, 0xa, 0xf2, 0xf, 0x91,
    0x11, 0x14, 0xf6, 0x1f, 0xff, 0xff, 0xff, 0xf7,
    0x1f, 0x94, 0x44, 0x44, 0x42, 0xf, 0x90, 0x0,
    0x0, 0x0, 0xa, 0xf2, 0x0, 0x7, 0xe2, 0x1,
    0xef, 0x87, 0xaf, 0xb0, 0x0, 0x1a, 0xef, 0xd8,
    0x0,

    /* U+00EC "ì" */
    0xe, 0xc0, 0x5, 0xf2, 0x0, 0xc9, 0x0, 0x0,
    0x0, 0xae, 0x0, 0xae, 0x0, 0xae, 0x0, 0xae,
    0x0, 0xae, 0x0, 0xae, 0x0, 0xae, 0x0, 0xae,
    0x0, 0xae, 0x0, 0xae,

    /* U+00ED "í" */
    0x8, 0xf2, 0xe, 0x80, 0x6e, 0x10, 0x0, 0x0,
    0xae, 0x0, 0xae, 0x0, 0xae, 0x0, 0xae, 0x0,
    0xae, 0x0, 0xae, 0x0, 0xae, 0x0, 0xae, 0x0,
    0xae, 0x0, 0xae, 0x0,

    /* U+00EE "î" */
    0x2, 0xef, 0x40, 0x1d, 0xa6, 0xf2, 0x47, 0x0,
    0x65, 0x0, 0x0, 0x0, 0x0, 0xae, 0x0, 0x0,
    0xae, 0x0, 0x0, 0xae, 0x0, 0x0, 0xae, 0x0,
    0x0, 0xae, 0x0, 0x0, 0xae, 0x0, 0x0, 0xae,
    0x0, 0x0, 0xae, 0x0, 0x0, 0xae, 0x0, 0x0,
    0xae, 0x0,

    /* U+00EF "ï" */
    0x8e, 0x20, 0xdc, 0x9f, 0x20, 0xed, 0x0, 0x0,
    0x0, 0x0, 0xae, 0x0, 0x0, 0xae, 0x0, 0x0,
    0xae, 0x0, 0x0, 0xae, 0x0, 0x0, 0xae, 0x0,
    0x0, 0xae, 0x0, 0x0, 0xae, 0x0, 0x0, 0xae,
    0x0, 0x0, 0xae, 0x0, 0x0, 0xae, 0x0,

    /* U+00F0 "ð" */
    0x0, 0x9, 0x30, 0x1, 0x0, 0x0, 0xa, 0xf8,
    0x9f, 0x30, 0x0, 0x2, 0xdf, 0xe2, 0x0, 0x0,
    0x1f, 0x95, 0xf6, 0x0, 0x0, 0x1, 0x0, 0x6f,
    0x10, 0x0, 0x3c, 0xff, 0x8c, 0x90, 0x2, 0xfd,
    0x54, 0xad, 0xf0, 0xa, 0xf1, 0x0, 0xb, 0xf4,
    0xf, 0x90, 0x0, 0x4, 0xf6, 0x1f, 0x70, 0x0,
    0x1, 0xf7, 0x1f, 0x70, 0x0, 0x0, 0xf7, 0xf,
    0xa0, 0x0, 0x3, 0xf4, 0x9, 0xf2, 0x0, 0xb,
    0xe0, 0x1, 0xee, 0x87, 0xcf, 0x50, 0x0, 0x1a,
    0xff, 0xc4, 0x0,

    /* U+00F1 "ñ" */
    0x1, 0xef, 0xff, 0x90, 0x0, 0x2, 0x22, 0x20,
    0x0, 0x0, 0x0, 0x0, 0x0, 0xa, 0xd3, 0xcf,
    0xe9, 0x0, 0xae, 0xd7, 0x59, 0xf9, 0xa, 0xf4,
    0x0, 0xb, 0xf0, 0xae, 0x0, 0x0, 0x7f, 0x1a,
    0xe0, 0x0, 0x7, 0xf2, 0xae, 0x0, 0x0, 0x7f,
    0x2a, 0xe0, 0x0, 0x7, 0xf2, 0xae, 0x0, 0x0,
    0x7f, 0x2a, 0xe0, 0x0, 0x7, 0xf2, 0xae, 0x0,
    0x0, 0x7f, 0x20,

    /* U+00F2 "ò" */
    0x0, 0xb, 0xe0, 0x0, 0x0, 0x0, 0x1, 0xe7,
    0x0, 0x0, 0x0, 0x0, 0x36, 0x0, 0x0, 0x0,
    0x0, 0x0, 0x0, 0x0, 0x0, 0x1a, 0xef, 0xd6,
    0x0, 0x1, 0xef, 0x87, 0xbf, 0x90, 0xa, 0xf2,
    0x0, 0x9, 0xf3, 0xf, 0xa0, 0x0, 0x1, 0xf8,
    0x1f, 0x70, 0x0, 0x0, 0xeb, 0x1f, 0x70, 0x0,
    0x0, 0xdb, 0xf, 0xa0, 0x0, 0x1, 0xf8, 0xa,
    0xf2, 0x0, 0x9, 0xf3, 0x1, 0xef, 0x87, 0xbf,
    0x90, 0x0, 0x1a, 0xef, 0xd6, 0x0,

    /* U+00F3 "ó" */
    0x0, 0x0, 0x6, 0xf3, 0x0, 0x0, 0x0, 0xe,
    0x80, 0x0, 0x0, 0x0, 0x27, 0x0, 0x0, 0x0,
    0x0, 0x0, 0x0, 0x0, 0x0, 0x1a, 0xef, 0xd6,
    0x0, 0x1, 0xef, 0x87, 0xbf, 0x90, 0xa, 0xf2,
    0x0, 0x9, 0xf3, 0xf, 0xa0, 0x0, 0x1, 0xf8,
    0x1f, 0x70, 0x0, 0x0, 0xeb, 0x1f, 0x70, 0x0,
    0x0, 0xdb, 0xf, 0xa0, 0x0, 0x1, 0xf8, 0xa,
    0xf2, 0x0, 0x9, 0xf3, 0x1, 0xef, 0x87, 0xbf,
    0x90, 0x0, 0x1a, 0xef, 0xd6, 0x0,

    /* U+00F4 "ô" */
    0x0, 0x1, 0xdf, 0x70, 0x0, 0x0, 0xb, 0xc4,
    0xf4, 0x0, 0x0, 0x28, 0x10, 0x57, 0x0, 0x0,
    0x0, 0x0, 0x0, 0x0, 0x0, 0x1a, 0xef, 0xd6,
    0x0, 0x1, 0xef, 0x87, 0xbf, 0x90, 0xa, 0xf2,
    0x0, 0x9, 0xf3, 0xf, 0xa0, 0x0, 0x1, 0xf8,
    0x1f, 0x70, 0x0, 0x0, 0xeb, 0x1f, 0x70, 0x0,
    0x0, 0xdb, 0xf, 0xa0, 0x0, 0x1, 0xf8, 0xa,
    0xf2, 0x0, 0x9, 0xf3, 0x1, 0xef, 0x87, 0xbf,
    0x90, 0x0, 0x1a, 0xef, 0xd6, 0x0,

    /* U+00F5 "õ" */
    0x0, 0x1d, 0xff, 0xfa, 0x0, 0x0, 0x2, 0x22,
    0x20, 0x0, 0x0, 0x0, 0x0, 0x0, 0x0, 0x0,
    0x1a, 0xef, 0xd6, 0x0, 0x1, 0xef, 0x87, 0xbf,
    0x90, 0xa, 0xf2, 0x0, 0x9, 0xf3, 0xf, 0xa0,
    0x0, 0x1, 0xf8, 0x1f, 0x70, 0x0, 0x0, 0xeb,
    0x1f, 0x70, 0x0, 0x0, 0xdb, 0xf, 0xa0, 0x0,
    0x1, 0xf8, 0xa, 0xf2, 0x0, 0x9, 0xf3, 0x1,
    0xef, 0x87, 0xbf, 0x90, 0x0, 0x1a, 0xef, 0xd6,
    0x0,

    /* U+00F6 "ö" */
    0x0, 0x5f, 0x40, 0xae, 0x0, 0x0, 0x7f, 0x50,
    0xbf, 0x10, 0x0, 0x1, 0x0, 0x0, 0x0, 0x0,
    0x1a, 0xef, 0xd6, 0x0, 0x1, 0xef, 0x87, 0xbf,
    0x90, 0xa, 0xf2, 0x0, 0x9, 0xf3, 0xf, 0xa0,
    0x0, 0x1, 0xf8, 0x1f, 0x70, 0x0, 0x0, 0xeb,
    0x1f, 0x70, 0x0, 0x0, 0xdb, 0xf, 0xa0, 0x0,
    0x1, 0xf8, 0xa, 0xf2, 0x0, 0x9, 0xf3, 0x1,
    0xef, 0x87, 0xbf, 0x90, 0x0, 0x1a, 0xef, 0xd6,
    0x0,

    /* U+00F7 "÷" */
    0x0, 0x1, 0xeb, 0x0, 0x0, 0x0, 0x3f, 0xf0,
    0x0, 0x0, 0x0, 0x42, 0x0, 0x0, 0x0, 0x0,
    0x0, 0x0, 0x3f, 0xff, 0xff, 0xff, 0xf1, 0x88,
    0x88, 0x88, 0x88, 0x0, 0x0, 0x32, 0x0, 0x0,
    0x0, 0x3f, 0xe0, 0x0, 0x0, 0x1, 0xeb, 0x0,
    0x0,

    /* U+00F8 "ø" */
    0x0, 0x0, 0x0, 0x0, 0x0, 0x0, 0x1a, 0xef,
    0xd6, 0xaa, 0x1, 0xef, 0x87, 0xbf, 0xf2, 0xa,
    0xf2, 0x0, 0x5f, 0xf3, 0xf, 0xa0, 0x3, 0xf8,
    0xf8, 0x1f, 0x70, 0x2e, 0x90, 0xeb, 0x1f, 0x70,
    0xdb, 0x0, 0xdb, 0xf, 0xab, 0xd1, 0x1, 0xf8,
    0xa, 0xfe, 0x20, 0x9, 0xf3, 0x7, 0xff, 0x87,
    0xbf, 0x90, 0x1f, 0x7a, 0xef, 0xd6, 0x0, 0x2,
    0x0, 0x0, 0x0, 0x0,

    /* U+00F9 "ù" */
    0x0, 0xbe, 0x0, 0x0, 0x0, 0x1, 0xf6, 0x0,
    0x0, 0x0, 0x4, 0x60, 0x0, 0x0, 0x0, 0x0,
    0x0, 0x0, 0xae, 0x0, 0x0, 0x7f, 0x2a, 0xe0,
    0x0, 0x7, 0xf2, 0xae, 0x0, 0x0, 0x7f, 0x2a,
    0xe0, 0x0, 0x7, 0xf2, 0xae, 0x0, 0x0, 0x7f,
    0x2a, 0xe0, 0x0, 0x7, 0xf2, 0xae, 0x0, 0x0,
    0x8f, 0x28, 0xf3, 0x0, 0xd, 0xf2, 0x2f, 0xe8,
    0x7d, 0xcf, 0x20, 0x4c, 0xfe, 0x76, 0xf2,

    /* U+00FA "ú" */
    0x0, 0x0, 0x7f, 0x30, 0x0, 0x0, 0xe, 0x70,
    0x0, 0x0, 0x2, 0x70, 0x0, 0x0, 0x0, 0x0,
    0x0, 0x0, 0xae, 0x0, 0x0, 0x7f, 0x2a, 0xe0,
    0x0, 0x7, 0xf2, 0xae, 0x0, 0x0, 0x7f, 0x2a,
    0xe0, 0x0, 0x7, 0xf2, 0xae, 0x0, 0x0, 0x7f,
    0x2a, 0xe0, 0x0, 0x7, 0xf2, 0xae, 0x0, 0x0,
    0x8f, 0x28, 0xf3, 0x0, 0xd, 0xf2, 0x2f, 0xe8,
    0x7d, 0xcf, 0x20, 0x4c, 0xfe, 0x76, 0xf2,

    /* U+00FB "û" */
    0x0, 0x1d, 0xf6, 0x0, 0x0, 0xc, 0xb5, 0xf3,
    0x0, 0x3, 0x81, 0x5, 0x60, 0x0, 0x0, 0x0,
    0x0, 0x0, 0xae, 0x0, 0x0, 0x7f, 0x2a, 0xe0,
    0x0, 0x7, 0xf2, 0xae, 0x0, 0x0, 0x7f, 0x2a,
    0xe0, 0x0, 0x7, 0xf2, 0xae, 0x0, 0x0, 0x7f,
    0x2a, 0xe0, 0x0, 0x7, 0xf2, 0xae, 0x0, 0x0,
    0x8f, 0x28, 0xf3, 0x0, 0xd, 0xf2, 0x2f, 0xe8,
    0x7d, 0xcf, 0x20, 0x4c, 0xfe, 0x76, 0xf2,

    /* U+00FC "ü" */
    0x6, 0xf3, 0xb, 0xd0, 0x0, 0x8f, 0x40, 0xce,
    0x0, 0x0, 0x10, 0x0, 0x0, 0xa, 0xe0, 0x0,
    0x7, 0xf2, 0xae, 0x0, 0x0, 0x7f, 0x2a, 0xe0,
    0x0, 0x7, 0xf2, 0xae, 0x0, 0x0, 0x7f, 0x2a,
    0xe0, 0x0, 0x7, 0xf2, 0xae, 0x0, 0x0, 0x7f,
    0x2a, 0xe0, 0x0, 0x8, 0xf2, 0x8f, 0x30, 0x0,
    0xdf, 0x22, 0xfe, 0x87, 0xdc, 0xf2, 0x4, 0xcf,
    0xe7, 0x6f, 0x20,

    /* U+00FD "ý" */
    0x0, 0x0, 0x5, 0x70, 0x0, 0x0, 0x0, 0x1f,
    0x90, 0x0, 0x0, 0x0, 0x7d, 0x0, 0x0, 0x0,
    0x0, 0x0, 0x0, 0x0, 0x6f, 0x50, 0x0, 0x6,
    0xf4, 0xf, 0xa0, 0x0, 0xb, 0xe0, 0xa, 0xf0,
    0x0, 0x1f, 0x90, 0x4, 0xf5, 0x0, 0x6f, 0x30,
    0x0, 0xeb, 0x0, 0xcd, 0x0, 0x0, 0x8f, 0x11,
    0xf7, 0x0, 0x0, 0x2f, 0x67, 0xf1, 0x0, 0x0,
    0xd, 0xbc, 0xb0, 0x0, 0x0, 0x7, 0xff, 0x50,
    0x0, 0x0, 0x1, 0xff, 0x0, 0x0, 0x0, 0x0,
    0xf9, 0x0, 0x0, 0x0, 0x5, 0xf3, 0x0, 0x0,
    0x4, 0x8e, 0xc0, 0x0, 0x0, 0xa, 0xfb, 0x10,
    0x0, 0x0,

    /* U+00FE "þ" */
    0xae, 0x0, 0x0, 0x0, 0xa, 0xe0, 0x0, 0x0,
    0x0, 0xae, 0x0, 0x0, 0x0, 0xa, 0xe2, 0xbf,
    0xfa, 0x10, 0xae, 0xda, 0x79, 0xfd, 0x1a, 0xf8,
    0x0, 0x4, 0xf8, 0xaf, 0x0, 0x0, 0xd, 0xda,
    0xd0, 0x0, 0x0, 0xaf, 0xad, 0x0, 0x0, 0xa,
    0xfa, 0xf1, 0x0, 0x0, 0xdd, 0xaf, 0x80, 0x0,
    0x4f, 0x8a, 0xed, 0xa7, 0x9f, 0xd1, 0xae, 0x1b,
    0xff, 0xa1, 0xa, 0xe0, 0x0, 0x0, 0x0, 0xae,
    0x0, 0x0, 0x0, 0xa, 0xe0, 0x0, 0x0, 0x0,
    0xae, 0x0, 0x0, 0x0, 0x0,

    /* U+00FF "ÿ" */
    0x0, 0xbd, 0x1, 0xe9, 0x0, 0x0, 0xce, 0x11,
    0xfa, 0x0, 0x0, 0x0, 0x0, 0x0, 0x0, 0x6f,
    0x50, 0x0, 0x6, 0xf4, 0xf, 0xa0, 0x0, 0xb,
    0xe0, 0xa, 0xf0, 0x0, 0x1f, 0x90, 0x4, 0xf5,
    0x0, 0x6f, 0x30, 0x0, 0xeb, 0x0, 0xcd, 0x0,
    0x0, 0x8f, 0x11, 0xf7, 0x0, 0x0, 0x2f, 0x67,
    0xf1, 0x0, 0x0, 0xd, 0xbc, 0xb0, 0x0, 0x0,
    0x7, 0xff, 0x50, 0x0, 0x0, 0x1, 0xff, 0x0,
    0x0, 0x0, 0x0, 0xf9, 0x0, 0x0, 0x0, 0x5,
    0xf3, 0x0, 0x0, 0x4, 0x8e, 0xc0, 0x0, 0x0,
    0xa, 0xfb, 0x10, 0x0, 0x0,

    /* U+25B2 "▲" */
    0x0, 0x0, 0x0, 0x0, 0x34, 0x0, 0x0, 0x0,
    0x0, 0x0, 0x0, 0x0, 0x0, 0xcd, 0x0, 0x0,
    0x0, 0x0, 0x0, 0x0, 0x0, 0x6, 0xff, 0x60,
    0x0, 0x0, 0x0, 0x0, 0x0, 0x0, 0x1e, 0xff,
    0xf1, 0x0, 0x0, 0x0, 0x0, 0x0, 0x0, 0x9f,
    0xff, 0xf9, 0x0, 0x0, 0x0, 0x0, 0x0, 0x2,
    0xff, 0xff, 0xff, 0x30, 0x0, 0x0, 0x0, 0x0,
    0xc, 0xff, 0xff, 0xff, 0xc0, 0x0, 0x0, 0x0,
    0x0, 0x5f, 0xff, 0xff, 0xff, 0xf6, 0x0, 0x0,
    0x0, 0x0, 0xef, 0xff, 0xff, 0xff, 0xfe, 0x10,
    0x0, 0x0, 0x8, 0xff, 0xff, 0xff, 0xff, 0xff,
    0x90, 0x0, 0x0, 0x2f, 0xff, 0xff, 0xff, 0xff,
    0xff, 0xf2, 0x0, 0x0, 0xbf, 0xff, 0xff, 0xff,
    0xff, 0xff, 0xfc, 0x0, 0x4, 0xff, 0xff, 0xff,
    0xff, 0xff, 0xff, 0xff, 0x50, 0xd, 0xff, 0xff,
    0xff, 0xff, 0xff, 0xff, 0xff, 0xe0,

    /* U+25BC "▼" */
    0x1, 0x11, 0x11, 0x11, 0x11, 0x11, 0x11, 0x11,
    0x10, 0xd, 0xff, 0xff, 0xff, 0xff, 0xff, 0xff,
    0xff, 0xd0, 0x3, 0xff, 0xff, 0xff, 0xff, 0xff,
    0xff, 0xff, 0x40, 0x0, 0xaf, 0xff, 0xff, 0xff,
    0xff, 0xff, 0xfb, 0x0, 0x0, 0x1f, 0xff, 0xff,
    0xff, 0xff, 0xff, 0xf2, 0x0, 0x0, 0x7, 0xff,
    0xff, 0xff, 0xff, 0xff, 0x80, 0x0, 0x0, 0x0,
    0xdf, 0xff, 0xff, 0xff, 0xfe, 0x0, 0x0, 0x0,
    0x0, 0x4f, 0xff, 0xff, 0xff, 0xf5, 0x0, 0x0,
    0x0, 0x0, 0xb, 0xff, 0xff, 0xff, 0xc0, 0x0,
    0x0, 0x0, 0x0, 0x2, 0xff, 0xff, 0xff, 0x20,
    0x0, 0x0, 0x0, 0x0, 0x0, 0x8f, 0xff, 0xf9,
    0x0, 0x0, 0x0, 0x0, 0x0, 0x0, 0xe, 0xff,
    0xe1, 0x0, 0x0, 0x0, 0x0, 0x0, 0x0, 0x5,
    0xff, 0x60, 0x0, 0x0, 0x0, 0x0, 0x0, 0x0,
    0x0, 0xcc, 0x0, 0x0, 0x0, 0x0, 0x0, 0x0,
    0x0, 0x0, 0x33, 0x0, 0x0, 0x0, 0x0
};


/*---------------------
 *  GLYPH DESCRIPTION
 *--------------------*/

static const lv_font_fmt_txt_glyph_dsc_t glyph_dsc[] = {
    {.bitmap_index = 0, .adv_w = 0, .box_w = 0, .box_h = 0, .ofs_x = 0, .ofs_y = 0} /* id = 0 reserved */,
    {.bitmap_index = 0, .adv_w = 79, .box_w = 0, .box_h = 0, .ofs_x = 0, .ofs_y = 0},
    {.bitmap_index = 0, .adv_w = 78, .box_w = 3, .box_h = 13, .ofs_x = 1, .ofs_y = 0},
    {.bitmap_index = 20, .adv_w = 130, .box_w = 6, .box_h = 5, .ofs_x = 1, .ofs_y = 8},
    {.bitmap_index = 35, .adv_w = 180, .box_w = 12, .box_h = 13, .ofs_x = 0, .ofs_y = 0},
    {.bitmap_index = 113, .adv_w = 183, .box_w = 11, .box_h = 18, .ofs_x = 0, .ofs_y = -2},
    {.bitmap_index = 212, .adv_w = 274, .box_w = 15, .box_h = 13, .ofs_x = 1, .ofs_y = 0},
    {.bitmap_index = 310, .adv_w = 183, .box_w = 12, .box_h = 13, .ofs_x = 0, .ofs_y = 0},
    {.bitmap_index = 388, .adv_w = 83, .box_w = 3, .box_h = 5, .ofs_x = 1, .ofs_y = 8},
    {.bitmap_index = 396, .adv_w = 101, .box_w = 5, .box_h = 17, .ofs_x = 1, .ofs_y = -3},
    {.bitmap_index = 439, .adv_w = 101, .box_w = 5, .box_h = 17, .ofs_x = 0, .ofs_y = -3},
    {.bitmap_index = 482, .adv_w = 142, .box_w = 8, .box_h = 8, .ofs_x = 0, .ofs_y = 5},
    {.bitmap_index = 514, .adv_w = 188, .box_w = 10, .box_h = 9, .ofs_x = 1, .ofs_y = 1},
    {.bitmap_index = 559, .adv_w = 79, .box_w = 4, .box_h = 5, .ofs_x = 0, .ofs_y = -3},
    {.bitmap_index = 569, .adv_w = 131, .box_w = 6, .box_h = 3, .ofs_x = 1, .ofs_y = 4},
    {.bitmap_index = 578, .adv_w = 79, .box_w = 3, .box_h = 3, .ofs_x = 1, .ofs_y = 0},
    {.bitmap_index = 583, .adv_w = 102, .box_w = 6, .box_h = 16, .ofs_x = 0, .ofs_y = -2},
    {.bitmap_index = 631, .adv_w = 181, .box_w = 10, .box_h = 13, .ofs_x = 1, .ofs_y = 0},
    {.bitmap_index = 696, .adv_w = 114, .box_w = 6, .box_h = 13, .ofs_x = 0, .ofs_y = 0},
    {.bitmap_index = 735, .adv_w = 173, .box_w = 9, .box_h = 13, .ofs_x = 1, .ofs_y = 0},
    {.bitmap_index = 794, .adv_w = 177, .box_w = 10, .box_h = 13, .ofs_x = 1, .ofs_y = 0},
    {.bitmap_index = 859, .adv_w = 184, .box_w = 11, .box_h = 13, .ofs_x = 0, .ofs_y = 0},
    {.bitmap_index = 931, .adv_w = 170, .box_w = 9, .box_h = 13, .ofs_x = 1, .ofs_y = 0},
    {.bitmap_index = 990, .adv_w = 176, .box_w = 10, .box_h = 13, .ofs_x = 1, .ofs_y = 0},
    {.bitmap_index = 1055, .adv_w = 160, .box_w = 10, .box_h = 13, .ofs_x = 0, .ofs_y = 0},
    {.bitmap_index = 1120, .adv_w = 176, .box_w = 9, .box_h = 13, .ofs_x = 1, .ofs_y = 0},
    {.bitmap_index = 1179, .adv_w = 176, .box_w = 10, .box_h = 13, .ofs_x = 1, .ofs_y = 0},
    {.bitmap_index = 1244, .adv_w = 79, .box_w = 3, .box_h = 10, .ofs_x = 1, .ofs_y = 0},
    {.bitmap_index = 1259, .adv_w = 82, .box_w = 4, .box_h = 13, .ofs_x = 0, .ofs_y = -3},
    {.bitmap_index = 1285, .adv_w = 188, .box_w = 9, .box_h = 11, .ofs_x = 1, .ofs_y = 0},
    {.bitmap_index = 1335, .adv_w = 188, .box_w = 9, .box_h = 7, .ofs_x = 1, .ofs_y = 2},
    {.bitmap_index = 1367, .adv_w = 188, .box_w = 9, .box_h = 11, .ofs_x = 2, .ofs_y = 0},
    {.bitmap_index = 1417, .adv_w = 148, .box_w = 9, .box_h = 13, .ofs_x = 0, .ofs_y = 0},
    {.bitmap_index = 1476, .adv_w = 279, .box_w = 16, .box_h = 17, .ofs_x = 1, .ofs_y = -4},
    {.bitmap_index = 1612, .adv_w = 196, .box_w = 12, .box_h = 13, .ofs_x = 0, .ofs_y = 0},
    {.bitmap_index = 1690, .adv_w = 187, .box_w = 10, .box_h = 13, .ofs_x = 1, .ofs_y = 0},
    {.bitmap_index = 1755, .adv_w = 210, .box_w = 12, .box_h = 13, .ofs_x = 1, .ofs_y = 0},
    {.bitmap_index = 1833, .adv_w = 206, .box_w = 11, .box_h = 13, .ofs_x = 1, .ofs_y = 0},
    {.bitmap_index = 1905, .adv_w = 172, .box_w = 9, .box_h = 13, .ofs_x = 1, .ofs_y = 0},
    {.bitmap_index = 1964, .adv_w = 168, .box_w = 9, .box_h = 13, .ofs_x = 1, .ofs_y = 0},
    {.bitmap_index = 2023, .adv_w = 214, .box_w = 12, .box_h = 13, .ofs_x = 1, .ofs_y = 0},
    {.bitmap_index = 2101, .adv_w = 212, .box_w = 11, .box_h = 13, .ofs_x = 1, .ofs_y = 0},
    {.bitmap_index = 2173, .adv_w = 75, .box_w = 3, .box_h = 13, .ofs_x = 1, .ofs_y = 0},
    {.bitmap_index = 2193, .adv_w = 162, .box_w = 9, .box_h = 13, .ofs_x = 0, .ofs_y = 0},
    {.bitmap_index = 2252, .adv_w = 191, .box_w = 11, .box_h = 13, .ofs_x = 1, .ofs_y = 0},
    {.bitmap_index = 2324, .adv_w = 161, .box_w = 9, .box_h = 13, .ofs_x = 1, .ofs_y = 0},
    {.bitmap_index = 2383, .adv_w = 257, .box_w = 14, .box_h = 13, .ofs_x = 1, .ofs_y = 0},
    {.bitmap_index = 2474, .adv_w = 214, .box_w = 11, .box_h = 13, .ofs_x = 1, .ofs_y = 0},
    {.bitmap_index = 2546, .adv_w = 219, .box_w = 12, .box_h = 13, .ofs_x = 1, .ofs_y = 0},
    {.bitmap_index = 2624, .adv_w = 182, .box_w = 10, .box_h = 13, .ofs_x = 1, .ofs_y = 0},
    {.bitmap_index = 2689, .adv_w = 219, .box_w = 12, .box_h = 14, .ofs_x = 1, .ofs_y = -1},
    {.bitmap_index = 2773, .adv_w = 185, .box_w = 10, .box_h = 13, .ofs_x = 1, .ofs_y = 0},
    {.bitmap_index = 2838, .adv_w = 183, .box_w = 11, .box_h = 13, .ofs_x = 0, .ofs_y = 0},
    {.bitmap_index = 2910, .adv_w = 184, .box_w = 11, .box_h = 13, .ofs_x = 0, .ofs_y = 0},
    {.bitmap_index = 2982, .adv_w = 212, .box_w = 11, .box_h = 13, .ofs_x = 1, .ofs_y = 0},
    {.bitmap_index = 3054, .adv_w = 196, .box_w = 12, .box_h = 13, .ofs_x = 0, .ofs_y = 0},
    {.bitmap_index = 3132, .adv_w = 282, .box_w = 18, .box_h = 13, .ofs_x = 0, .ofs_y = 0},
    {.bitmap_index = 3249, .adv_w = 194, .box_w = 12, .box_h = 13, .ofs_x = 0, .ofs_y = 0},
    {.bitmap_index = 3327, .adv_w = 193, .box_w = 12, .box_h = 13, .ofs_x = 0, .ofs_y = 0},
    {.bitmap_index = 3405, .adv_w = 180, .box_w = 10, .box_h = 13, .ofs_x = 1, .ofs_y = 0},
    {.bitmap_index = 3470, .adv_w = 101, .box_w = 5, .box_h = 18, .ofs_x = 1, .ofs_y = -3},
    {.bitmap_index = 3515, .adv_w = 102, .box_w = 6, .box_h = 16, .ofs_x = 0, .ofs_y = -2},
    {.bitmap_index = 3563, .adv_w = 101, .box_w = 4, .box_h = 18, .ofs_x = 1, .ofs_y = -3},
    {.bitmap_index = 3599, .adv_w = 134, .box_w = 8, .box_h = 6, .ofs_x = 0, .ofs_y = 7},
    {.bitmap_index = 3623, .adv_w = 131, .box_w = 9, .box_h = 3, .ofs_x = 0, .ofs_y = -2},
    {.bitmap_index = 3637, .adv_w = 88, .box_w = 4, .box_h = 3, .ofs_x = 1, .ofs_y = 11},
    {.bitmap_index = 3643, .adv_w = 159, .box_w = 9, .box_h = 10, .ofs_x = 0, .ofs_y = 0},
    {.bitmap_index = 3688, .adv_w = 173, .box_w = 9, .box_h = 13, .ofs_x = 1, .ofs_y = 0},
    {.bitmap_index = 3747, .adv_w = 161, .box_w = 10, .box_h = 10, .ofs_x = 0, .ofs_y = 0},
    {.bitmap_index = 3797, .adv_w = 173, .box_w = 10, .box_h = 13, .ofs_x = 0, .ofs_y = 0},
    {.bitmap_index = 3862, .adv_w = 165, .box_w = 10, .box_h = 10, .ofs_x = 0, .ofs_y = 0},
    {.bitmap_index = 3912, .adv_w = 103, .box_w = 7, .box_h = 13, .ofs_x = 0, .ofs_y = 0},
    {.bitmap_index = 3958, .adv_w = 174, .box_w = 10, .box_h = 14, .ofs_x = 0, .ofs_y = -4},
    {.bitmap_index = 4028, .adv_w = 167, .box_w = 9, .box_h = 13, .ofs_x = 1, .ofs_y = 0},
    {.bitmap_index = 4087, .adv_w = 68, .box_w = 3, .box_h = 13, .ofs_x = 1, .ofs_y = 0},
    {.bitmap_index = 4107, .adv_w = 68, .box_w = 5, .box_h = 17, .ofs_x = -1, .ofs_y = -4},
    {.bitmap_index = 4150, .adv_w = 155, .box_w = 9, .box_h = 13, .ofs_x = 1, .ofs_y = 0},
    {.bitmap_index = 4209, .adv_w = 68, .box_w = 2, .box_h = 13, .ofs_x = 1, .ofs_y = 0},
    {.bitmap_index = 4222, .adv_w = 250, .box_w = 14, .box_h = 10, .ofs_x = 1, .ofs_y = 0},
    {.bitmap_index = 4292, .adv_w = 167, .box_w = 9, .box_h = 10, .ofs_x = 1, .ofs_y = 0},
    {.bitmap_index = 4337, .adv_w = 169, .box_w = 10, .box_h = 10, .ofs_x = 0, .ofs_y = 0},
    {.bitmap_index = 4387, .adv_w = 173, .box_w = 9, .box_h = 14, .ofs_x = 1, .ofs_y = -4},
    {.bitmap_index = 4450, .adv_w = 173, .box_w = 10, .box_h = 14, .ofs_x = 0, .ofs_y = -4},
    {.bitmap_index = 4520, .adv_w = 105, .box_w = 6, .box_h = 10, .ofs_x = 1, .ofs_y = 0},
    {.bitmap_index = 4550, .adv_w = 149, .box_w = 9, .box_h = 10, .ofs_x = 0, .ofs_y = 0},
    {.bitmap_index = 4595, .adv_w = 93, .box_w = 6, .box_h = 13, .ofs_x = 0, .ofs_y = 0},
    {.bitmap_index = 4634, .adv_w = 167, .box_w = 9, .box_h = 10, .ofs_x = 1, .ofs_y = 0},
    {.bitmap_index = 4679, .adv_w = 159, .box_w = 10, .box_h = 10, .ofs_x = 0, .ofs_y = 0},
    {.bitmap_index = 4729, .adv_w = 231, .box_w = 14, .box_h = 10, .ofs_x = 0, .ofs_y = 0},
    {.bitmap_index = 4799, .adv_w = 155, .box_w = 10, .box_h = 10, .ofs_x = 0, .ofs_y = 0},
    {.bitmap_index = 4849, .adv_w = 159, .box_w = 10, .box_h = 14, .ofs_x = 0, .ofs_y = -4},
    {.bitmap_index = 4919, .adv_w = 154, .box_w = 8, .box_h = 10, .ofs_x = 1, .ofs_y = 0},
    {.bitmap_index = 4959, .adv_w = 120, .box_w = 6, .box_h = 17, .ofs_x = 1, .ofs_y = -4},
    {.bitmap_index = 5010, .adv_w = 93, .box_w = 2, .box_h = 22, .ofs_x = 2, .ofs_y = -4},
    {.bitmap_index = 5032, .adv_w = 120, .box_w = 6, .box_h = 17, .ofs_x = 1, .ofs_y = -4},
    {.bitmap_index = 5083, .adv_w = 188, .box_w = 10, .box_h = 5, .ofs_x = 1, .ofs_y = 3},
    {.bitmap_index = 5108, .adv_w = 79, .box_w = 0, .box_h = 0, .ofs_x = 0, .ofs_y = 0},
    {.bitmap_index = 5108, .adv_w = 79, .box_w = 3, .box_h = 14, .ofs_x = 1, .ofs_y = -4},
    {.bitmap_index = 5129, .adv_w = 161, .box_w = 10, .box_h = 13, .ofs_x = 0, .ofs_y = 0},
    {.bitmap_index = 5194, .adv_w = 174, .box_w = 10, .box_h = 13, .ofs_x = 0, .ofs_y = 0},
    {.bitmap_index = 5259, .adv_w = 207, .box_w = 11, .box_h = 12, .ofs_x = 1, .ofs_y = 0},
    {.bitmap_index = 5325, .adv_w = 156, .box_w = 10, .box_h = 13, .ofs_x = 0, .ofs_y = 0},
    {.bitmap_index = 5390, .adv_w = 76, .box_w = 3, .box_h = 16, .ofs_x = 1, .ofs_y = -3},
    {.bitmap_index = 5414, .adv_w = 162, .box_w = 9, .box_h = 17, .ofs_x = 1, .ofs_y = -4},
    {.bitmap_index = 5491, .adv_w = 167, .box_w = 7, .box_h = 3, .ofs_x = 2, .ofs_y = 12},
    {.bitmap_index = 5502, .adv_w = 261, .box_w = 14, .box_h = 14, .ofs_x = 1, .ofs_y = 0},
    {.bitmap_index = 5600, .adv_w = 129, .box_w = 8, .box_h = 7, .ofs_x = 0, .ofs_y = 6},
    {.bitmap_index = 5628, .adv_w = 164, .box_w = 10, .box_h = 9, .ofs_x = 0, .ofs_y = 1},
    {.bitmap_index = 5673, .adv_w = 188, .box_w = 9, .box_h = 5, .ofs_x = 1, .ofs_y = 3},
    {.bitmap_index = 5696, .adv_w = 190, .box_w = 12, .box_h = 12, .ofs_x = 0, .ofs_y = 2},
    {.bitmap_index = 5768, .adv_w = 133, .box_w = 6, .box_h = 3, .ofs_x = 1, .ofs_y = 11},
    {.bitmap_index = 5777, .adv_w = 129, .box_w = 6, .box_h = 8, .ofs_x = 1, .ofs_y = 7},
    {.bitmap_index = 5801, .adv_w = 188, .box_w = 10, .box_h = 10, .ofs_x = 1, .ofs_y = 0},
    {.bitmap_index = 5851, .adv_w = 124, .box_w = 7, .box_h = 7, .ofs_x = 0, .ofs_y = 8},
    {.bitmap_index = 5876, .adv_w = 126, .box_w = 8, .box_h = 7, .ofs_x = 0, .ofs_y = 8},
    {.bitmap_index = 5904, .adv_w = 88, .box_w = 4, .box_h = 3, .ofs_x = 1, .ofs_y = 11},
    {.bitmap_index = 5910, .adv_w = 167, .box_w = 10, .box_h = 14, .ofs_x = 1, .ofs_y = -4},
    {.bitmap_index = 5980, .adv_w = 171, .box_w = 10, .box_h = 13, .ofs_x = 0, .ofs_y = 0},
    {.bitmap_index = 6045, .adv_w = 79, .box_w = 3, .box_h = 3, .ofs_x = 1, .ofs_y = 5},
    {.bitmap_index = 6050, .adv_w = 75, .box_w = 4, .box_h = 5, .ofs_x = 1, .ofs_y = -4},
    {.bitmap_index = 6060, .adv_w = 85, .box_w = 5, .box_h = 7, .ofs_x = 0, .ofs_y = 8},
    {.bitmap_index = 6078, .adv_w = 137, .box_w = 8, .box_h = 7, .ofs_x = 0, .ofs_y = 6},
    {.bitmap_index = 6106, .adv_w = 164, .box_w = 10, .box_h = 9, .ofs_x = 0, .ofs_y = 1},
    {.bitmap_index = 6151, .adv_w = 226, .box_w = 14, .box_h = 14, .ofs_x = 0, .ofs_y = -1},
    {.bitmap_index = 6249, .adv_w = 238, .box_w = 15, .box_h = 15, .ofs_x = 0, .ofs_y = -1},
    {.bitmap_index = 6362, .adv_w = 249, .box_w = 15, .box_h = 14, .ofs_x = 0, .ofs_y = -1},
    {.bitmap_index = 6467, .adv_w = 148, .box_w = 9, .box_h = 14, .ofs_x = 0, .ofs_y = -4},
    {.bitmap_index = 6530, .adv_w = 196, .box_w = 12, .box_h = 17, .ofs_x = 0, .ofs_y = 0},
    {.bitmap_index = 6632, .adv_w = 196, .box_w = 12, .box_h = 17, .ofs_x = 0, .ofs_y = 0},
    {.bitmap_index = 6734, .adv_w = 196, .box_w = 12, .box_h = 17, .ofs_x = 0, .ofs_y = 0},
    {.bitmap_index = 6836, .adv_w = 196, .box_w = 12, .box_h = 17, .ofs_x = 0, .ofs_y = 0},
    {.bitmap_index = 6938, .adv_w = 196, .box_w = 12, .box_h = 18, .ofs_x = 0, .ofs_y = 0},
    {.bitmap_index = 7046, .adv_w = 196, .box_w = 12, .box_h = 18, .ofs_x = 0, .ofs_y = 0},
    {.bitmap_index = 7154, .adv_w = 284, .box_w = 17, .box_h = 13, .ofs_x = 0, .ofs_y = 0},
    {.bitmap_index = 7265, .adv_w = 210, .box_w = 12, .box_h = 17, .ofs_x = 1, .ofs_y = -4},
    {.bitmap_index = 7367, .adv_w = 172, .box_w = 9, .box_h = 17, .ofs_x = 1, .ofs_y = 0},
    {.bitmap_index = 7444, .adv_w = 172, .box_w = 9, .box_h = 17, .ofs_x = 1, .ofs_y = 0},
    {.bitmap_index = 7521, .adv_w = 172, .box_w = 9, .box_h = 17, .ofs_x = 1, .ofs_y = 0},
    {.bitmap_index = 7598, .adv_w = 172, .box_w = 9, .box_h = 18, .ofs_x = 1, .ofs_y = 0},
    {.bitmap_index = 7679, .adv_w = 75, .box_w = 4, .box_h = 17, .ofs_x = 0, .ofs_y = 0},
    {.bitmap_index = 7713, .adv_w = 75, .box_w = 4, .box_h = 17, .ofs_x = 1, .ofs_y = 0},
    {.bitmap_index = 7747, .adv_w = 75, .box_w = 7, .box_h = 17, .ofs_x = -1, .ofs_y = 0},
    {.bitmap_index = 7807, .adv_w = 75, .box_w = 7, .box_h = 18, .ofs_x = -1, .ofs_y = 0},
    {.bitmap_index = 7870, .adv_w = 211, .box_w = 13, .box_h = 13, .ofs_x = 0, .ofs_y = 0},
    {.bitmap_index = 7955, .adv_w = 214, .box_w = 11, .box_h = 17, .ofs_x = 1, .ofs_y = 0},
    {.bitmap_index = 8049, .adv_w = 219, .box_w = 12, .box_h = 18, .ofs_x = 1, .ofs_y = 0},
    {.bitmap_index = 8157, .adv_w = 219, .box_w = 12, .box_h = 18, .ofs_x = 1, .ofs_y = 0},
    {.bitmap_index = 8265, .adv_w = 219, .box_w = 12, .box_h = 18, .ofs_x = 1, .ofs_y = 0},
    {.bitmap_index = 8373, .adv_w = 219, .box_w = 12, .box_h = 17, .ofs_x = 1, .ofs_y = 0},
    {.bitmap_index = 8475, .adv_w = 219, .box_w = 12, .box_h = 18, .ofs_x = 1, .ofs_y = 0},
    {.bitmap_index = 8583, .adv_w = 188, .box_w = 10, .box_h = 9, .ofs_x = 1, .ofs_y = 1},
    {.bitmap_index = 8628, .adv_w = 219, .box_w = 12, .box_h = 15, .ofs_x = 1, .ofs_y = -1},
    {.bitmap_index = 8718, .adv_w = 212, .box_w = 11, .box_h = 18, .ofs_x = 1, .ofs_y = 0},
    {.bitmap_index = 8817, .adv_w = 212, .box_w = 11, .box_h = 18, .ofs_x = 1, .ofs_y = 0},
    {.bitmap_index = 8916, .adv_w = 212, .box_w = 11, .box_h = 18, .ofs_x = 1, .ofs_y = 0},
    {.bitmap_index = 9015, .adv_w = 212, .box_w = 11, .box_h = 18, .ofs_x = 1, .ofs_y = 0},
    {.bitmap_index = 9114, .adv_w = 193, .box_w = 12, .box_h = 17, .ofs_x = 0, .ofs_y = 0},
    {.bitmap_index = 9216, .adv_w = 181, .box_w = 9, .box_h = 13, .ofs_x = 1, .ofs_y = 0},
    {.bitmap_index = 9275, .adv_w = 175, .box_w = 9, .box_h = 13, .ofs_x = 1, .ofs_y = 0},
    {.bitmap_index = 9334, .adv_w = 159, .box_w = 9, .box_h = 14, .ofs_x = 0, .ofs_y = 0},
    {.bitmap_index = 9397, .adv_w = 159, .box_w = 9, .box_h = 14, .ofs_x = 0, .ofs_y = 0},
    {.bitmap_index = 9460, .adv_w = 159, .box_w = 9, .box_h = 14, .ofs_x = 0, .ofs_y = 0},
    {.bitmap_index = 9523, .adv_w = 159, .box_w = 9, .box_h = 13, .ofs_x = 0, .ofs_y = 0},
    {.bitmap_index = 9582, .adv_w = 159, .box_w = 9, .box_h = 13, .ofs_x = 0, .ofs_y = 0},
    {.bitmap_index = 9641, .adv_w = 159, .box_w = 9, .box_h = 15, .ofs_x = 0, .ofs_y = 0},
    {.bitmap_index = 9709, .adv_w = 261, .box_w = 16, .box_h = 10, .ofs_x = 0, .ofs_y = 0},
    {.bitmap_index = 9789, .adv_w = 161, .box_w = 10, .box_h = 14, .ofs_x = 0, .ofs_y = -4},
    {.bitmap_index = 9859, .adv_w = 165, .box_w = 10, .box_h = 14, .ofs_x = 0, .ofs_y = 0},
    {.bitmap_index = 9929, .adv_w = 165, .box_w = 10, .box_h = 14, .ofs_x = 0, .ofs_y = 0},
    {.bitmap_index = 9999, .adv_w = 165, .box_w = 10, .box_h = 14, .ofs_x = 0, .ofs_y = 0},
    {.bitmap_index = 10069, .adv_w = 165, .box_w = 10, .box_h = 13, .ofs_x = 0, .ofs_y = 0},
    {.bitmap_index = 10134, .adv_w = 68, .box_w = 4, .box_h = 14, .ofs_x = -1, .ofs_y = 0},
    {.bitmap_index = 10162, .adv_w = 68, .box_w = 4, .box_h = 14, .ofs_x = 1, .ofs_y = 0},
    {.bitmap_index = 10190, .adv_w = 68, .box_w = 6, .box_h = 14, .ofs_x = -1, .ofs_y = 0},
    {.bitmap_index = 10232, .adv_w = 68, .box_w = 6, .box_h = 13, .ofs_x = -1, .ofs_y = 0},
    {.bitmap_index = 10271, .adv_w = 166, .box_w = 10, .box_h = 15, .ofs_x = 0, .ofs_y = 0},
    {.bitmap_index = 10346, .adv_w = 167, .box_w = 9, .box_h = 13, .ofs_x = 1, .ofs_y = 0},
    {.bitmap_index = 10405, .adv_w = 169, .box_w = 10, .box_h = 14, .ofs_x = 0, .ofs_y = 0},
    {.bitmap_index = 10475, .adv_w = 169, .box_w = 10, .box_h = 14, .ofs_x = 0, .ofs_y = 0},
    {.bitmap_index = 10545, .adv_w = 169, .box_w = 10, .box_h = 14, .ofs_x = 0, .ofs_y = 0},
    {.bitmap_index = 10615, .adv_w = 169, .box_w = 10, .box_h = 13, .ofs_x = 0, .ofs_y = 0},
    {.bitmap_index = 10680, .adv_w = 169, .box_w = 10, .box_h = 13, .ofs_x = 0, .ofs_y = 0},
    {.bitmap_index = 10745, .adv_w = 188, .box_w = 9, .box_h = 9, .ofs_x = 1, .ofs_y = 1},
    {.bitmap_index = 10786, .adv_w = 169, .box_w = 10, .box_h = 12, .ofs_x = 0, .ofs_y = -1},
    {.bitmap_index = 10846, .adv_w = 167, .box_w = 9, .box_h = 14, .ofs_x = 1, .ofs_y = 0},
    {.bitmap_index = 10909, .adv_w = 167, .box_w = 9, .box_h = 14, .ofs_x = 1, .ofs_y = 0},
    {.bitmap_index = 10972, .adv_w = 167, .box_w = 9, .box_h = 14, .ofs_x = 1, .ofs_y = 0},
    {.bitmap_index = 11035, .adv_w = 167, .box_w = 9, .box_h = 13, .ofs_x = 1, .ofs_y = 0},
    {.bitmap_index = 11094, .adv_w = 159, .box_w = 10, .box_h = 18, .ofs_x = 0, .ofs_y = -4},
    {.bitmap_index = 11184, .adv_w = 173, .box_w = 9, .box_h = 17, .ofs_x = 1, .ofs_y = -4},
    {.bitmap_index = 11261, .adv_w = 159, .box_w = 10, .box_h = 17, .ofs_x = 0, .ofs_y = -4},
    {.bitmap_index = 11346, .adv_w = 289, .box_w = 18, .box_h = 14, .ofs_x = 0, .ofs_y = 0},
    {.bitmap_index = 11472, .adv_w = 289, .box_w = 18, .box_h = 15, .ofs_x = 0, .ofs_y = -1}
};

/*---------------------
 *  CHARACTER MAPPING
 *--------------------*/

static const uint16_t unicode_list_3[] = {
    0x0, 0xa
};

/*Collect the unicode lists and glyph_id offsets*/
static const lv_font_fmt_txt_cmap_t cmaps[] =
{
    {
        .range_start = 32, .range_length = 95, .glyph_id_start = 1,
        .unicode_list = NULL, .glyph_id_ofs_list = NULL, .list_length = 0, .type = LV_FONT_FMT_TXT_CMAP_FORMAT0_TINY
    },
    {
        .range_start = 160, .range_length = 13, .glyph_id_start = 96,
        .unicode_list = NULL, .glyph_id_ofs_list = NULL, .list_length = 0, .type = LV_FONT_FMT_TXT_CMAP_FORMAT0_TINY
    },
    {
        .range_start = 174, .range_length = 82, .glyph_id_start = 109,
        .unicode_list = NULL, .glyph_id_ofs_list = NULL, .list_length = 0, .type = LV_FONT_FMT_TXT_CMAP_FORMAT0_TINY
    },
    {
        .range_start = 9650, .range_length = 11, .glyph_id_start = 191,
        .unicode_list = unicode_list_3, .glyph_id_ofs_list = NULL, .list_length = 2, .type = LV_FONT_FMT_TXT_CMAP_SPARSE_TINY
    }
};

/*-----------------
 *    KERNING
 *----------------*/


/*Pair left and right glyphs for kerning*/
static const uint8_t kern_pair_glyph_ids[] =
{
    3, 7,
    3, 13,
    3, 15,
    3, 21,
    3, 98,
    3, 191,
    7, 3,
    7, 8,
    7, 61,
    7, 109,
    8, 7,
    8, 13,
    8, 15,
    8, 21,
    8, 98,
    8, 191,
    9, 98,
    11, 7,
    11, 13,
    11, 15,
    11, 21,
    11, 33,
    11, 64,
    11, 105,
    11, 191,
    12, 19,
    12, 20,
    12, 24,
    12, 61,
    12, 117,
    12, 191,
    13, 3,
    13, 8,
    13, 17,
    13, 18,
    13, 19,
    13, 20,
    13, 22,
    13, 23,
    13, 24,
    13, 25,
    13, 26,
    13, 32,
    13, 33,
    13, 105,
    13, 117,
    14, 19,
    14, 20,
    14, 24,
    14, 61,
    14, 117,
    14, 191,
    15, 3,
    15, 8,
    15, 17,
    15, 18,
    15, 19,
    15, 20,
    15, 22,
    15, 23,
    15, 24,
    15, 25,
    15, 26,
    15, 32,
    15, 33,
    15, 105,
    15, 117,
    16, 13,
    16, 15,
    16, 191,
    17, 13,
    17, 15,
    17, 24,
    17, 61,
    17, 64,
    17, 191,
    19, 21,
    20, 11,
    20, 13,
    20, 15,
    20, 63,
    20, 107,
    20, 111,
    21, 11,
    21, 13,
    21, 15,
    21, 18,
    21, 24,
    21, 63,
    21, 109,
    21, 111,
    21, 117,
    22, 11,
    22, 13,
    22, 15,
    22, 18,
    22, 63,
    22, 109,
    22, 111,
    23, 13,
    23, 15,
    23, 64,
    24, 4,
    24, 6,
    24, 7,
    24, 11,
    24, 13,
    24, 15,
    24, 17,
    24, 20,
    24, 21,
    24, 22,
    24, 23,
    24, 24,
    24, 25,
    24, 26,
    24, 27,
    24, 28,
    24, 29,
    24, 63,
    24, 64,
    24, 98,
    24, 107,
    24, 111,
    24, 191,
    25, 11,
    25, 13,
    25, 15,
    25, 63,
    25, 107,
    25, 111,
    26, 13,
    26, 15,
    26, 24,
    26, 61,
    26, 64,
    26, 191,
    27, 61,
    28, 61,
    30, 61,
    30, 191,
    31, 24,
    31, 61,
    32, 191,
    33, 13,
    33, 15,
    33, 16,
    33, 61,
    33, 64,
    33, 109,
    33, 191,
    60, 98,
    61, 3,
    61, 8,
    61, 11,
    61, 12,
    61, 14,
    61, 16,
    61, 17,
    61, 18,
    61, 23,
    61, 30,
    61, 32,
    61, 33,
    61, 61,
    61, 63,
    61, 95,
    61, 98,
    61, 105,
    61, 107,
    61, 108,
    61, 109,
    61, 111,
    61, 112,
    61, 117,
    61, 118,
    61, 122,
    61, 150,
    61, 182,
    61, 191,
    63, 7,
    63, 13,
    63, 15,
    63, 21,
    63, 33,
    63, 64,
    63, 105,
    63, 191,
    64, 11,
    64, 17,
    64, 18,
    64, 20,
    64, 21,
    64, 22,
    64, 23,
    64, 25,
    64, 26,
    64, 33,
    64, 61,
    64, 63,
    64, 93,
    64, 105,
    64, 111,
    64, 117,
    92, 98,
    95, 19,
    95, 20,
    95, 24,
    95, 61,
    95, 117,
    95, 191,
    97, 61,
    98, 3,
    98, 8,
    98, 10,
    98, 18,
    98, 61,
    98, 62,
    98, 94,
    98, 109,
    98, 191,
    105, 13,
    105, 15,
    105, 16,
    105, 61,
    105, 64,
    105, 109,
    105, 191,
    107, 191,
    109, 7,
    109, 21,
    109, 33,
    109, 98,
    109, 105,
    109, 191,
    111, 7,
    111, 13,
    111, 15,
    111, 21,
    111, 33,
    111, 64,
    111, 105,
    111, 191,
    112, 61,
    112, 191,
    116, 12,
    116, 14,
    116, 16,
    116, 29,
    116, 64,
    116, 95,
    116, 108,
    116, 118,
    116, 182,
    118, 19,
    118, 20,
    118, 24,
    118, 61,
    118, 117,
    118, 191,
    122, 18,
    122, 19,
    122, 20,
    122, 24,
    122, 25,
    122, 61,
    122, 191,
    126, 61,
    150, 61,
    150, 191,
    182, 19,
    182, 20,
    182, 24,
    182, 61,
    182, 117,
    182, 191,
    191, 3,
    191, 8,
    191, 11,
    191, 12,
    191, 14,
    191, 16,
    191, 17,
    191, 18,
    191, 23,
    191, 30,
    191, 32,
    191, 33,
    191, 61,
    191, 63,
    191, 95,
    191, 98,
    191, 105,
    191, 107,
    191, 108,
    191, 109,
    191, 111,
    191, 112,
    191, 117,
    191, 118,
    191, 122,
    191, 150,
    191, 182,
    191, 191
};

/* Kerning between the respective left and right glyphs
 * 4.4 format which needs to scaled with `kern_scale`*/
static const int8_t kern_pair_values[] =
{
    -10, -24, -24, -18, -6, -23, -10, -10,
    -18, -6, -10, -24, -24, -18, -6, -23,
    -3, -10, -39, -39, -13, -3, -20, -3,
    -23, -10, -3, -6, -15, -5, -10, -24,
    -24, -7, -26, 0, -7, -4, -7, -4,
    -6, -2, -29, -13, -13, -15, -10, -3,
    -6, -15, -5, -10, -24, -24, -7, -26,
    0, -7, -4, -7, -4, -6, -2, -29,
    -13, -13, -15, -11, -11, -7, -7, -7,
    -6, -4, -13, -2, -4, -5, -6, -6,
    -5, -10, -5, -7, -10, -10, -7, -3,
    -7, -2, -7, -11, -1, -8, -8, -1,
    -1, -2, -1, -9, -9, -13, -16, 1,
    -13, 1, -36, -36, -4, -5, -17, -3,
    -4, 6, -4, -3, -10, -10, -26, 1,
    -46, -15, -18, 1, -31, -5, -6, -6,
    -5, -10, -5, -7, -7, -6, -4, -13,
    -2, -18, -18, -20, -15, -21, -21, -18,
    -13, -13, -11, -10, -11, -2, -10, -3,
    -23, -23, -23, -10, -10, 6, -2, -13,
    -2, -15, -18, -10, -14, -23, -10, -1,
    -10, -10, -10, -20, -23, -15, -14, -10,
    -10, -10, -10, 4, -10, -39, -39, -13,
    -3, -20, -3, -23, -20, -13, -31, -13,
    -16, -13, -13, -13, -13, -11, -23, -20,
    8, -11, -20, -13, -3, -10, -3, -6,
    -15, -5, -10, -10, -6, -6, -3, -10,
    -16, -3, -3, -3, -9, -13, -13, -11,
    -10, -11, -2, -10, -10, -10, -14, -2,
    -8, -2, -20, -10, -39, -39, -13, -3,
    -20, -3, -23, -20, -15, -11, -11, -10,
    -11, -10, -11, -10, -11, -11, -10, -3,
    -6, -11, -5, -10, -11, -15, -13, -15,
    -10, -18, -10, -24, -11, -10, -10, -3,
    -6, -15, -5, -10, -23, -23, -23, -10,
    -10, 6, -2, -13, -2, -15, -18, -10,
    -22, -23, -10, -1, -10, -10, -10, -20,
    -23, -15, -14, -10, -10, -10, -10, 4
};

/*Collect the kern pair's data in one place*/
static const lv_font_fmt_txt_kern_pair_t kern_pairs =
{
    .glyph_ids = kern_pair_glyph_ids,
    .values = kern_pair_values,
    .pair_cnt = 304,
    .glyph_ids_size = 0
};

/*--------------------
 *  ALL CUSTOM DATA
 *--------------------*/

#if LVGL_VERSION_MAJOR == 8
/*Store all the custom data of the font*/
static  lv_font_fmt_txt_glyph_cache_t cache;
#endif

#if LVGL_VERSION_MAJOR >= 8
static const lv_font_fmt_txt_dsc_t font_dsc = {
#else
static lv_font_fmt_txt_dsc_t font_dsc = {
#endif
    .glyph_bitmap = glyph_bitmap,
    .glyph_dsc = glyph_dsc,
    .cmaps = cmaps,
    .kern_dsc = &kern_pairs,
    .kern_scale = 16,
    .cmap_num = 4,
    .bpp = 4,
    .kern_classes = 0,
    .bitmap_format = 0,
#if LVGL_VERSION_MAJOR == 8
    .cache = &cache
#endif

};



/*-----------------
 *  PUBLIC FONT
 *----------------*/

/*Initialize a public general font descriptor*/
#if LVGL_VERSION_MAJOR >= 8
const lv_font_t inter_18 = {
#else
lv_font_t inter_18 = {
#endif
    .get_glyph_dsc = lv_font_get_glyph_dsc_fmt_txt,    /*Function pointer to get glyph's data*/
    .get_glyph_bitmap = lv_font_get_bitmap_fmt_txt,    /*Function pointer to get glyph's bitmap*/
    .line_height = 22,          /*The maximum line height required by the font*/
    .base_line = 4,             /*Baseline measured from the bottom of the line*/
#if !(LVGL_VERSION_MAJOR == 6 && LVGL_VERSION_MINOR == 0)
    .subpx = LV_FONT_SUBPX_NONE,
#endif
#if LV_VERSION_CHECK(7, 4, 0) || LVGL_VERSION_MAJOR >= 8
    .underline_position = -3,
    .underline_thickness = 1,
#endif
    .static_bitmap = 0,
    .dsc = &font_dsc,          /*The custom font data. Will be accessed by `get_glyph_bitmap/dsc` */
#if LV_VERSION_CHECK(8, 2, 0) || LVGL_VERSION_MAJOR >= 9
    .fallback = NULL,
#endif
    .user_data = NULL,
};



#endif /*#if INTER_18*/
