/*******************************************************************************
 * Size: 24 px
 * Bpp: 4
 * Opts: --bpp 4 --size 24 --stride 1 --align 1 --font Inter_24pt-Medium.ttf --range 32-127,160-255 --format lvgl -o inter_24.c
 ******************************************************************************/

#ifdef __has_include
    #if __has_include("lvgl.h")
        #ifndef LV_LVGL_H_INCLUDE_SIMPLE
            #define LV_LVGL_H_INCLUDE_SIMPLE
        #endif
    #endif
#endif

#ifdef LV_LVGL_H_INCLUDE_SIMPLE
    #include "lvgl.h"
#else
    #include "lvgl/lvgl.h"
#endif



#ifndef INTER_24
#define INTER_24 1
#endif

#if INTER_24

/*-----------------
 *    BITMAPS
 *----------------*/

/*Store the image of the glyphs*/
static LV_ATTRIBUTE_LARGE_CONST const uint8_t glyph_bitmap[] = {
    /* U+0020 " " */

    /* U+0021 "!" */
    0x3f, 0xf4, 0x0, 0x7d, 0xe2, 0x1, 0xff, 0xc2,
    0x13, 0x0, 0xff, 0xe1, 0x18, 0x6, 0x1a, 0xa2,
    0x2, 0xa8, 0x40, 0xd0, 0x13, 0x2e, 0x4c, 0x0,
    0xac, 0x41, 0x20,

    /* U+0022 "\"" */
    0xdf, 0x90, 0xaf, 0xc1, 0x0, 0xe7, 0x70, 0x8,
    0x18, 0x6, 0xf0, 0x10, 0x11, 0x0, 0x5e, 0x6,
    0x60, 0x10, 0xd, 0xb0, 0xa0, 0x91, 0xa0,

    /* U+0023 "#" */
    0x0, 0xc9, 0xf8, 0x1, 0x17, 0xf0, 0x7, 0x88,
    0x14, 0x2, 0x60, 0x50, 0xf, 0x78, 0x78, 0x4,
    0x60, 0x40, 0x1e, 0x20, 0x20, 0xb, 0x83, 0xc0,
    0x3c, 0xa0, 0xa0, 0x12, 0x81, 0x0, 0x51, 0xfe,
    0x10, 0xef, 0xf8, 0xc2, 0xfe, 0x80, 0xc0, 0x3f,
    0xf8, 0x4, 0x17, 0xf2, 0xb, 0xff, 0x58, 0x1f,
    0xfa, 0x0, 0x2e, 0xd, 0x0, 0x88, 0x14, 0x3,
    0xc6, 0x4, 0x1, 0x78, 0x70, 0x7, 0x98, 0x1c,
    0x2, 0x20, 0x30, 0xa, 0x7f, 0xc4, 0x1b, 0xff,
    0x20, 0x5f, 0xd0, 0x10, 0x7, 0xff, 0x3, 0x42,
    0xfe, 0x81, 0x3f, 0xeb, 0x2, 0xff, 0x38, 0x4,
    0x40, 0x60, 0x11, 0x3, 0x80, 0x7b, 0x43, 0x40,
    0x2e, 0x2, 0x0, 0xf3, 0x83, 0x0, 0x46, 0x1a,
    0x1, 0xe2, 0x3, 0x0, 0x98, 0x18, 0x3, 0x0,

    /* U+0024 "$" */
    0x0, 0xe1, 0x84, 0x0, 0xff, 0x89, 0xf0, 0x3,
    0xff, 0x96, 0xd7, 0xa0, 0xf8, 0xe2, 0x1, 0x87,
    0x25, 0x4, 0x0, 0x71, 0xe6, 0x1, 0x69, 0x81,
    0xb0, 0x22, 0x0, 0x74, 0x41, 0xc, 0x17, 0x28,
    0xe, 0xe4, 0x6, 0x43, 0x0, 0x10, 0x1, 0xcc,
    0x40, 0x80, 0x1f, 0xf7, 0xe7, 0x6, 0x0, 0x38,
    0x80, 0x38, 0x8c, 0x81, 0x10, 0x7, 0xbe, 0x2,
    0x1, 0xf5, 0xb0, 0x0, 0xc1, 0xba, 0x48, 0x3,
    0xa7, 0x5c, 0x80, 0x2, 0xdb, 0x0, 0x1c, 0x51,
    0xc0, 0x8c, 0x0, 0x78, 0x0, 0xfc, 0x73, 0xa2,
    0xe, 0x11, 0x2c, 0x1, 0xe2, 0x90, 0x1, 0xab,
    0x40, 0x7, 0xde, 0x0, 0x15, 0x1, 0x80, 0xe,
    0x26, 0x1, 0x29, 0x10, 0x7c, 0xa0, 0x39, 0xd1,
    0x8, 0x1, 0xd1, 0x3, 0x60, 0x46, 0x0, 0x3b,
    0x0, 0xf, 0xa4, 0xc4, 0x0, 0x4d, 0x90, 0x1,
    0xcd, 0x9a, 0xf, 0xb2, 0x60, 0x1f, 0xfc, 0xa2,
    0x7c, 0x0, 0xf0,

    /* U+0025 "%" */
    0x0, 0x2e, 0xff, 0x40, 0x7, 0xcb, 0xfa, 0x1,
    0x96, 0x88, 0xc1, 0xe8, 0x3, 0x86, 0xc3, 0x80,
    0x34, 0x5, 0x67, 0x82, 0x90, 0x6, 0xb1, 0x73,
    0x0, 0xc4, 0xa, 0x2, 0x80, 0xc0, 0x12, 0xa8,
    0xa0, 0x3, 0xff, 0x86, 0x36, 0x1c, 0x1, 0xe2,
    0x5, 0x1, 0x40, 0x60, 0x5, 0x8b, 0x98, 0x7,
    0xa0, 0x2b, 0x3c, 0x14, 0x81, 0x54, 0x50, 0x1,
    0xf2, 0xd1, 0x18, 0x3d, 0x0, 0xd8, 0x70, 0x7,
    0xf2, 0xef, 0xf4, 0x0, 0x2c, 0x5c, 0xc0, 0x3f,
    0xf8, 0x6a, 0xa2, 0x80, 0x18, 0xba, 0x30, 0xf,
    0xe1, 0xb0, 0xe0, 0x2f, 0x74, 0x5c, 0x50, 0xf,
    0xd6, 0x2e, 0x61, 0x22, 0xdf, 0x41, 0x60, 0x1f,
    0x2a, 0x8a, 0x0, 0x8, 0x10, 0xa, 0x42, 0x60,
    0x1c, 0x36, 0x1c, 0x1, 0xc2, 0x0, 0x60, 0x70,
    0xe, 0xb1, 0x73, 0x0, 0xfc, 0xe0, 0xe0, 0x19,
    0x54, 0x50, 0x1, 0x8c, 0x14, 0x8, 0xc0, 0xc0,
    0x21, 0xb0, 0xe0, 0xe, 0x80, 0xac, 0xd0, 0x70,
    0xd, 0x62, 0xe6, 0x1, 0xc9, 0x44, 0x63, 0x10,
    0x0,

    /* U+0026 "&" */
    0x0, 0xcf, 0xbf, 0xeb, 0x30, 0xf, 0xea, 0x82,
    0x0, 0x26, 0x20, 0x7, 0xc8, 0xa0, 0xdb, 0x84,
    0x12, 0x1, 0xf6, 0x80, 0xc9, 0x1c, 0x81, 0x8,
    0x7, 0xe2, 0x0, 0x84, 0x3, 0xfb, 0xc0, 0xc8,
    0x6, 0x1, 0x4, 0x3, 0xce, 0x21, 0xc9, 0xe4,
    0x12, 0x1, 0xf0, 0xd8, 0x1d, 0x88, 0xb0, 0x80,
    0x3f, 0x20, 0x80, 0xb, 0xcc, 0x3, 0xf1, 0xf8,
    0x80, 0x8, 0x80, 0x1f, 0x8b, 0x4, 0x54, 0x21,
    0xa2, 0x7, 0xfe, 0x10, 0x4, 0x80, 0x31, 0x74,
    0x7, 0x41, 0x80, 0x2, 0x0, 0x40, 0x62, 0x3,
    0xa0, 0x3a, 0xe0, 0x30, 0xe, 0x10, 0x9, 0x60,
    0x15, 0x2, 0xc0, 0x22, 0x5, 0x0, 0xce, 0x80,
    0x1, 0x70, 0xa, 0xc0, 0xb5, 0x48, 0xe5, 0x0,
    0x2, 0x40, 0x13, 0x30, 0xa, 0xb7, 0x18, 0x8,
    0x43, 0xc4, 0x2, 0x9b, 0x41, 0x0, 0x24, 0xee,
    0x80, 0xa8, 0x0,

    /* U+0027 "'" */
    0xdf, 0x91, 0x0, 0x38, 0x8, 0x3, 0xc4, 0x0,
    0x60, 0x3b, 0xa,

    /* U+0028 "(" */
    0x0, 0x9b, 0xf8, 0x40, 0x2b, 0x4, 0x10, 0x2,
    0x10, 0x70, 0x5, 0xc0, 0x28, 0x1, 0x28, 0x38,
    0x4, 0x80, 0xc, 0x0, 0x8c, 0x0, 0x80, 0x16,
    0x80, 0x88, 0x2, 0x70, 0x50, 0xc, 0x40, 0x20,
    0x1e, 0x20, 0xf, 0xfe, 0x41, 0x0, 0x62, 0x6,
    0x0, 0xce, 0x6, 0x1, 0xb0, 0x0, 0x60, 0x13,
    0x80, 0x10, 0x2, 0x13, 0xa, 0x0, 0xd4, 0x4,
    0x60, 0x13, 0x8, 0x50, 0x6, 0x80, 0x61,

    /* U+0029 ")" */
    0xe, 0xf7, 0x0, 0xce, 0x12, 0x1, 0xa8, 0x5,
    0x80, 0x23, 0x20, 0xa0, 0xc, 0xa0, 0x62, 0x1,
    0x60, 0x1, 0x0, 0x24, 0x0, 0x68, 0x6, 0x20,
    0x40, 0xc, 0xe0, 0x40, 0x18, 0xc0, 0x40, 0x37,
    0x0, 0x4, 0x3, 0xff, 0x8b, 0xc0, 0x1, 0x0,
    0x88, 0x4, 0x3, 0x28, 0x28, 0x4, 0x42, 0x18,
    0x1, 0x20, 0x1, 0x40, 0x2a, 0x2, 0x20, 0x0,
    0x8c, 0x28, 0x2, 0xa0, 0x3, 0x80, 0x4e, 0x10,
    0x1, 0x0,

    /* U+002A "*" */
    0x0, 0xdb, 0xe0, 0x1c, 0x20, 0x1, 0x10, 0x0,
    0x80, 0xfa, 0x0, 0x6, 0xf, 0xaa, 0xe2, 0xfa,
    0x27, 0x90, 0x20, 0x9d, 0x26, 0x42, 0x51, 0xca,
    0x3, 0xc2, 0x0, 0x1e, 0x10, 0x5e, 0x73, 0x21,
    0x46, 0xe6, 0x71, 0x9c, 0x13, 0xba, 0x12, 0x27,
    0x30, 0x9, 0x82, 0xf2, 0x0, 0x61, 0x30, 0xc,

    /* U+002B "+" */
    0x0, 0xcb, 0xfe, 0x0, 0xff, 0xee, 0x91, 0x70,
    0x0, 0x8b, 0xe, 0xee, 0x80, 0x6, 0xee, 0x80,
    0xf, 0xfe, 0x7, 0xfe, 0xa0, 0x7, 0xfe, 0x90,
    0xf, 0xfe, 0xe3, 0xba, 0x0, 0x38,

    /* U+002C "," */
    0x6, 0x61, 0x94, 0xc9, 0x98, 0x0, 0x43, 0x3,
    0x1e, 0x4, 0x5, 0xb, 0x2, 0x3, 0x0,

    /* U+002D "-" */
    0x13, 0x3f, 0x82, 0x73, 0x3e, 0x30, 0xf, 0xe0,

    /* U+002E "." */
    0x3, 0x40, 0x4c, 0xb9, 0xc0, 0x2, 0xd1, 0xc,
    0x0,

    /* U+002F "/" */
    0x0, 0xe3, 0xff, 0x0, 0x79, 0x0, 0xc0, 0x3d,
    0x60, 0x80, 0x1e, 0x30, 0xb0, 0xe, 0x40, 0x1,
    0x80, 0x76, 0x82, 0x0, 0x79, 0x3, 0x40, 0x38,
    0x48, 0x10, 0x3, 0x90, 0x4, 0x80, 0x3b, 0xc1,
    0x0, 0x3c, 0x81, 0xe0, 0x1c, 0x42, 0x8, 0x1,
    0xca, 0x4, 0x20, 0x1d, 0x80, 0xa0, 0x1e, 0x40,
    0xc0, 0xe, 0x30, 0x2, 0x0, 0x75, 0x81, 0x80,
    0x79, 0x2, 0xc0, 0x38, 0x4c, 0x10, 0x3, 0x90,
    0x0, 0x60, 0x1d, 0x80, 0xa0, 0x1e,

    /* U+0030 "0" */
    0x0, 0x8a, 0xbb, 0xfa, 0xd0, 0x3, 0xcb, 0xaa,
    0x20, 0x29, 0x70, 0x1, 0x8e, 0x80, 0x62, 0xe4,
    0x81, 0xd8, 0x2, 0xf0, 0x6, 0x3a, 0x36, 0x90,
    0x48, 0x81, 0x98, 0x20, 0x80, 0x34, 0x80, 0x1c,
    0x10, 0x0, 0xc0, 0x1c, 0x82, 0x1a, 0x18, 0x4,
    0x20, 0x1e, 0x40, 0x50, 0x60, 0x60, 0xf, 0x88,
    0x4, 0xc, 0x4, 0x3, 0xef, 0x0, 0x8, 0x7,
    0xff, 0x8, 0xc0, 0x40, 0x3e, 0xf0, 0x0, 0xb0,
    0x30, 0x7, 0xc4, 0x2, 0x6, 0x4, 0x20, 0x1e,
    0x40, 0x50, 0xb0, 0x3, 0x0, 0x72, 0x8, 0x68,
    0x19, 0x82, 0x8, 0x3, 0x48, 0x1, 0xc0, 0x1e,
    0x0, 0xc7, 0x46, 0xd2, 0x9, 0x10, 0x1, 0xd0,
    0xc, 0x5c, 0x90, 0x3b, 0x0, 0x65, 0xd5, 0x10,
    0x14, 0xb8, 0x0, 0x80,

    /* U+0031 "1" */
    0x0, 0x86, 0xff, 0xd4, 0x0, 0x4f, 0x40, 0xd,
    0x36, 0x22, 0x0, 0x8d, 0x81, 0x78, 0x3, 0xaa,
    0x80, 0x18, 0xb9, 0x40, 0x38, 0x44, 0x1, 0xff,
    0xff, 0x0, 0xff, 0xe3, 0x80,

    /* U+0032 "2" */
    0x0, 0x9f, 0x3f, 0xdb, 0x22, 0x1, 0xe, 0xc1,
    0x80, 0x9, 0xb9, 0x0, 0x1a, 0x40, 0xd7, 0x67,
    0x0, 0x58, 0xa1, 0x84, 0x4a, 0x22, 0x2c, 0x1,
    0x3a, 0x0, 0x70, 0xc, 0x86, 0x6, 0x26, 0xa0,
    0x1e, 0x70, 0x78, 0xca, 0x0, 0xf3, 0x3, 0x0,
    0x7e, 0x52, 0xf, 0x0, 0xf8, 0xa8, 0xd, 0x40,
    0x3c, 0x58, 0x3, 0xc0, 0x1e, 0x2c, 0x10, 0xd2,
    0x0, 0xe2, 0xc1, 0xb, 0x30, 0xe, 0x3c, 0x10,
    0xb4, 0x0, 0xe3, 0xd1, 0xc, 0x40, 0xe, 0x3c,
    0x11, 0x61, 0x80, 0x72, 0x60, 0x2, 0x5d, 0x13,
    0xde, 0x1, 0x45, 0xdf, 0xc0, 0x1f, 0xfc, 0x0,

    /* U+0033 "3" */
    0x0, 0x96, 0xfb, 0xfa, 0x90, 0x3, 0xae, 0x90,
    0x40, 0x56, 0xe0, 0x2, 0xa4, 0x4, 0xac, 0xa2,
    0x7, 0x60, 0x25, 0x5, 0xb5, 0x35, 0xc1, 0xb,
    0x4, 0x0, 0x40, 0x6, 0x16, 0x2, 0x7, 0xcc,
    0x10, 0x7, 0xf0, 0x99, 0x80, 0x3c, 0xa0, 0x80,
    0x1e, 0x22, 0x2e, 0x90, 0xc8, 0x7, 0x2e, 0xea,
    0x89, 0x7c, 0x80, 0x3f, 0xcb, 0x62, 0x1, 0xcb,
    0xfe, 0xd7, 0x5, 0xc0, 0xf, 0xc5, 0x12, 0x4,
    0xc8, 0xa8, 0x1, 0xe6, 0x0, 0x67, 0xd5, 0x0,
    0x3c, 0x20, 0x3, 0xc0, 0x17, 0x0, 0xe8, 0x0,
    0x63, 0x88, 0x45, 0x2a, 0x35, 0xb0, 0x12, 0x86,
    0x10, 0x2d, 0x5c, 0xa0, 0x16, 0x0, 0xb, 0x60,
    0xc0, 0x2, 0x93, 0xa2, 0x0,

    /* U+0034 "4" */
    0x0, 0xfd, 0x1f, 0xf0, 0x7, 0xf8, 0x9c, 0x3,
    0xff, 0x83, 0xc0, 0x1f, 0xfc, 0x17, 0x30, 0x60,
    0xf, 0xf1, 0x40, 0x47, 0x0, 0x7f, 0xa4, 0x9,
    0xc0, 0x3f, 0xcc, 0x81, 0xc0, 0x1f, 0xe1, 0x90,
    0x63, 0x0, 0xff, 0x50, 0xc, 0x80, 0x7f, 0x95,
    0x2, 0x80, 0x3f, 0xc3, 0x60, 0xa8, 0x1, 0xfe,
    0xb1, 0xb, 0x0, 0xff, 0x94, 0x1, 0xdf, 0xfa,
    0x0, 0x1f, 0xe7, 0x0, 0xff, 0xe2, 0x5d, 0xfe,
    0x60, 0x5, 0xd9, 0x41, 0x13, 0xf7, 0x0, 0x11,
    0x4, 0x1, 0xff, 0xd2,

    /* U+0035 "5" */
    0xf, 0xff, 0xf1, 0x0, 0x7f, 0xf0, 0x84, 0x0,
    0xf7, 0x7f, 0x10, 0x18, 0x3, 0x11, 0x3e, 0x0,
    0x30, 0x1, 0xc0, 0x3f, 0x84, 0x0, 0x40, 0x1f,
    0xc6, 0x1, 0x4f, 0x7f, 0x51, 0x0, 0x42, 0x0,
    0xf6, 0x10, 0x15, 0xd5, 0x0, 0x78, 0x5, 0x19,
    0x88, 0x0, 0x51, 0x7, 0x9a, 0x7b, 0x99, 0x9f,
    0x0, 0x10, 0xf, 0x96, 0x20, 0x18, 0xd0, 0x14,
    0x3, 0xfd, 0x80, 0x1, 0x23, 0x10, 0xf, 0xf7,
    0xe6, 0x80, 0x7b, 0x0, 0x44, 0xa0, 0x6a, 0x1,
    0x91, 0x0, 0xe1, 0x22, 0x15, 0x28, 0x88, 0xb0,
    0x4, 0x0, 0xe8, 0x83, 0x5d, 0x9c, 0x7, 0x4,
    0x0, 0x7e, 0xe4, 0x0, 0x27, 0xf3, 0x0, 0x0,

    /* U+0036 "6" */
    0x0, 0x8a, 0x7b, 0xfd, 0x8c, 0x1, 0xc9, 0xac,
    0x20, 0x3, 0x9b, 0x0, 0x8a, 0xc0, 0x62, 0xe9,
    0x1, 0x24, 0x1, 0x20, 0x3e, 0xe8, 0xb6, 0xa0,
    0xc2, 0x48, 0x16, 0x20, 0x1a, 0x19, 0x84, 0x80,
    0x5, 0x0, 0xe2, 0x99, 0x1e, 0x1, 0x83, 0x67,
    0xfb, 0x18, 0x2, 0x60, 0x6a, 0x93, 0x0, 0x1c,
    0xd8, 0x0, 0x41, 0x54, 0x55, 0x94, 0x60, 0x92,
    0x6, 0x0, 0x3d, 0x53, 0x5c, 0x30, 0x61, 0x30,
    0x4, 0x0, 0x74, 0x0, 0x1c, 0x40, 0x8, 0x1,
    0xc8, 0x0, 0xe5, 0x0, 0xff, 0xbf, 0x0, 0x8,
    0x1, 0xc8, 0x0, 0x25, 0x10, 0x90, 0xc, 0x32,
    0x0, 0x40, 0x80, 0x2d, 0x64, 0x6c, 0x20, 0x81,
    0x6, 0x70, 0x29, 0xb9, 0x20, 0x67, 0x0, 0xa2,
    0xd0, 0x40, 0x52, 0xe4, 0x0,

    /* U+0037 "7" */
    0x3f, 0xff, 0xf9, 0x40, 0x3f, 0xf8, 0x25, 0x55,
    0xf9, 0x40, 0xc, 0x2a, 0xbf, 0x90, 0xc, 0xc0,
    0x1f, 0x98, 0x42, 0x0, 0x3f, 0xa0, 0xd, 0x0,
    0x3f, 0x30, 0x84, 0x80, 0x7f, 0x58, 0x12, 0x80,
    0x7e, 0x62, 0x8, 0x0, 0xfe, 0xb0, 0x25, 0x0,
    0xfc, 0xa4, 0x16, 0x1, 0xfd, 0x0, 0x4c, 0x1,
    0xf9, 0x48, 0x2c, 0x3, 0xfa, 0x0, 0x58, 0x3,
    0xf2, 0x90, 0x40, 0x7, 0xf4, 0x80, 0xb0, 0x7,
    0xe4, 0x30, 0x90, 0xf, 0xe8, 0x1, 0x70, 0xf,
    0x80,

    /* U+0038 "8" */
    0x0, 0x9b, 0x3f, 0xdd, 0x46, 0x1, 0xd9, 0x26,
    0x0, 0x15, 0xc6, 0x0, 0xa8, 0xc1, 0x6f, 0x24,
    0x42, 0x4c, 0x5, 0x41, 0x29, 0xd, 0xb0, 0x1,
    0x20, 0x40, 0xe, 0x0, 0xc4, 0x80, 0xe0, 0x1f,
    0xfc, 0x1, 0x3, 0x10, 0xe0, 0xc, 0x48, 0x8,
    0x0, 0xb0, 0x4a, 0x32, 0x5f, 0x2, 0x80, 0x2,
    0xe1, 0xae, 0x6d, 0x13, 0x60, 0x4, 0x30, 0x60,
    0x1c, 0xcc, 0x0, 0xf, 0xa0, 0xcf, 0x7e, 0xb0,
    0x44, 0x84, 0x88, 0x6b, 0x8, 0x14, 0xb0, 0x31,
    0x28, 0x11, 0x80, 0x75, 0x0, 0x14, 0x3, 0xff,
    0x82, 0xe0, 0x46, 0x1, 0xd4, 0x0, 0x39, 0x0,
    0x63, 0x99, 0x25, 0xb0, 0x1a, 0x1d, 0x0, 0x23,
    0x36, 0xd0, 0xf, 0x40, 0xb, 0xce, 0x40, 0x1,
    0x4a, 0xc1, 0x0,

    /* U+0039 "9" */
    0x0, 0x9f, 0x3f, 0xdb, 0x22, 0x1, 0x87, 0x60,
    0xc0, 0x4, 0xdc, 0x80, 0x16, 0x90, 0x25, 0x5b,
    0x80, 0x2c, 0x41, 0x8c, 0x1a, 0xd5, 0x23, 0x0,
    0x16, 0x1a, 0x0, 0x90, 0xc, 0x6c, 0xa, 0xc,
    0x8, 0x1, 0xec, 0x0, 0x20, 0x7, 0xff, 0x0,
    0x98, 0x14, 0x3, 0xd8, 0x0, 0xec, 0x1, 0x70,
    0xc, 0x6c, 0x1, 0x38, 0x84, 0x49, 0x99, 0xf0,
    0x2, 0xf0, 0xd1, 0x6, 0xcc, 0x40, 0x48, 0x0,
    0x40, 0xfd, 0xc4, 0x5, 0x71, 0xc0, 0x4, 0x0,
    0x18, 0xef, 0xea, 0x34, 0x0, 0x2b, 0x4c, 0x0,
    0x7b, 0x80, 0xc7, 0x99, 0xd0, 0x3, 0x2a, 0x4,
    0x84, 0x88, 0x5c, 0x22, 0xd5, 0x0, 0xd4, 0x6,
    0x80, 0xf, 0x74, 0xa0, 0x7a, 0x1, 0x27, 0x39,
    0x0, 0xe, 0x30, 0x40, 0x0,

    /* U+003A ":" */
    0x3, 0x40, 0x4c, 0xb9, 0xc0, 0x2, 0xd1, 0xc,
    0x16, 0xf2, 0x0, 0x7f, 0xf1, 0x4d, 0x1, 0x32,
    0xe7, 0x0, 0xb, 0x44, 0x30,

    /* U+003B ";" */
    0xc, 0xf7, 0x53, 0x8, 0x70, 0x2, 0x16, 0xd5,
    0x81, 0x28, 0x7, 0xff, 0x19, 0x98, 0x65, 0x32,
    0x66, 0x0, 0x10, 0xc0, 0xc7, 0x81, 0x1, 0x42,
    0xc0, 0x80, 0xc0,

    /* U+003C "<" */
    0x0, 0xff, 0x84, 0x40, 0x1f, 0xc3, 0x3c, 0x40,
    0x1f, 0x14, 0xf3, 0x0, 0x7c, 0x55, 0xac, 0x0,
    0x73, 0x0, 0x8a, 0xb5, 0x40, 0x63, 0xe0, 0x0,
    0x55, 0xaa, 0x5, 0x3c, 0xe0, 0x11, 0x6a, 0x81,
    0xde, 0xb0, 0x7, 0xf2, 0xb0, 0x7, 0xc5, 0x44,
    0xd, 0xb4, 0x60, 0x1e, 0x5d, 0xa3, 0x5, 0xcb,
    0x40, 0xf, 0x2e, 0x59, 0x82, 0x5e, 0xa8, 0x7,
    0x93, 0x2c, 0xc0, 0xa8, 0xc0, 0x3e, 0x4c, 0xb4,
    0x0, 0xff, 0x92, 0xf0, 0x80,

    /* U+003D "=" */
    0x24, 0x4f, 0xf0, 0xc5, 0xdf, 0xf9, 0x40, 0x3f,
    0xf8, 0x15, 0xff, 0xfe, 0x40, 0xf, 0xfe, 0x1,
    0x22, 0x7f, 0x86, 0x2e, 0xff, 0xca, 0x1, 0xff,
    0xc0,

    /* U+003E ">" */
    0x20, 0xf, 0xfa, 0xf5, 0x80, 0x3f, 0xc5, 0x3c,
    0xc0, 0x1f, 0x52, 0x0, 0xcf, 0x30, 0x7, 0x1d,
    0xe2, 0x80, 0xcf, 0x38, 0x7, 0x1d, 0x73, 0x80,
    0xc7, 0x38, 0x7, 0xc, 0x74, 0x8, 0xa2, 0xc0,
    0x3c, 0x26, 0x40, 0x7, 0x0, 0xe5, 0xdb, 0x30,
    0x5e, 0x0, 0x9f, 0xa8, 0x81, 0xb6, 0x88, 0x63,
    0xe0, 0x41, 0xb6, 0x48, 0x1, 0xe, 0x0, 0x6e,
    0x92, 0x0, 0xf3, 0xf4, 0x88, 0x7, 0xab, 0xa0,
    0x40, 0x3f, 0x0,

    /* U+003F "?" */
    0x0, 0x96, 0xfb, 0xfa, 0x8c, 0x3, 0x55, 0x10,
    0x40, 0x57, 0x18, 0x0, 0xea, 0x7, 0x79, 0x22,
    0x12, 0x41, 0x20, 0x58, 0x86, 0xd8, 0x0, 0xa1,
    0x10, 0x50, 0x6, 0x22, 0x1, 0x8e, 0x61, 0x80,
    0x38, 0x80, 0x80, 0xcc, 0x20, 0x1a, 0x0, 0x18,
    0x1, 0xf4, 0xb8, 0x22, 0x80, 0x71, 0x6b, 0x2,
    0x58, 0x7, 0xb8, 0x82, 0x6c, 0x3, 0xc4, 0x61,
    0xc, 0x1, 0xf0, 0x80, 0x10, 0x3, 0xf8, 0xcc,
    0x40, 0x1f, 0x8f, 0x30, 0x20, 0x1f, 0xc8, 0x80,
    0xf, 0xe7, 0xbb, 0x30, 0x7, 0xed, 0x0, 0x78,
    0x7, 0xe9, 0x11, 0x50, 0x6,

    /* U+0040 "@" */
    0x0, 0xf1, 0x46, 0x77, 0xfb, 0xb2, 0x8, 0x3,
    0xfc, 0x35, 0xae, 0x62, 0x0, 0x13, 0x7d, 0x91,
    0x0, 0xf9, 0x3d, 0x41, 0x27, 0x3b, 0x9b, 0x28,
    0xd, 0xe4, 0x1, 0xc7, 0x62, 0x59, 0x6c, 0x62,
    0x22, 0x6b, 0xc2, 0x1c, 0x10, 0x8, 0x74, 0xf,
    0x4c, 0x3, 0xf1, 0xe1, 0xd, 0x0, 0x52, 0x21,
    0xa0, 0x1f, 0xf0, 0xf0, 0x22, 0x0, 0xe, 0x10,
    0x20, 0x1, 0x8e, 0xfe, 0x74, 0xb7, 0x3, 0x50,
    0xf0, 0x50, 0x3, 0x0, 0x7, 0x1c, 0x40, 0x62,
    0x93, 0x40, 0x12, 0x8, 0x38, 0x6, 0x20, 0xa,
    0x21, 0xbe, 0xd5, 0x10, 0xc, 0x60, 0x5, 0x50,
    0x28, 0x0, 0x90, 0x35, 0x4, 0xa8, 0x80, 0x38,
    0x80, 0x84, 0x38, 0x0, 0x80, 0x66, 0x0, 0xca,
    0x1, 0xcc, 0x2, 0x60, 0x20, 0xe, 0x6, 0x0,
    0xee, 0x0, 0xfc, 0x60, 0x20, 0x1f, 0xfc, 0x47,
    0x1, 0x10, 0x70, 0x3, 0x81, 0x80, 0x3b, 0x80,
    0x38, 0x80, 0x94, 0x14, 0x0, 0x80, 0x64, 0x1,
    0x94, 0x4, 0x0, 0x42, 0xb, 0x80, 0x62, 0x4,
    0x81, 0xe6, 0x3, 0x44, 0xa, 0x43, 0x20, 0xa2,
    0xa0, 0x6, 0x0, 0x50, 0x96, 0x7f, 0x2c, 0x8,
    0xb7, 0x90, 0x60, 0x0, 0xc1, 0x22, 0x3, 0xec,
    0x20, 0x52, 0xfa, 0x60, 0x4, 0xc2, 0x0, 0x40,
    0x8b, 0x40, 0x3, 0x3d, 0xfa, 0xc0, 0x79, 0xfe,
    0xb2, 0x0, 0x86, 0x80, 0xf4, 0xc0, 0x3f, 0xf8,
    0xa9, 0x60, 0x59, 0x86, 0x31, 0x11, 0x2c, 0x69,
    0x0, 0x7e, 0x4d, 0x40, 0x39, 0xce, 0xe6, 0xd3,
    0x95, 0x0, 0x7f, 0x15, 0xeb, 0xa0, 0x80, 0x4,
    0xda, 0xa0, 0x3, 0x80,

    /* U+0041 "A" */
    0x0, 0xf4, 0x7f, 0xc2, 0x1, 0xff, 0xc0, 0x50,
    0x9, 0xc0, 0x3f, 0xe3, 0x20, 0x10, 0xd0, 0xf,
    0xfa, 0x80, 0x60, 0x10, 0x40, 0x3f, 0xce, 0x8,
    0xe0, 0x7, 0x0, 0xfe, 0x41, 0xf, 0x12, 0xa,
    0x0, 0xfe, 0xd0, 0x2, 0x82, 0x81, 0x90, 0x7,
    0xe7, 0x4, 0x0, 0x58, 0x1, 0x40, 0x3e, 0x51,
    0xd, 0x0, 0x18, 0x85, 0x0, 0x7d, 0xe0, 0x7,
    0x0, 0x98, 0x8, 0x80, 0x1e, 0x50, 0x41, 0x0,
    0xac, 0x1, 0x40, 0x1c, 0xa0, 0x4, 0xff, 0xd8,
    0x0, 0x60, 0xe, 0xe0, 0xf, 0xf0, 0x98, 0x4,
    0x28, 0x7, 0x99, 0xea, 0x0, 0x50, 0x4, 0xe0,
    0xa, 0x33, 0xf2, 0x90, 0x38, 0x5, 0x40, 0x7,
    0x0, 0xf9, 0x40, 0x50, 0x4, 0xc1, 0x4, 0x3,
    0xeb, 0x0, 0x70, 0x30, 0x3, 0x80, 0x3f, 0x19,
    0x2, 0x80,

    /* U+0042 "B" */
    0x4f, 0xff, 0xba, 0x90, 0x3, 0xfe, 0x15, 0xb8,
    0x0, 0xe7, 0xbb, 0xd0, 0x0, 0x74, 0x0, 0xdc,
    0x89, 0x9f, 0x0, 0x1c, 0x1, 0xfe, 0x32, 0x7,
    0x0, 0xff, 0x84, 0x4, 0x3, 0xfc, 0x46, 0xa,
    0x1, 0xfc, 0x9e, 0x3, 0x0, 0x1a, 0x7f, 0xf5,
    0x93, 0x78, 0x80, 0x7f, 0xcd, 0x0, 0x1d, 0x1b,
    0xba, 0xd4, 0x1a, 0xc0, 0x30, 0x91, 0x64, 0xa6,
    0x4, 0x40, 0x7, 0xfa, 0xc0, 0x6, 0x1, 0xff,
    0xc1, 0xf0, 0xf, 0xf5, 0x0, 0x34, 0x2, 0xe4,
    0x4c, 0xb6, 0xe0, 0x2a, 0x1, 0x3d, 0xde, 0xa4,
    0x1, 0xd0, 0xf, 0xf1, 0xbf, 0x98, 0x0,

    /* U+0043 "C" */
    0x0, 0xc5, 0x3b, 0xfe, 0xea, 0x40, 0xf, 0xa3,
    0x58, 0x80, 0x2, 0xb7, 0x61, 0x0, 0xd4, 0xe0,
    0x5, 0x88, 0x30, 0x82, 0x68, 0x4, 0xca, 0x5,
    0xb4, 0xee, 0x9e, 0x40, 0x38, 0x0, 0x40, 0xe,
    0x10, 0x7, 0x59, 0x3, 0x82, 0x88, 0x48, 0x80,
    0x7d, 0x60, 0x5, 0xf0, 0x3, 0x0, 0x7e, 0x6f,
    0xf2, 0xb0, 0x10, 0x80, 0x7f, 0xf0, 0x8, 0x4,
    0x3, 0xff, 0xa2, 0x40, 0x20, 0x1f, 0xfc, 0x16,
    0x2, 0x10, 0xf, 0xfe, 0x7, 0x80, 0x18, 0x3,
    0xf3, 0x7f, 0x95, 0x42, 0x12, 0x20, 0x1f, 0x58,
    0x1, 0x2, 0x0, 0x70, 0x80, 0x3a, 0x88, 0x1c,
    0x41, 0x94, 0xb, 0x69, 0xdd, 0x3c, 0xa0, 0x70,
    0x1, 0x53, 0x80, 0x16, 0x20, 0xc2, 0x9, 0xa0,
    0x1d, 0x1a, 0xc4, 0x0, 0x15, 0xbb, 0x8, 0x0,

    /* U+0044 "D" */
    0x4f, 0xff, 0xb6, 0x4c, 0x3, 0xff, 0x80, 0x4d,
    0x92, 0x1, 0xe6, 0xaa, 0xa5, 0x80, 0xd, 0x60,
    0x1d, 0xea, 0xb3, 0x4f, 0x18, 0x23, 0x80, 0x7f,
    0x87, 0x4, 0x24, 0x3, 0xff, 0x81, 0x0, 0x2a,
    0x1, 0xff, 0x38, 0x3, 0x0, 0x3f, 0xe1, 0x10,
    0x10, 0x7, 0xff, 0x0, 0xc1, 0xc0, 0x3f, 0xf9,
    0xe6, 0xe, 0x1, 0xff, 0x8, 0x80, 0x80, 0x3f,
    0xe7, 0x0, 0x60, 0x7, 0xf8, 0x60, 0x5, 0x40,
    0x3f, 0x87, 0x44, 0x20, 0x3, 0x7a, 0xac, 0xd5,
    0xc6, 0xa, 0xc0, 0x19, 0xaa, 0xa9, 0x50, 0x3,
    0xd0, 0x7, 0xf8, 0xdf, 0x60, 0x2,

    /* U+0045 "E" */
    0x4f, 0xff, 0xf8, 0x80, 0x3f, 0xf8, 0x8d, 0x77,
    0xf8, 0x80, 0x2f, 0x44, 0xfc, 0x1, 0xff, 0xec,
    0x9f, 0xff, 0xa0, 0x3, 0xff, 0x8a, 0xd7, 0x7f,
    0x50, 0x6, 0xf4, 0x4f, 0x88, 0x3, 0xff, 0xbf,
    0xe8, 0x9f, 0x80, 0x33, 0x5d, 0xfe, 0x30, 0xf,
    0xfe, 0x8,

    /* U+0046 "F" */
    0x4f, 0xff, 0xf7, 0x0, 0x7f, 0xf0, 0xda, 0xef,
    0xea, 0x0, 0xbd, 0x13, 0xf0, 0x7, 0xff, 0x9e,
    0x7f, 0xfe, 0x20, 0xf, 0xfe, 0x1b, 0x5d, 0xfc,
    0x40, 0x17, 0xa2, 0x7c, 0x1, 0xff, 0xfd,

    /* U+0047 "G" */
    0x0, 0xc5, 0x3b, 0xfe, 0xea, 0x30, 0xf, 0xa3,
    0x58, 0x80, 0x2, 0xb9, 0x40, 0x1d, 0x4e, 0x0,
    0x58, 0x83, 0x0, 0x17, 0x0, 0x26, 0x50, 0x2d,
    0xa7, 0x74, 0xf2, 0x1, 0xc0, 0x2, 0x0, 0x70,
    0x80, 0x30, 0xd9, 0x3, 0x8a, 0x88, 0x48, 0x80,
    0x7d, 0x62, 0x25, 0xf0, 0x3, 0x0, 0x7e, 0x6e,
    0xe2, 0x30, 0x10, 0x80, 0x7f, 0xf0, 0x8, 0x4,
    0x3, 0x84, 0xcf, 0xc2, 0x1, 0xf9, 0x33, 0x3d,
    0x24, 0x2, 0x1, 0xff, 0xc1, 0x60, 0x21, 0x0,
    0xcb, 0xff, 0x70, 0x5, 0xe0, 0x6, 0x0, 0xfc,
    0xa0, 0xd, 0x51, 0x9, 0x10, 0xf, 0xa0, 0x0,
    0x81, 0x0, 0x38, 0x40, 0x1d, 0x46, 0xc, 0x20,
    0xca, 0x5, 0xb6, 0xee, 0x9e, 0x50, 0x29, 0x0,
    0xa9, 0xc0, 0x9, 0x10, 0x61, 0x4, 0xc0, 0xe,
    0x8d, 0x62, 0x0, 0xa, 0xdd, 0x84, 0x0,

    /* U+0048 "H" */
    0x4f, 0xf3, 0x0, 0x7e, 0xff, 0x58, 0x7, 0xff,
    0xfc, 0x3, 0xff, 0xab, 0x3f, 0xff, 0x80, 0x3f,
    0xf9, 0x2d, 0x55, 0xf8, 0x3, 0xde, 0xab, 0xf8,
    0x3, 0xff, 0xfe, 0x1, 0xff, 0xc6,

    /* U+0049 "I" */
    0x4f, 0xf3, 0x0, 0x7f, 0xfe, 0x0,

    /* U+004A "J" */
    0x0, 0xfe, 0xff, 0x58, 0x7, 0xff, 0xfc, 0x3,
    0xff, 0xc4, 0xcc, 0x30, 0xf, 0xc3, 0x32, 0xb0,
    0xf, 0x84, 0x40, 0x1, 0x0, 0xfe, 0x20, 0x71,
    0x0, 0x98, 0x1, 0xa1, 0x60, 0x38, 0xc9, 0x12,
    0x0, 0x60, 0x65, 0x2, 0x9b, 0x70, 0x5, 0x8,
    0x2, 0xa4, 0xc0, 0x2, 0xba, 0xa0,

    /* U+004B "K" */
    0x4f, 0xf3, 0x0, 0x79, 0x3f, 0xe2, 0x0, 0xfe,
    0x2b, 0x0, 0x61, 0x0, 0x7e, 0x1c, 0x0, 0x51,
    0x80, 0x7e, 0x1c, 0x10, 0x85, 0x0, 0xfe, 0xa2,
    0x7, 0x70, 0x7, 0xf5, 0x20, 0x2c, 0x0, 0x7f,
    0x3a, 0x81, 0xd0, 0x7, 0xf2, 0xc0, 0xe, 0x80,
    0x7f, 0x75, 0x0, 0x4, 0xc0, 0x3f, 0x9c, 0x4,
    0x1, 0xc0, 0x1f, 0xe1, 0xc6, 0x3, 0x70, 0xf,
    0xed, 0x29, 0x20, 0x83, 0x0, 0xfa, 0xc, 0x1,
    0xc0, 0xe, 0x0, 0xf8, 0x40, 0x23, 0x70, 0x28,
    0x0, 0xff, 0xa0, 0x81, 0xcc, 0x3, 0xfe, 0xe0,
    0x7, 0x0, 0x7f, 0xc6, 0xe0, 0x52, 0x1, 0xff,
    0x41, 0x3, 0x20,

    /* U+004C "L" */
    0x4f, 0xf3, 0x0, 0x7f, 0xff, 0xc0, 0x3f, 0xff,
    0xe0, 0x1f, 0xfd, 0x1f, 0x44, 0xf8, 0x80, 0x26,
    0xbb, 0xf9, 0x40, 0x3f, 0xf8, 0x0,

    /* U+004D "M" */
    0x4f, 0xfa, 0xc0, 0x3f, 0x9b, 0xfe, 0x90, 0xc,
    0x82, 0x1, 0xfa, 0x80, 0x3f, 0x98, 0x3, 0xe2,
    0x30, 0xf, 0xea, 0x0, 0xf9, 0x40, 0x3f, 0x20,
    0x11, 0x80, 0x7a, 0x81, 0x0, 0x3d, 0xa0, 0xa,
    0x0, 0xe3, 0x20, 0xd0, 0xf, 0x11, 0x83, 0x80,
    0x75, 0x0, 0x1c, 0x3, 0xc3, 0x60, 0x28, 0x1,
    0x9c, 0xc, 0x40, 0x3e, 0x60, 0x7, 0x0, 0x48,
    0x21, 0x40, 0x1f, 0x85, 0x1, 0x44, 0x1, 0xc0,
    0x6, 0x0, 0xfe, 0xe0, 0x3, 0x80, 0x14, 0x14,
    0x3, 0xfc, 0xa2, 0x1a, 0xa, 0x0, 0xe0, 0xf,
    0xf9, 0xc1, 0x7, 0xc0, 0x90, 0x3, 0xfe, 0xb0,
    0x2, 0x28, 0x50, 0x7, 0xff, 0x0, 0x8c, 0x20,
    0x0, 0xc0, 0x1f, 0xfc, 0x1a, 0x2, 0x4, 0x10,
    0xf, 0xfe, 0xb, 0x0, 0x5c, 0x1, 0xff, 0xc3,
    0x50, 0x15, 0x0, 0xf8,

    /* U+004E "N" */
    0x4f, 0xf8, 0x40, 0x3e, 0xcf, 0xd0, 0xd, 0x60,
    0x1f, 0xfc, 0x25, 0x40, 0xf, 0xfe, 0x14, 0x80,
    0x7f, 0xf0, 0x1c, 0x9, 0xc0, 0x3f, 0xed, 0x40,
    0x82, 0x0, 0xff, 0xa4, 0x1, 0x20, 0x1f, 0xe3,
    0x27, 0x4, 0x50, 0xf, 0xfa, 0x4, 0x2c, 0x3,
    0xff, 0x81, 0x60, 0x30, 0x1, 0xff, 0x2a, 0x3,
    0x90, 0x7, 0xfd, 0x20, 0xe, 0x0, 0xff, 0x89,
    0xc0, 0xd4, 0x3, 0xfe, 0x82, 0x8, 0x70, 0xf,
    0xfa, 0x40, 0x90, 0x3, 0xfe, 0x45, 0x0, 0xff,
    0xe1, 0x58, 0x7, 0xff, 0x8, 0x64, 0x2,

    /* U+004F "O" */
    0x0, 0xc5, 0x3b, 0xfe, 0xea, 0x40, 0xf, 0xd1,
    0xac, 0x40, 0x1, 0x5b, 0xa0, 0xf, 0x53, 0x80,
    0x16, 0x20, 0xa0, 0x5, 0xc0, 0xc, 0xca, 0x5,
    0xb4, 0xee, 0xae, 0x40, 0x39, 0x0, 0xa0, 0x7,
    0x8, 0x3, 0xd, 0x98, 0x31, 0x2, 0x88, 0x48,
    0x80, 0x7d, 0x0, 0xa, 0xf, 0x0, 0x30, 0x7,
    0xe4, 0x10, 0x40, 0x60, 0x21, 0x0, 0xfe, 0x50,
    0x30, 0x20, 0x10, 0xf, 0xf1, 0x0, 0x7f, 0xf2,
    0x8, 0x4, 0x3, 0xfc, 0x40, 0x13, 0x1, 0x8,
    0x7, 0xf2, 0x81, 0x87, 0x80, 0x18, 0x3, 0xf2,
    0x8, 0x20, 0x28, 0x84, 0x88, 0x7, 0xd0, 0x0,
    0xa0, 0x4, 0x0, 0xe1, 0x0, 0x61, 0xb3, 0x6,
    0x20, 0x3, 0x28, 0x16, 0xd3, 0xba, 0xb9, 0x0,
    0xe4, 0x3, 0x53, 0x80, 0x16, 0x20, 0xa0, 0x5,
    0xc0, 0xf, 0x46, 0xb1, 0x0, 0x5, 0x6e, 0x80,
    0x30,

    /* U+0050 "P" */
    0x4f, 0xff, 0xba, 0x8c, 0x3, 0xfe, 0x15, 0xc8,
    0x0, 0xe6, 0xbb, 0xa9, 0xc0, 0xe, 0xa0, 0x1b,
    0xd1, 0x25, 0x8d, 0x0, 0x40, 0x7, 0xf8, 0x98,
    0x8, 0x40, 0x3f, 0xdc, 0x0, 0x30, 0xf, 0xf7,
    0x80, 0xc, 0x3, 0xfc, 0xc0, 0x22, 0x0, 0xfc,
    0x98, 0x21, 0x20, 0x1a, 0x7f, 0xf5, 0x98, 0x23,
    0x80, 0x7f, 0x86, 0x2c, 0x3, 0x9e, 0xee, 0xcd,
    0xe7, 0x0, 0xf7, 0x22, 0x46, 0x40, 0x1f, 0xff,
    0xf0,

    /* U+0051 "Q" */
    0x0, 0xc5, 0x3b, 0xfe, 0xea, 0x40, 0xf, 0xd1,
    0xac, 0x40, 0x1, 0x5b, 0xa0, 0xf, 0x53, 0x80,
    0x16, 0x20, 0xa0, 0x5, 0xc0, 0xc, 0xca, 0x5,
    0xb4, 0xee, 0xae, 0x40, 0x39, 0x0, 0xa0, 0x7,
    0x8, 0x3, 0xd, 0x98, 0x31, 0x2, 0x88, 0x48,
    0x80, 0x7d, 0x0, 0xa, 0xf, 0x0, 0x30, 0x7,
    0xe4, 0x10, 0x40, 0x60, 0x21, 0x0, 0xfe, 0x50,
    0x30, 0x20, 0x10, 0xf, 0xf1, 0x0, 0x7f, 0xf2,
    0x8, 0x4, 0x3, 0xfc, 0x40, 0x13, 0x1, 0x8,
    0x7, 0xf2, 0x81, 0x87, 0x80, 0x18, 0x2, 0x8e,
    0xd1, 0x4, 0x10, 0x40, 0x51, 0x9, 0x10, 0x4,
    0x19, 0x50, 0x40, 0x2, 0x80, 0x10, 0x3, 0x84,
    0x0, 0xf0, 0x4e, 0x30, 0x62, 0x0, 0x32, 0x81,
    0x6d, 0x3a, 0x90, 0x8, 0x1c, 0x80, 0x6a, 0x70,
    0x2, 0xc4, 0x8, 0x2, 0xe0, 0xf, 0x46, 0xb1,
    0x0, 0x5, 0x48, 0x24, 0x3, 0xe2, 0x9d, 0xff,
    0x75, 0x78, 0x24, 0x0, 0x7f, 0xf0, 0x4a, 0xdf,
    0xc0, 0x0,

    /* U+0052 "R" */
    0x4f, 0xff, 0xba, 0xd0, 0x3, 0xfe, 0x14, 0xb9,
    0x0, 0xe7, 0xbb, 0xd0, 0x20, 0xce, 0x1, 0xb9,
    0x13, 0x3f, 0x88, 0x48, 0x7, 0xf8, 0x58, 0x4,
    0x80, 0x3f, 0xda, 0x0, 0x60, 0xf, 0xf1, 0x0,
    0x1c, 0x3, 0xfd, 0x60, 0x3, 0x0, 0xfc, 0x76,
    0x60, 0xc0, 0x1a, 0x7f, 0xf6, 0x20, 0x14, 0x80,
    0x7f, 0xcf, 0xa0, 0x1c, 0xf7, 0x72, 0x80, 0x30,
    0x3, 0xdc, 0x89, 0x40, 0x2, 0x40, 0x3f, 0xc4,
    0xc0, 0x4a, 0x1, 0xfe, 0x80, 0x4, 0x0, 0x7f,
    0x85, 0xc0, 0x98, 0x3, 0xfd, 0x20, 0x8, 0x0,
    0xff, 0xb, 0x80, 0xb8,

    /* U+0053 "S" */
    0x0, 0x9a, 0xfb, 0xfd, 0x8e, 0x20, 0x18, 0x72,
    0x50, 0x40, 0x7, 0x1e, 0x60, 0x16, 0x98, 0x1c,
    0x54, 0xa0, 0xe, 0x88, 0x21, 0x82, 0xe3, 0xab,
    0x5c, 0x80, 0xc8, 0x60, 0x2, 0x0, 0x39, 0x88,
    0x10, 0x3, 0xfe, 0xfc, 0xe0, 0xc0, 0x7, 0x10,
    0x7, 0x11, 0x90, 0x22, 0x0, 0xf6, 0xdc, 0xc0,
    0x3e, 0xb6, 0x0, 0x24, 0x67, 0x49, 0x0, 0x74,
    0xeb, 0x98, 0x0, 0x5b, 0x60, 0x3, 0x8a, 0x33,
    0xed, 0x80, 0xf, 0x0, 0x1f, 0x92, 0x74, 0x41,
    0xc2, 0x25, 0x80, 0x3c, 0x52, 0x0, 0x35, 0x68,
    0x0, 0xfb, 0xc0, 0x2, 0xa0, 0x30, 0x1, 0xc4,
    0xc0, 0x25, 0x22, 0xf, 0x8e, 0xaa, 0x9d, 0x10,
    0x80, 0x1d, 0x10, 0x38, 0xaa, 0x30, 0x1, 0xd8,
    0x0, 0x7d, 0x26, 0x20, 0x2, 0x6c, 0x80, 0x0,

    /* U+0054 "T" */
    0x3f, 0xff, 0xfe, 0xb, 0x0, 0x7f, 0xf0, 0xca,
    0xef, 0x8c, 0x1, 0x77, 0xc8, 0x28, 0x9c, 0xe0,
    0x4, 0x4e, 0x20, 0xf, 0xff, 0xf8, 0x7, 0xff,
    0xfc, 0x3, 0xff, 0xe0,

    /* U+0055 "U" */
    0x4f, 0xf2, 0x80, 0x7e, 0xff, 0x48, 0x7, 0xff,
    0xfc, 0x3, 0xff, 0xfe, 0x1, 0xff, 0xc3, 0x70,
    0x1, 0x0, 0x7c, 0x40, 0x1, 0x30, 0x5, 0x0,
    0x7d, 0x40, 0xd, 0x5, 0x2, 0x90, 0xe, 0x57,
    0x1, 0x50, 0xb1, 0x6, 0xd8, 0x67, 0xca, 0x0,
    0x50, 0x0, 0x70, 0x80, 0x9e, 0x60, 0xc0, 0x14,
    0x80, 0x11, 0x6c, 0xa0, 0x80, 0xd, 0xf9, 0x40,
    0x0,

    /* U+0056 "V" */
    0x7f, 0xf3, 0x0, 0x7f, 0x6f, 0xf8, 0x18, 0x1,
    0xa0, 0x1f, 0x88, 0x80, 0xc0, 0x28, 0x8, 0x20,
    0x1f, 0x50, 0x3, 0x40, 0x1a, 0x0, 0x70, 0xf,
    0x94, 0x5, 0x0, 0xe, 0x0, 0xd0, 0xf, 0x11,
    0x1, 0xc0, 0x21, 0x40, 0x41, 0x0, 0xea, 0x0,
    0x50, 0x6, 0xe0, 0x3, 0x80, 0x72, 0x80, 0x98,
    0x6, 0x50, 0x5, 0x0, 0x62, 0x20, 0x30, 0x7,
    0x94, 0xc, 0x40, 0x2a, 0x0, 0x58, 0x7, 0xb8,
    0x0, 0xc0, 0x12, 0x81, 0x18, 0x7, 0x90, 0x42,
    0xc0, 0x4, 0x40, 0xa0, 0xf, 0xce, 0x6, 0x20,
    0xa0, 0x5, 0x0, 0xfd, 0x40, 0x7, 0xb, 0x3,
    0x20, 0xf, 0xc6, 0x21, 0xa2, 0x61, 0x60, 0x1f,
    0xe6, 0x4, 0x70, 0x3, 0x0, 0x7f, 0xa8, 0x1,
    0x0, 0x62, 0x1, 0xfe, 0x22, 0x0, 0x85, 0x0,
    0x7f, 0xf0, 0x28, 0x2, 0x70, 0xf, 0x0,

    /* U+0057 "W" */
    0x7f, 0xf2, 0x0, 0x7b, 0x3f, 0xca, 0x1, 0xeb,
    0xff, 0xa, 0x0, 0xc, 0x3, 0xc6, 0x0, 0xc0,
    0xf, 0x28, 0x18, 0x98, 0x3, 0x0, 0x39, 0x0,
    0x24, 0x0, 0xe3, 0x10, 0x40, 0x2, 0x2, 0x0,
    0x76, 0x0, 0x81, 0x8, 0x6, 0x50, 0x6, 0x0,
    0x30, 0x0, 0x60, 0x19, 0x1, 0xc0, 0x8, 0x1,
    0xb0, 0x0, 0x80, 0x5, 0x0, 0x20, 0x6, 0x30,
    0xc3, 0xc, 0x0, 0xc8, 0x8, 0x1, 0x10, 0x86,
    0x0, 0x48, 0x0, 0x45, 0x4, 0x0, 0x88, 0x43,
    0x0, 0x32, 0x2, 0x0, 0x58, 0x2, 0x2c, 0x2,
    0x10, 0x2, 0x0, 0x10, 0x3, 0x60, 0x0, 0xc0,
    0x8, 0xe, 0x8, 0x0, 0x40, 0x6, 0x0, 0x98,
    0x6, 0x40, 0x2, 0x0, 0x98, 0x60, 0x9, 0x86,
    0x0, 0x10, 0x10, 0x3, 0x88, 0x81, 0x80, 0xa0,
    0x4, 0x0, 0x20, 0x20, 0x10, 0x86, 0x0, 0x79,
    0x1, 0x43, 0x0, 0x84, 0x1, 0x80, 0x42, 0xe0,
    0x4, 0x0, 0xf6, 0x0, 0x92, 0x2, 0x0, 0x48,
    0x0, 0x4c, 0x1, 0x20, 0xf, 0x20, 0x1, 0xcc,
    0x30, 0x3, 0x18, 0x6a, 0x82, 0x0, 0x7c, 0x24,
    0x1c, 0x0, 0x40, 0xc, 0x80, 0x86, 0x1e, 0x1,
    0xf9, 0x41, 0x0, 0xc4, 0x3, 0x58, 0x18, 0x1,
    0x0, 0x3f, 0x60, 0x4, 0x80, 0x1c, 0x60, 0x11,
    0x8, 0x7, 0xe4, 0x0, 0xb0, 0x3, 0xc8, 0x0,
    0x40, 0xe,

    /* U+0058 "X" */
    0xc, 0xff, 0x18, 0x7, 0xd9, 0xfe, 0x30, 0xe0,
    0x7, 0x0, 0x79, 0xcc, 0x1c, 0xc0, 0xa0, 0xa,
    0x0, 0x31, 0x40, 0x14, 0x0, 0x4e, 0x60, 0xe6,
    0x1, 0x70, 0x3, 0x80, 0x3b, 0x80, 0x1c, 0x0,
    0x73, 0x7, 0x30, 0xe, 0x28, 0x2, 0x71, 0x80,
    0x28, 0x0, 0xf9, 0xcc, 0x22, 0x80, 0x1c, 0x1,
    0xfd, 0xe0, 0x4, 0x7, 0x30, 0xf, 0xe3, 0x70,
    0x0, 0xc0, 0x7, 0xfc, 0x80, 0x1, 0x30, 0xf,
    0xf3, 0x98, 0x5, 0xc0, 0x1f, 0xc7, 0x0, 0x92,
    0x5, 0x20, 0x1f, 0xb8, 0x1, 0x2c, 0x60, 0xc6,
    0x1, 0xe8, 0x20, 0x92, 0xe, 0x0, 0x70, 0x7,
    0x1b, 0x81, 0xb0, 0x0, 0xa0, 0xa, 0x40, 0x37,
    0x0, 0x38, 0x3, 0x39, 0x83, 0x18, 0x2, 0x48,
    0x24, 0x80, 0x3b, 0x80, 0x1c, 0x6, 0xc0, 0x6c,
    0x1, 0xe2, 0x70, 0x29,

    /* U+0059 "Y" */
    0x5f, 0xf5, 0x80, 0x7e, 0x7f, 0xf4, 0x2a, 0x2,
    0x20, 0x3, 0xc3, 0x0, 0x30, 0x12, 0x0, 0x90,
    0xf, 0x58, 0x2, 0xc0, 0x4, 0xe0, 0x4e, 0x1,
    0x8d, 0x40, 0xd4, 0x2, 0x81, 0x8, 0x10, 0xb,
    0xc0, 0x1c, 0x1, 0xd6, 0x0, 0x80, 0x2, 0x98,
    0x31, 0x0, 0x72, 0x98, 0x31, 0x84, 0x0, 0xc0,
    0x7, 0xdc, 0x0, 0x87, 0x20, 0x81, 0x0, 0xf8,
    0x98, 0x12, 0x0, 0xd8, 0x3, 0xfa, 0x44, 0x2,
    0xf0, 0xf, 0xfa, 0x0, 0xa, 0x60, 0x1f, 0xf2,
    0x80, 0x34, 0x3, 0xff, 0xfe, 0x1, 0xff, 0xcf,

    /* U+005A "Z" */
    0xdf, 0xff, 0xfe, 0x0, 0x7, 0xff, 0xf, 0xae,
    0xff, 0x38, 0x1, 0x40, 0xd1, 0x3e, 0x56, 0x1,
    0xb0, 0xf, 0xea, 0x10, 0xa1, 0x0, 0xfc, 0xe8,
    0xe, 0x80, 0x1f, 0x8e, 0x0, 0xe0, 0x3, 0xfb,
    0x80, 0x1c, 0x1, 0xfd, 0x24, 0x12, 0x40, 0x1f,
    0x95, 0x81, 0x58, 0x3, 0xf0, 0xd8, 0xd, 0x80,
    0x7f, 0x50, 0x86, 0x88, 0x7, 0xe7, 0x40, 0x73,
    0x0, 0xfc, 0x70, 0x7, 0x0, 0x1f, 0xdc, 0x3,
    0xa0, 0x1f, 0xd2, 0x40, 0xca, 0x89, 0xf8, 0x18,
    0x0, 0xf7, 0x7f, 0xc4, 0x1, 0xff, 0xc2,

    /* U+005B "[" */
    0xef, 0xfc, 0x1, 0xf3, 0x77, 0x0, 0x2, 0x30,
    0x7, 0xff, 0xfc, 0x0, 0x23, 0x0, 0x1b, 0xb8,
    0x1, 0xc0,

    /* U+005C "\\" */
    0x9f, 0xa0, 0xf, 0x60, 0x28, 0x7, 0x90, 0x0,
    0x60, 0x1c, 0x26, 0x8, 0x1, 0xe4, 0xb, 0x0,
    0xf5, 0x81, 0x80, 0x78, 0xc0, 0x8, 0x1, 0xe4,
    0xc, 0x0, 0xf6, 0x2, 0x80, 0x79, 0x40, 0x84,
    0x3, 0x88, 0x41, 0x0, 0x3c, 0x81, 0xe0, 0x1e,
    0xf0, 0x40, 0xf, 0x20, 0x9, 0x0, 0x70, 0x90,
    0x20, 0x7, 0x90, 0x34, 0x3, 0xda, 0x8, 0x1,
    0xe4, 0x0, 0x18, 0x7, 0x8c, 0x2c, 0x3, 0xd6,
    0x8, 0x1, 0xe4, 0x3, 0x0,

    /* U+005D "]" */
    0xef, 0xfc, 0x1, 0xdf, 0xce, 0x0, 0x11, 0x78,
    0x7, 0xff, 0xfc, 0x0, 0x22, 0xf0, 0x7, 0xf3,
    0x80, 0x7c,

    /* U+005E "^" */
    0x0, 0xc2, 0x30, 0x7, 0xc3, 0xdd, 0x8, 0x7,
    0x98, 0x2, 0x90, 0xf, 0x48, 0x50, 0x30, 0x7,
    0x30, 0x9a, 0xa0, 0xb8, 0x6, 0xb0, 0x80, 0xf0,
    0x90, 0x9, 0x48, 0x88, 0x8, 0x42, 0xc0, 0x8,
    0xb, 0x0, 0xac, 0x2c, 0x6, 0xa1, 0x80, 0x26,
    0x9a, 0x10,

    /* U+005F "_" */
    0x33, 0xff, 0x83, 0x33, 0xfe, 0x10, 0xf, 0xfe,
    0x0,

    /* U+0060 "`" */
    0x59, 0x80, 0x2, 0x3b, 0x98, 0x6, 0xc2, 0xc0,
    0xa, 0xa2, 0x50,

    /* U+0061 "a" */
    0x0, 0x92, 0xfb, 0xfa, 0xd4, 0x3, 0x4d, 0xa0,
    0x80, 0xa5, 0x40, 0x1, 0x58, 0x13, 0x3b, 0x10,
    0x1c, 0xc0, 0x88, 0x76, 0x62, 0x74, 0x0, 0x40,
    0x7d, 0xc0, 0xc, 0x20, 0xf, 0x0, 0x85, 0x5e,
    0xb3, 0x80, 0x2, 0x0, 0xae, 0xa8, 0x53, 0x30,
    0x6, 0xa5, 0x4, 0x9c, 0xfd, 0x10, 0x9, 0x41,
    0xad, 0x8c, 0x0, 0x20, 0x1d, 0xc0, 0x19, 0x40,
    0x30, 0x84, 0xa0, 0xb, 0x50, 0x6, 0xb0, 0x1b,
    0xfe, 0x95, 0x10, 0x9, 0x6d, 0x0, 0x5, 0x14,
    0x1, 0x0,

    /* U+0062 "b" */
    0x7f, 0xf0, 0x80, 0x7f, 0xfd, 0x53, 0x3f, 0xd8,
    0xa0, 0x1e, 0x7b, 0x30, 0x1, 0xd4, 0x0, 0x74,
    0xa5, 0xed, 0x10, 0x3a, 0x80, 0x63, 0xb4, 0x25,
    0xc1, 0x8, 0x0, 0xd0, 0x1, 0x85, 0x80, 0x84,
    0x2, 0x40, 0xe, 0xc0, 0x2, 0x80, 0x7f, 0x38,
    0x0, 0x40, 0x3f, 0x98, 0x0, 0x20, 0x12, 0x0,
    0x76, 0x80, 0x14, 0x2, 0x80, 0xc, 0x2c, 0x4,
    0x20, 0x11, 0xe2, 0x1a, 0xe0, 0x84, 0x0, 0x69,
    0x3b, 0xca, 0x20, 0x65, 0x0, 0xcd, 0x66, 0x0,
    0x3a, 0x90, 0x0,

    /* U+0063 "c" */
    0x0, 0x86, 0x37, 0xfd, 0x8e, 0x1, 0xc5, 0xee,
    0x40, 0x3, 0x8d, 0x10, 0xb, 0x4, 0x23, 0x30,
    0xe0, 0x54, 0x0, 0x71, 0xa, 0x73, 0x34, 0x40,
    0x10, 0xc2, 0x80, 0x94, 0x3, 0x34, 0xd9, 0x1,
    0x2, 0x0, 0x70, 0xb2, 0x8, 0x4, 0x20, 0x1f,
    0xfc, 0x1, 0x0, 0xff, 0x10, 0x20, 0x7, 0xb,
    0xa8, 0x85, 0x1, 0x28, 0x6, 0x68, 0xa2, 0x7,
    0x10, 0xa7, 0x33, 0x44, 0x1, 0xc, 0x1, 0x82,
    0x11, 0x98, 0x70, 0x2a, 0x0, 0x8b, 0xdc, 0x80,
    0x7, 0x1a, 0x20,

    /* U+0064 "d" */
    0x0, 0xff, 0x67, 0xd8, 0x7, 0xff, 0xac, 0xab,
    0xbf, 0x5c, 0x3, 0xc9, 0xaa, 0x20, 0x51, 0x40,
    0x18, 0x6c, 0x1, 0x19, 0x86, 0x53, 0x0, 0xa4,
    0x1, 0x6e, 0x66, 0x97, 0x0, 0xca, 0x6, 0x80,
    0x1a, 0x0, 0x31, 0x2, 0x80, 0x78, 0xc0, 0x38,
    0x40, 0x3c, 0xc0, 0x1c, 0x20, 0x1e, 0x60, 0x8,
    0x81, 0x0, 0x3c, 0x60, 0x12, 0x81, 0x28, 0x6,
    0x80, 0xd, 0x20, 0xa, 0x73, 0x34, 0xb8, 0x6,
    0x1b, 0x0, 0x46, 0x61, 0x95, 0x0, 0x32, 0x6a,
    0x88, 0x14, 0x50, 0x4,

    /* U+0065 "e" */
    0x0, 0x86, 0x37, 0xfd, 0x8c, 0x1, 0xc5, 0xee,
    0x40, 0x3, 0x9c, 0x0, 0xd8, 0x22, 0xad, 0xd4,
    0x1, 0xd0, 0x1, 0xc4, 0x31, 0x48, 0x8f, 0x20,
    0xa4, 0x16, 0xa, 0x40, 0x19, 0x80, 0xa, 0x6,
    0xb, 0xdd, 0xe0, 0x7, 0x0, 0x61, 0x1f, 0x0,
    0xc, 0x2, 0x8f, 0xff, 0xd4, 0x4, 0x1a, 0x1,
    0xfe, 0xa0, 0x53, 0x0, 0xc9, 0xfc, 0x80, 0xe2,
    0x1a, 0xc4, 0x46, 0xa0, 0x34, 0x0, 0x68, 0x8a,
    0x77, 0x52, 0x22, 0xf0, 0x8, 0xfd, 0xc8, 0x0,
    0x4f, 0xe4, 0x0,

    /* U+0066 "f" */
    0x0, 0x8a, 0xbf, 0xdc, 0x1, 0xb1, 0x40, 0x6,
    0x1, 0x28, 0x83, 0x6f, 0x80, 0x44, 0x0, 0x82,
    0x20, 0x7, 0xfb, 0x3e, 0x0, 0x1d, 0xf8, 0x1,
    0xfe, 0xde, 0x70, 0x6, 0xf6, 0x80, 0x8b, 0xc0,
    0x6, 0x22, 0x0, 0xff, 0xff, 0x80, 0x7c,

    /* U+0067 "g" */
    0x0, 0x8a, 0xbb, 0xf5, 0xc2, 0xff, 0x0, 0x9,
    0xaa, 0x20, 0x51, 0x40, 0x18, 0x68, 0x1, 0x19,
    0x86, 0x54, 0x0, 0xa4, 0x42, 0x9c, 0xcd, 0x2e,
    0x1, 0x94, 0x9, 0x40, 0x34, 0x0, 0x62, 0x4,
    0x0, 0xf1, 0x80, 0x70, 0x80, 0x79, 0x80, 0x38,
    0x40, 0x3c, 0x20, 0x11, 0x2, 0x80, 0x79, 0x0,
    0x24, 0x3, 0x40, 0xc, 0xe0, 0x1a, 0x0, 0x16,
    0xe4, 0x71, 0x0, 0xc, 0x34, 0x0, 0x8d, 0xc7,
    0x53, 0x0, 0xcb, 0xaa, 0x20, 0x51, 0x40, 0x1e,
    0x2a, 0xef, 0xd7, 0x0, 0x9c, 0xa, 0x2c, 0x40,
    0x31, 0x18, 0x18, 0x1, 0xd3, 0x10, 0x44, 0xbe,
    0x0, 0xa0, 0x29, 0x2, 0xbe, 0xe5, 0x10, 0x51,
    0x0, 0x1b, 0x14, 0x40, 0x4, 0xda, 0xa0,

    /* U+0068 "h" */
    0x7f, 0xf0, 0x80, 0x7f, 0xfc, 0x1b, 0x7f, 0xd6,
    0x60, 0x1d, 0x72, 0x40, 0x4, 0xc4, 0x0, 0xca,
    0xaa, 0xb6, 0x0, 0x48, 0x6, 0x6a, 0x54, 0x96,
    0x2, 0x30, 0xa, 0xc0, 0x36, 0x80, 0x18, 0x2,
    0x30, 0xc, 0xe0, 0x1f, 0xff, 0xf0, 0xf, 0xfe,
    0x0,

    /* U+0069 "i" */
    0x5f, 0xc1, 0xe0, 0x34, 0xd0, 0x24, 0x6f, 0xd1,
    0x0, 0xcf, 0xfe, 0x10, 0xf, 0xff, 0x20,

    /* U+006A "j" */
    0x0, 0x2f, 0xe0, 0x80, 0x38, 0xd, 0x0, 0x1a,
    0x4, 0x80, 0x6, 0xfd, 0x10, 0xf, 0xcf, 0xfe,
    0x10, 0xf, 0xff, 0xf8, 0x7, 0xe1, 0x11, 0xd0,
    0x8, 0x46, 0x10, 0x48, 0x4, 0x52, 0xe0,

    /* U+006B "k" */
    0x7f, 0xf0, 0x80, 0x7f, 0xfc, 0xcb, 0xbf, 0x88,
    0x3, 0xc3, 0xe2, 0x2c, 0x20, 0xe, 0x1c, 0x20,
    0xd2, 0x0, 0xf6, 0x90, 0x59, 0x80, 0x7a, 0xcc,
    0x29, 0x0, 0x3d, 0x48, 0x10, 0xa0, 0x1f, 0x20,
    0x2, 0x80, 0x3f, 0xb, 0x1, 0x48, 0x7, 0xdb,
    0x28, 0xc, 0xc0, 0xf, 0x10, 0x50, 0x84, 0x98,
    0x7, 0xc3, 0xa0, 0xe, 0x10, 0xf, 0x8e, 0x40,
    0xa8, 0x3, 0xf3, 0x28, 0x23, 0x80,

    /* U+006C "l" */
    0x7f, 0xf0, 0x80, 0x7f, 0xfe, 0x0,

    /* U+006D "m" */
    0x7f, 0xf0, 0x36, 0xff, 0x48, 0x0, 0xef, 0xfd,
    0x8a, 0x1, 0xcf, 0x24, 0x2, 0xd6, 0xb8, 0x80,
    0x3, 0xa6, 0x0, 0xd3, 0x5f, 0xca, 0x9, 0x4b,
    0xbf, 0x62, 0x12, 0x1, 0xa1, 0x40, 0x68, 0x0,
    0x34, 0x40, 0x90, 0x0, 0x30, 0x9, 0xc0, 0x31,
    0x2, 0x80, 0x65, 0x0, 0x38, 0x7, 0xf8, 0x40,
    0x3e, 0x10, 0xf, 0xff, 0xf8, 0x7, 0xff, 0xb8,

    /* U+006E "n" */
    0x7f, 0xf0, 0x2e, 0x7f, 0xac, 0xc0, 0x39, 0xe8,
    0xc0, 0x9, 0x88, 0x1, 0xa2, 0x1d, 0xc9, 0x0,
    0x48, 0x6, 0x77, 0x8, 0x99, 0xc0, 0x88, 0x1,
    0x50, 0x6, 0xb0, 0x3, 0x0, 0x46, 0x1, 0xf0,
    0x80, 0x7f, 0xff, 0xc0, 0x3f, 0x80,

    /* U+006F "o" */
    0x0, 0x86, 0x37, 0xfd, 0xae, 0x1, 0xc5, 0xee,
    0x40, 0x2, 0x8d, 0x20, 0xb, 0x4, 0x1f, 0x30,
    0xe0, 0x5e, 0x0, 0x71, 0xa, 0x83, 0x34, 0x40,
    0x9, 0x82, 0x80, 0x94, 0x3, 0x38, 0x86, 0x81,
    0x2, 0x0, 0x79, 0x1, 0x40, 0x21, 0x0, 0xf1,
    0x80, 0x80, 0x42, 0x1, 0xe3, 0x1, 0x2, 0x4,
    0x0, 0xf2, 0x2, 0x85, 0x1, 0x28, 0x6, 0x71,
    0xd, 0x7, 0x10, 0xa8, 0x33, 0x44, 0x0, 0x98,
    0x1, 0x82, 0xf, 0x98, 0x70, 0x2f, 0x0, 0x8b,
    0xdc, 0x80, 0x5, 0x1a, 0x40,

    /* U+0070 "p" */
    0x7f, 0xf0, 0x2e, 0x7f, 0xb1, 0x40, 0x3d, 0x14,
    0x60, 0x3, 0xa8, 0x0, 0xe7, 0x6e, 0xfd, 0x40,
    0x75, 0x0, 0xcb, 0x22, 0x5, 0x62, 0x10, 0x1,
    0xa4, 0x3, 0xa4, 0x8, 0x40, 0x23, 0x0, 0xe3,
    0x0, 0x28, 0x7, 0xf3, 0x80, 0x4, 0x3, 0xf9,
    0x80, 0x2, 0x1, 0x28, 0x7, 0x60, 0x1, 0x40,
    0x29, 0x0, 0xc2, 0xc0, 0x42, 0x1, 0x1e, 0x21,
    0xb7, 0x80, 0x20, 0x3, 0x49, 0xde, 0x48, 0x83,
    0x28, 0x6, 0x7b, 0x30, 0x1, 0xd4, 0x80, 0x79,
    0x33, 0xfd, 0x8a, 0x1, 0xff, 0xeb,

    /* U+0071 "q" */
    0x0, 0x8a, 0xbb, 0xf5, 0xc2, 0xfe, 0xc0, 0x9,
    0xaa, 0x20, 0x51, 0x40, 0x18, 0x6c, 0x1, 0x19,
    0x86, 0x54, 0x0, 0xa4, 0x1, 0x6e, 0x66, 0x97,
    0x0, 0xca, 0x6, 0x80, 0x1a, 0x0, 0x31, 0x2,
    0x80, 0x78, 0xc0, 0x38, 0x40, 0x3c, 0xc0, 0x1c,
    0x20, 0x1e, 0x60, 0x8, 0x81, 0x0, 0x3c, 0x60,
    0x12, 0x81, 0x28, 0x6, 0x80, 0xd, 0x20, 0xa,
    0x73, 0x34, 0xb8, 0x6, 0x1b, 0x0, 0x46, 0x61,
    0x98, 0x60, 0x19, 0x35, 0x44, 0xa, 0x24, 0x3,
    0xc5, 0x5d, 0xfa, 0xe0, 0x1f, 0xfe, 0xc0,

    /* U+0072 "r" */
    0x7f, 0xf0, 0x4f, 0x79, 0x0, 0x54, 0xc2, 0x2,
    0x1, 0x2b, 0xe6, 0xc, 0x2, 0x88, 0x19, 0x80,
    0x32, 0x80, 0x7c, 0x60, 0x1f, 0xff, 0x0,

    /* U+0073 "s" */
    0x0, 0x9f, 0x3f, 0xdd, 0x22, 0x1, 0xb2, 0xc,
    0x0, 0x2d, 0xe4, 0x0, 0x73, 0x7, 0xef, 0xb1,
    0x14, 0x80, 0x34, 0xa, 0x4, 0x12, 0xc8, 0x2,
    0x30, 0x23, 0x0, 0x97, 0x6c, 0x1, 0x40, 0xc,
    0xc4, 0x28, 0x80, 0x63, 0xc3, 0x3, 0x7a, 0xea,
    0x10, 0x8, 0xf3, 0x69, 0x88, 0x17, 0x0, 0x38,
    0x96, 0x75, 0xc0, 0x90, 0x37, 0xe4, 0x3, 0x60,
    0x0, 0x41, 0xc1, 0x9c, 0x41, 0x24, 0x0, 0x81,
    0x64, 0x11, 0xdf, 0x64, 0x12, 0x20, 0x3b, 0x4,
    0x0, 0x15, 0xc6, 0x0,

    /* U+0074 "t" */
    0x0, 0x5f, 0xe0, 0x7, 0xff, 0x1f, 0x3d, 0x0,
    0xff, 0xca, 0x1, 0xfb, 0x78, 0xc0, 0xbb, 0x8a,
    0x22, 0x70, 0x11, 0x80, 0x3f, 0xfc, 0xe2, 0x6,
    0x61, 0x0, 0xbc, 0x1, 0x9c, 0xc0, 0x5, 0x92,
    0x0, 0x8,

    /* U+0075 "u" */
    0x7f, 0xf0, 0x80, 0x63, 0xff, 0x28, 0x7, 0xff,
    0xfc, 0x3, 0xf8, 0x40, 0x6, 0x1, 0x9c, 0x2,
    0x20, 0x2, 0x80, 0x6f, 0x0, 0x90, 0x1, 0x10,
    0x45, 0xb4, 0x0, 0xd4, 0x0, 0x7b, 0xa4, 0x80,
    0xc, 0xb6, 0x60, 0x3, 0xb6, 0x0, 0x80,

    /* U+0076 "v" */
    0x6f, 0xf2, 0x0, 0x70, 0xff, 0xa1, 0xc0, 0x1c,
    0x1, 0xcc, 0x0, 0xa1, 0x50, 0x50, 0xe, 0xb0,
    0x22, 0x7, 0x0, 0x14, 0x2, 0x23, 0xa, 0x0,
    0x20, 0x87, 0x80, 0x4a, 0x0, 0x60, 0x9, 0xc1,
    0x40, 0x2a, 0x4, 0x10, 0xa, 0x80, 0xa, 0x4,
    0x40, 0xe0, 0xc, 0x64, 0x1c, 0x14, 0x2, 0xa0,
    0x1d, 0x40, 0x80, 0xa0, 0xe0, 0x1e, 0x60, 0x3,
    0x90, 0x50, 0x7, 0x85, 0x2, 0x40, 0x8c, 0x3,
    0xee, 0x1, 0xa, 0x0, 0xfc, 0xa0, 0x13, 0x0,
    0x60,

    /* U+0077 "w" */
    0x6f, 0xf1, 0x80, 0x6c, 0xfe, 0x0, 0xc3, 0xfe,
    0x97, 0x0, 0x58, 0x6, 0x30, 0x13, 0x0, 0x90,
    0x1, 0xa2, 0x60, 0x80, 0x12, 0x0, 0x48, 0x1,
    0x78, 0x1, 0x1, 0x0, 0xc0, 0x2d, 0x2, 0xc,
    0x0, 0x90, 0x14, 0x1, 0x60, 0x4, 0x0, 0x20,
    0x40, 0x20, 0x0, 0x84, 0x3c, 0x0, 0x62, 0x1a,
    0x2, 0x40, 0xa4, 0x8, 0x8, 0x0, 0x40, 0x9,
    0xc1, 0x1, 0xc1, 0x1, 0x3, 0x3, 0x40, 0xc4,
    0x2, 0xd0, 0x21, 0xc0, 0xc0, 0xd0, 0x40, 0x50,
    0xb0, 0xc, 0x80, 0x4, 0x70, 0x50, 0x40, 0x33,
    0x8, 0x28, 0x7, 0x20, 0x79, 0x9, 0x0, 0x10,
    0x24, 0x4, 0x80, 0x3b, 0x41, 0x41, 0xc0, 0x2c,
    0x5, 0x7, 0x0, 0xf3, 0x80, 0x58, 0x1, 0x28,
    0x5, 0xa0, 0x1e, 0x13, 0x0, 0x28, 0x4, 0x42,
    0x0, 0x40, 0x8,

    /* U+0078 "x" */
    0xe, 0xfd, 0x0, 0xc3, 0xdf, 0xa0, 0xa, 0x2,
    0x80, 0xa, 0x4, 0x38, 0x0, 0x8c, 0xe, 0x40,
    0x8c, 0x10, 0x60, 0x14, 0x88, 0x70, 0x48, 0x1b,
    0x80, 0x75, 0x1, 0xd9, 0x7, 0x0, 0x79, 0x18,
    0x10, 0x20, 0x80, 0x3e, 0xa0, 0x9, 0x80, 0x3f,
    0x78, 0x5, 0x60, 0x1f, 0x39, 0x84, 0x2, 0xa8,
    0x3, 0x8e, 0x1, 0xdc, 0x81, 0x62, 0x1, 0xb8,
    0x6, 0x2, 0x80, 0x68, 0x2, 0x82, 0xa, 0x0,
    0xc, 0x82, 0x30, 0x1b, 0x83, 0x20, 0x4, 0xc6,
    0x12, 0x20,

    /* U+0079 "y" */
    0x6f, 0xf2, 0x0, 0x70, 0xff, 0xa5, 0xc0, 0x1c,
    0x1, 0xcc, 0x0, 0xa1, 0x50, 0x50, 0xe, 0xb0,
    0x23, 0xe, 0x0, 0x28, 0x4, 0x46, 0x14, 0x0,
    0x41, 0xf, 0x0, 0xa8, 0x0, 0xc0, 0x13, 0x2,
    0x80, 0x4a, 0x8, 0x20, 0x15, 0x0, 0x14, 0xc,
    0x83, 0x80, 0x31, 0x18, 0x70, 0x58, 0xa, 0x80,
    0x75, 0x2, 0xa, 0x83, 0x80, 0x79, 0xc0, 0x12,
    0x41, 0x60, 0x1e, 0x15, 0x7, 0x3, 0x20, 0xf,
    0xb8, 0x2, 0xa0, 0xf, 0xc8, 0x20, 0x7, 0x0,
    0xff, 0x94, 0x40, 0x3f, 0x20, 0x87, 0x0, 0x7c,
    0x69, 0x20, 0x28, 0x1, 0xe4, 0xcb, 0x20, 0xa0,
    0xf, 0x84, 0x0, 0x76, 0x80, 0x1e,

    /* U+007A "z" */
    0xaf, 0xff, 0xe2, 0x0, 0xff, 0xa3, 0x33, 0xa4,
    0x0, 0x84, 0x43, 0x3e, 0xb0, 0x1a, 0x0, 0xf5,
    0x10, 0x68, 0x80, 0x73, 0x28, 0x41, 0x80, 0x71,
    0xc8, 0x23, 0x80, 0x70, 0xf0, 0xd, 0x0, 0x7a,
    0xc8, 0x34, 0x40, 0x39, 0xd4, 0x20, 0xc0, 0x38,
    0xe0, 0x9, 0xc, 0xf8, 0x60, 0x0, 0x59, 0x9e,
    0x50, 0xf, 0xf8,

    /* U+007B "{" */
    0x0, 0xc5, 0x5d, 0xe0, 0x11, 0x6a, 0x88, 0x6,
    0x80, 0x4, 0xf0, 0x4, 0xe0, 0xac, 0x20, 0x11,
    0x86, 0x80, 0x70, 0x80, 0x7f, 0xf2, 0x84, 0x0,
    0x20, 0x10, 0xd8, 0x0, 0x80, 0x11, 0xca, 0x8,
    0x80, 0xe, 0x5b, 0x0, 0xb1, 0xc5, 0x70, 0x2,
    0x48, 0xd0, 0x35, 0x0, 0xc6, 0x0, 0x20, 0xf,
    0xfe, 0x48, 0x80, 0x7c, 0x61, 0xc0, 0x1c, 0xe0,
    0xca, 0x20, 0x14, 0x80, 0x2b, 0x80, 0x23, 0xc5,
    0x10,

    /* U+007C "|" */
    0x3f, 0xf0, 0x80, 0x7f, 0xff, 0xc0, 0x3f, 0xfb,
    0x20,

    /* U+007D "}" */
    0xee, 0x51, 0x80, 0x70, 0xae, 0x18, 0x5, 0xf4,
    0x0, 0x80, 0x8, 0x55, 0x81, 0x40, 0x3b, 0xc0,
    0x40, 0x3f, 0xfa, 0x26, 0x0, 0x20, 0xc, 0xc0,
    0x9, 0x20, 0x8, 0xd8, 0x13, 0x68, 0x2, 0x97,
    0x0, 0x8, 0x5, 0x6e, 0xd, 0xc0, 0x4, 0x40,
    0x5c, 0xa8, 0x0, 0x40, 0x8, 0x1, 0x8c, 0x3,
    0xff, 0x97, 0xc0, 0x1c, 0x28, 0xc0, 0x80, 0x17,
    0xd8, 0x84, 0x0, 0x61, 0x4c, 0x30, 0x8,

    /* U+007E "~" */
    0x0, 0x47, 0x7d, 0x90, 0x4, 0x52, 0xe1, 0xe,
    0x20, 0x9a, 0x80, 0x4, 0x6a, 0x7, 0x5, 0xb4,
    0xb, 0x74, 0xb0, 0x43, 0x0, 0x52, 0x5b, 0x4,
    0x59, 0x5, 0x8b, 0xb8, 0x2, 0x99, 0x10, 0x1d,
    0x90,

    /* U+00A0 " " */

    /* U+00A1 "¡" */
    0x1d, 0xf5, 0x62, 0x8, 0x30, 0x3, 0xa5, 0xcd,
    0x2, 0x30, 0x1, 0x10, 0x21, 0x76, 0x71, 0x0,
    0xf0, 0x80, 0x7e, 0x30, 0xf, 0x78, 0x7, 0xe1,
    0x0, 0xf0, 0x80, 0x60,

    /* U+00A2 "¢" */
    0x0, 0xf7, 0x50, 0x7, 0xff, 0x58, 0xab, 0xc5,
    0x7e, 0x84, 0x3, 0x26, 0xa8, 0x6, 0x5f, 0x20,
    0x0, 0xd0, 0xd, 0xa, 0xc8, 0xf, 0x80, 0x24,
    0x42, 0x94, 0x0, 0xd2, 0x4, 0x60, 0xa0, 0x68,
    0x1, 0x9a, 0xf4, 0xc0, 0x81, 0x40, 0x3c, 0x84,
    0x1, 0x84, 0x3, 0xff, 0x80, 0x20, 0x1f, 0xe3,
    0x4, 0x0, 0xe1, 0x75, 0x10, 0xb0, 0x25, 0x0,
    0xd3, 0x14, 0x40, 0xe4, 0x14, 0xe0, 0x30, 0xe0,
    0x86, 0x0, 0xf1, 0x8, 0x14, 0x70, 0x3a, 0x0,
    0x8b, 0xdc, 0x80, 0x7, 0x18, 0x20, 0x18, 0x63,
    0x45, 0x71, 0xc0, 0x3f, 0xf8, 0x80,

    /* U+00A3 "£" */
    0x0, 0xcd, 0x9f, 0xed, 0x70, 0xf, 0x64, 0x98,
    0x0, 0xa3, 0x44, 0x2, 0x93, 0x4, 0xaa, 0x30,
    0x15, 0x80, 0x5, 0x81, 0x6d, 0x55, 0x2e, 0xa,
    0x40, 0xa0, 0xe, 0x0, 0xd4, 0x0, 0x70, 0x10,
    0x3, 0x0, 0x62, 0xde, 0x50, 0x10, 0x0, 0x80,
    0x71, 0x8, 0x7, 0xff, 0xb, 0xec, 0x1, 0x9f,
    0xf9, 0x0, 0x3f, 0xf8, 0x9f, 0xa0, 0xa, 0xff,
    0xc8, 0x1, 0x8c, 0x0, 0x60, 0x1f, 0xc2, 0x1,
    0xff, 0xcd, 0x20, 0x2, 0x80, 0x77, 0x7b, 0x2f,
    0x2, 0x3a, 0x26, 0x51, 0x3, 0xa3, 0x4, 0xbb,
    0xea, 0x0, 0x20, 0x7, 0xf8, 0xec, 0x40,

    /* U+00A4 "¤" */
    0x1, 0x0, 0xff, 0x84, 0x0, 0x3e, 0xe0, 0x75,
    0xdf, 0xd6, 0xa0, 0x7c, 0xa0, 0xe3, 0x19, 0x85,
    0x10, 0x14, 0xac, 0xc0, 0x48, 0x33, 0x81, 0x83,
    0xef, 0xf4, 0x89, 0x81, 0xe0, 0x3, 0x40, 0x19,
    0x4, 0x2, 0xde, 0x40, 0xa0, 0x14, 0x4, 0x98,
    0x7, 0xf, 0x3, 0x8, 0x11, 0x5, 0x80, 0x3e,
    0x34, 0x7, 0x7, 0x4, 0x0, 0xfe, 0xc0, 0xf0,
    0x30, 0x20, 0xf, 0xe1, 0x3, 0x3, 0x2, 0x0,
    0xfe, 0x10, 0x30, 0x70, 0x40, 0xf, 0xec, 0xf,
    0x2, 0x20, 0xb0, 0x7, 0xc6, 0x80, 0xe0, 0xb,
    0x9, 0x30, 0xe, 0x1e, 0x5, 0x10, 0x5, 0x0,
    0x32, 0x8, 0x5, 0xbc, 0x81, 0x8, 0x1c, 0xc1,
    0x41, 0xf7, 0xfa, 0x44, 0xc8, 0x78, 0x1d, 0x6e,
    0xb1, 0x44, 0x5, 0x2b, 0x30, 0x9c, 0x0,

    /* U+00A5 "¥" */
    0x9f, 0xf1, 0x80, 0x71, 0xff, 0xa6, 0xc0, 0x14,
    0x1, 0xd2, 0x0, 0xb2, 0x50, 0x61, 0x0, 0x85,
    0x41, 0x48, 0x24, 0x0, 0xc0, 0x13, 0x0, 0x24,
    0x0, 0x66, 0xa, 0x0, 0xa4, 0xc, 0xc0, 0x14,
    0x1, 0x20, 0x20, 0x84, 0x0, 0x64, 0x20, 0xf0,
    0xf0, 0x24, 0x0, 0xeb, 0x4, 0x48, 0x20, 0x3,
    0xcc, 0x21, 0x60, 0x2a, 0x1, 0x9f, 0x30, 0x1,
    0xd9, 0x85, 0x0, 0x71, 0x98, 0x40, 0x21, 0x33,
    0x10, 0x2, 0x7f, 0xe2, 0x3, 0xff, 0x9c, 0x0,
    0xf7, 0x71, 0x1, 0xdd, 0xca, 0x0, 0xe4, 0x48,
    0x2, 0x44, 0x88, 0x1, 0x3f, 0xf1, 0x1, 0xff,
    0xce, 0x1, 0xff, 0xdc,

    /* U+00A6 "¦" */
    0xdf, 0x70, 0xf, 0xfe, 0x4e, 0xfb, 0x80, 0x7f,
    0x8, 0x83, 0x39, 0xc0, 0x3f, 0xf9, 0x20,

    /* U+00A7 "§" */
    0x0, 0x15, 0x77, 0xf5, 0x98, 0x6, 0x2d, 0x51,
    0x1, 0x4c, 0x40, 0xa, 0x0, 0x13, 0xb6, 0x41,
    0x20, 0x13, 0x83, 0xb1, 0x27, 0x1, 0x10, 0x3,
    0x10, 0x4, 0x79, 0xc4, 0x0, 0xa0, 0x57, 0x0,
    0x8c, 0x40, 0x27, 0x40, 0x8d, 0x50, 0xe, 0x1c,
    0x40, 0x1, 0x56, 0x20, 0x5, 0x6, 0x9f, 0x86,
    0x7, 0x74, 0x0, 0x40, 0xe0, 0x3c, 0xb2, 0x5,
    0x80, 0x10, 0x30, 0x9, 0x35, 0x41, 0xc2, 0x82,
    0xc, 0x3, 0x40, 0x0, 0x59, 0x83, 0x94, 0x40,
    0x18, 0x84, 0x26, 0x89, 0x76, 0x57, 0x83, 0x80,
    0x25, 0xd9, 0x16, 0xa2, 0xe3, 0x0, 0xe6, 0xe8,
    0x1, 0xb0, 0xc, 0x20, 0x13, 0xc0, 0x28, 0x1,
    0x7f, 0x84, 0x2, 0x30, 0x1, 0x2, 0x0, 0x28,
    0x80, 0xa0, 0x0, 0x40, 0x30, 0x9, 0xbf, 0xa6,
    0x10, 0x1, 0x3c, 0x90, 0x4, 0x54, 0xe0, 0x19,
    0xb7, 0xb7, 0xb5, 0x40, 0x20,

    /* U+00A8 "¨" */
    0x0, 0xff, 0x57, 0xc0, 0x2, 0xbe, 0x1, 0x41,
    0x80, 0xa, 0xc, 0xc, 0xc, 0x0, 0x60, 0x60,

    /* U+00A9 "©" */
    0x0, 0xf2, 0xdf, 0x7f, 0xb6, 0x4c, 0x3, 0xf9,
    0x3a, 0x90, 0x40, 0x4, 0xd9, 0x42, 0x1, 0xe6,
    0xb1, 0x5, 0x9b, 0xa8, 0x20, 0x5c, 0x20, 0xc,
    0xb2, 0x7, 0xb4, 0xc8, 0xaf, 0xb2, 0x5, 0xe0,
    0x10, 0xd8, 0x26, 0x13, 0x67, 0xfa, 0xcd, 0xb0,
    0xa, 0x40, 0x12, 0x22, 0xa0, 0xa9, 0x30, 0x2,
    0x62, 0x9c, 0x3, 0x8, 0x28, 0x30, 0xb2, 0x83,
    0xee, 0x28, 0x51, 0x38, 0x83, 0x89, 0x5, 0x84,
    0x4, 0x40, 0x8e, 0x8c, 0x14, 0x10, 0x30, 0x80,
    0x6, 0x22, 0x7, 0x0, 0xd9, 0xee, 0x1a, 0xc,
    0x1, 0xff, 0xc7, 0x20, 0x1, 0x88, 0x81, 0xc0,
    0x37, 0x7a, 0x6, 0x83, 0x9, 0x5, 0x84, 0x84,
    0x40, 0x8e, 0xc4, 0x48, 0x8, 0x18, 0xa, 0xc,
    0x2e, 0xa0, 0xfb, 0x88, 0x14, 0xe, 0x20, 0xe1,
    0x22, 0x2a, 0xa, 0x93, 0x0, 0x26, 0x21, 0xc0,
    0x30, 0x80, 0xd8, 0x26, 0x13, 0x67, 0xfa, 0xcd,
    0xb0, 0xa, 0x40, 0x25, 0x80, 0x3d, 0xa6, 0x45,
    0x7d, 0x90, 0x2f, 0x0, 0xe7, 0xb1, 0x5, 0x9b,
    0xa8, 0x20, 0x5c, 0x20, 0xf, 0x27, 0x4a, 0x8,
    0x0, 0x9b, 0x28, 0x40, 0x20,

    /* U+00AA "ª" */
    0x0, 0x25, 0xff, 0xb6, 0x4, 0x0, 0xb6, 0x82,
    0x44, 0x7c, 0x0, 0x40, 0x3f, 0x6e, 0x80, 0x90,
    0x37, 0xa0, 0x0, 0x42, 0x4, 0x0, 0x49, 0xce,
    0xf1, 0x0, 0xae, 0x99, 0xda, 0x48, 0x0, 0x68,
    0x1b, 0x70, 0xc0, 0x13, 0x80, 0xc, 0x0, 0xa4,
    0x0, 0x41, 0xe, 0xcd, 0xa1, 0x0, 0xb1, 0x0,
    0xc7, 0x8, 0x0,

    /* U+00AB "«" */
    0x0, 0xc5, 0xdf, 0x80, 0x3d, 0xf8, 0x1, 0xde,
    0x22, 0xd0, 0xc1, 0x16, 0x80, 0x6b, 0x20, 0xd1,
    0xb2, 0xd, 0x10, 0xa, 0x50, 0x28, 0xe1, 0x2,
    0x8c, 0x2, 0x66, 0x4, 0x2b, 0x38, 0x42, 0x80,
    0x6b, 0x0, 0x30, 0x58, 0x1, 0x80, 0x3b, 0x80,
    0x14, 0x1c, 0x0, 0xa0, 0xe, 0x3b, 0x4, 0x93,
    0xb0, 0x49, 0x0, 0xe4, 0x80, 0x66, 0x24, 0x3,
    0x30, 0x3, 0x9d, 0x42, 0x4d, 0xd8, 0x24, 0xc0,
    0x3a, 0x99, 0x28, 0x25, 0x92, 0x80,

    /* U+00AC "¬" */
    0x12, 0x2f, 0xe1, 0x6d, 0xdf, 0xe8, 0x0, 0xff,
    0x9f, 0xff, 0xe4, 0x0, 0xff, 0xe6, 0x0,

    /* U+00AE "®" */
    0x0, 0xe4, 0x9b, 0xa7, 0x20, 0xf, 0x8f, 0x6d,
    0x91, 0x63, 0x64, 0x3, 0x93, 0x9, 0xf7, 0xfa,
    0xcd, 0xac, 0x2, 0x1a, 0xc, 0x82, 0x1, 0x4c,
    0x54, 0x80, 0x4, 0x8c, 0x9d, 0xff, 0xd4, 0x14,
    0x4e, 0x20, 0xa2, 0xc0, 0x1, 0xc8, 0x57, 0xb,
    0x7, 0x2, 0x50, 0x8, 0xce, 0x0, 0x90, 0x38,
    0x0, 0x20, 0x11, 0x7d, 0x93, 0x0, 0x42, 0x2,
    0xe0, 0x10, 0xe1, 0x0, 0x83, 0x7, 0x3, 0x91,
    0x80, 0xc, 0xd0, 0x4a, 0x1e, 0xa, 0x16, 0x1c,
    0x31, 0xc0, 0xb6, 0xec, 0x88, 0x20, 0x28, 0x2c,
    0x73, 0x0, 0x25, 0x48, 0xd0, 0x4, 0xf0, 0x57,
    0xd7, 0x9e, 0xe5, 0x82, 0x1, 0x9f, 0x58, 0x10,
    0xcd, 0x3a, 0x40, 0x0,

    /* U+00AF "¯" */
    0x1d, 0xdf, 0x31, 0x91, 0x78, 0x40,

    /* U+00B0 "°" */
    0x0, 0x47, 0x7e, 0x28, 0x5, 0x8e, 0x20, 0x74,
    0xc0, 0xc6, 0x5b, 0xf2, 0x12, 0x18, 0x10, 0x40,
    0xc8, 0x6, 0x0, 0x10, 0xf, 0x60, 0x49, 0x3,
    0x20, 0x1b, 0x19, 0x6f, 0xc8, 0x48, 0x3, 0x1c,
    0x40, 0xe9, 0x80,

    /* U+00B1 "±" */
    0x0, 0xc5, 0xe, 0x1, 0xfc, 0xee, 0x80, 0xf,
    0xfe, 0x29, 0x19, 0xc4, 0x0, 0x33, 0xc3, 0xf9,
    0x94, 0x0, 0x33, 0x33, 0x0, 0x7f, 0xf0, 0x37,
    0xfe, 0xa0, 0x7, 0xfe, 0x70, 0xf, 0xfe, 0x82,
    0x55, 0x80, 0x71, 0x9e, 0x26, 0x73, 0x3c, 0x3d,
    0x99, 0xfe, 0x60, 0xf, 0xfe, 0x0,

    /* U+00B2 "²" */
    0x5, 0xcf, 0xf6, 0x20, 0x35, 0x19, 0x9, 0xda,
    0xd8, 0x46, 0xf2, 0x87, 0x5c, 0xb8, 0x3, 0x40,
    0xc, 0xc0, 0x1, 0xc8, 0x68, 0x4, 0xb8, 0x2c,
    0xc0, 0x4, 0x50, 0x4c, 0x80, 0x71, 0xcb, 0x18,
    0x1, 0x86, 0x7, 0xbd, 0xcd, 0x30, 0x0, 0x8e,
    0x20,

    /* U+00B3 "³" */
    0x4, 0xcf, 0xf6, 0xb8, 0x1, 0x2c, 0xc8, 0xca,
    0x24, 0x38, 0x1f, 0x72, 0x81, 0xc2, 0xbe, 0x0,
    0x1a, 0xa, 0x1, 0xbf, 0xce, 0xb6, 0x1, 0x99,
    0x45, 0x68, 0x11, 0x3, 0x35, 0xe0, 0xa7, 0x37,
    0x20, 0x5, 0x0, 0xa0, 0x1f, 0xb6, 0xc0, 0xcc,
    0xb6, 0x62, 0x44, 0x7c, 0x0,

    /* U+00B4 "´" */
    0x0, 0x44, 0xa8, 0x2b, 0xb3, 0x84, 0x4, 0x92,
    0x92, 0x30, 0x0,

    /* U+00B5 "µ" */
    0x7f, 0xf0, 0x80, 0x62, 0xff, 0x28, 0x7, 0xff,
    0xfc, 0x3, 0xff, 0x90, 0x60, 0x18, 0x40, 0x3e,
    0x40, 0xd, 0x60, 0x1f, 0x4a, 0x80, 0x19, 0xc0,
    0x1a, 0x1, 0x8a, 0xbf, 0xd2, 0x86, 0xf, 0xc0,
    0x17, 0xa8, 0x1, 0x6b, 0x50, 0x3, 0x8e, 0xbf,
    0xd4, 0x22, 0xbf, 0xe0, 0xf, 0xff, 0x40,

    /* U+00B6 "¶" */
    0x0, 0x8e, 0xbb, 0xff, 0xc8, 0x0, 0x7c, 0x51,
    0x0, 0xfc, 0x90, 0x1, 0x8f, 0x28, 0x0, 0xe1,
    0xe0, 0x1c, 0xe6, 0xe0, 0x19, 0x0, 0x3f, 0xe1,
    0x0, 0xff, 0xe0, 0x8, 0x7, 0xff, 0x4, 0x80,
    0x3f, 0xf8, 0x16, 0x1, 0xff, 0xc0, 0x64, 0x0,
    0xff, 0xe0, 0x5b, 0x88, 0x7, 0xfd, 0x1d, 0x97,
    0x0, 0x1f, 0xe3, 0x43, 0x0, 0xff, 0xfd, 0x0,

    /* U+00B7 "·" */
    0x3, 0x40, 0x4c, 0xb9, 0xc0, 0x2, 0xd1, 0xc,
    0x0,

    /* U+00B8 "¸" */
    0x4f, 0x0, 0x88, 0x18, 0x40, 0xd6, 0x3c, 0x12,
    0xd0, 0x4b, 0xb8, 0xa8, 0x59, 0x8d, 0xb0,

    /* U+00B9 "¹" */
    0x0, 0x3f, 0xfa, 0x87, 0x60, 0x2, 0x32, 0x65,
    0x0, 0x1e, 0x49, 0x80, 0x4, 0xc0, 0x3f, 0xfa,
    0xc0,

    /* U+00BA "º" */
    0x0, 0xc, 0xf7, 0xf5, 0x10, 0x4, 0x3e, 0xc2,
    0x2, 0xba, 0x80, 0xa, 0x12, 0xdf, 0xe4, 0xa,
    0x1, 0x40, 0x92, 0x1, 0xa0, 0x14, 0x50, 0x2,
    0x0, 0x42, 0x40, 0x60, 0x1f, 0xf2, 0x80, 0x10,
    0x2, 0x12, 0x3, 0x14, 0x9, 0x20, 0x1a, 0x1,
    0x40, 0xa1, 0x2d, 0xfe, 0x40, 0xa0, 0x0, 0xfb,
    0x8, 0xa, 0xea, 0x0,

    /* U+00BB "»" */
    0x1d, 0xfd, 0x11, 0x6f, 0xe8, 0x80, 0x43, 0xe0,
    0x54, 0x3e, 0x5, 0x40, 0x18, 0xac, 0x12, 0x4a,
    0xc1, 0x24, 0x3, 0x24, 0x3, 0x31, 0x20, 0x19,
    0x80, 0x19, 0xd8, 0x25, 0x1d, 0x82, 0x50, 0x3,
    0x58, 0x2, 0x2, 0xc0, 0x10, 0x1, 0xbc, 0x7,
    0x43, 0xc0, 0x74, 0x2, 0xb2, 0xd, 0x1b, 0x20,
    0xd1, 0x0, 0x42, 0x5, 0x1c, 0x20, 0x51, 0x80,
    0x15, 0xc1, 0xd5, 0x4e, 0xe, 0xa0, 0x1, 0xf4,
    0x78, 0x1f, 0x47, 0x80, 0x8,

    /* U+00BC "¼" */
    0x0, 0x2d, 0x50, 0x3, 0xf2, 0xd3, 0x0, 0x6,
    0xe9, 0x54, 0x1, 0xf0, 0xd2, 0xa0, 0x1, 0x52,
    0x40, 0x3f, 0xa8, 0x24, 0x80, 0xd, 0xac, 0x1,
    0xf9, 0x91, 0xc, 0x1, 0x11, 0x0, 0x3f, 0x14,
    0x84, 0x80, 0x7f, 0xf0, 0xb8, 0x24, 0x80, 0x3f,
    0xf8, 0x2e, 0x68, 0xc0, 0x1f, 0xfc, 0x12, 0x81,
    0xa0, 0xf, 0xfe, 0x17, 0x5, 0x88, 0x1f, 0xfa,
    0x80, 0x3f, 0x41, 0xaa, 0x80, 0x1e, 0x1, 0xf7,
    0xf8, 0xd, 0xc6, 0xc0, 0xe, 0x68, 0x1, 0xfd,
    0xc1, 0x42, 0x3, 0x5, 0xe0, 0x1f, 0xa0, 0x99,
    0x0, 0x14, 0x1c, 0x1, 0xf8, 0xdc, 0x64, 0x0,
    0xa8, 0xc6, 0x1, 0xfb, 0x82, 0x80, 0x28, 0x2,
    0xa8, 0x4, 0x80, 0xa, 0x49, 0x90, 0x2, 0x30,
    0x45, 0x30, 0x15, 0x0, 0x23, 0x14, 0x80, 0x6e,
    0xff, 0xac, 0x17, 0x40, 0x68, 0x38, 0x3, 0xff,
    0x82,

    /* U+00BD "½" */
    0x0, 0x2d, 0x50, 0x3, 0xf2, 0xd3, 0x0, 0x43,
    0x54, 0x55, 0x0, 0x7c, 0x34, 0xa8, 0x1, 0x2a,
    0x9c, 0x3, 0xfa, 0x82, 0x48, 0x2, 0x6c, 0x80,
    0xf, 0xcc, 0x88, 0x60, 0xc, 0x46, 0x1, 0xf8,
    0xa4, 0x24, 0x3, 0xff, 0x87, 0xc1, 0x24, 0x1,
    0xff, 0xc2, 0x73, 0x46, 0x0, 0xff, 0xe1, 0x14,
    0xd, 0x0, 0x7f, 0xf0, 0xf8, 0x2c, 0x41, 0xf3,
    0x64, 0x80, 0x3f, 0x41, 0xaa, 0x82, 0xe0, 0xc9,
    0xb0, 0x40, 0x2f, 0xf0, 0x1b, 0x8d, 0x81, 0x20,
    0xef, 0x20, 0xb8, 0x7, 0xb8, 0x28, 0x40, 0xeb,
    0x48, 0x70, 0x4, 0x3, 0xa0, 0x99, 0x0, 0x2,
    0xa6, 0x3, 0x40, 0xa0, 0x18, 0xdc, 0x64, 0x3,
    0xc3, 0xa5, 0x24, 0x1, 0xb8, 0x28, 0x3, 0xc3,
    0x87, 0xc, 0x1, 0xa4, 0x99, 0x0, 0x38, 0xbc,
    0xa1, 0xc0, 0x32, 0x31, 0x48, 0x7, 0xe, 0x8,
    0xb2, 0xec, 0xc0, 0x34, 0x1c, 0x1, 0xe2, 0x10,
    0x14, 0x4b, 0xc0,

    /* U+00BE "¾" */
    0x0, 0x3e, 0xff, 0x40, 0x7, 0xeb, 0xf7, 0x0,
    0x9e, 0xd, 0x8d, 0xe4, 0x3, 0xca, 0x86, 0xe0,
    0x17, 0x1e, 0x4e, 0x3, 0x80, 0x70, 0xd8, 0x70,
    0x6, 0x9c, 0x20, 0x70, 0x50, 0xe, 0xa1, 0x82,
    0x0, 0xf4, 0x7c, 0xa5, 0x0, 0x65, 0x43, 0x70,
    0xf, 0xb1, 0xcd, 0x2c, 0x2, 0x1b, 0xe, 0x0,
    0xf1, 0x11, 0x23, 0x5, 0x48, 0x1, 0x43, 0x4,
    0x1, 0xec, 0xd4, 0x3, 0x10, 0x9, 0x50, 0xdc,
    0x3, 0xe8, 0xb, 0xfc, 0x6, 0x21, 0xb0, 0xe0,
    0x1, 0xff, 0xa0, 0x0, 0xd8, 0xea, 0xd7, 0x21,
    0x43, 0x4, 0x0, 0xe0, 0x0, 0x80, 0x47, 0x15,
    0x28, 0xa, 0x86, 0xe0, 0x7, 0x25, 0x0, 0xff,
    0xd, 0x87, 0x0, 0xa, 0x13, 0xc0, 0x3f, 0xd4,
    0x30, 0x40, 0x9, 0x9, 0x0, 0xff, 0x2a, 0x1b,
    0x80, 0x19, 0x1c, 0x80, 0x3f, 0x86, 0xc3, 0x80,
    0x28, 0x3, 0xa9, 0x4, 0x80, 0xe, 0xa1, 0x82,
    0x0, 0x84, 0x11, 0x4c, 0x9, 0x0, 0x32, 0xa1,
    0xb8, 0x6, 0xff, 0xd4, 0xd, 0x80, 0x10, 0xd8,
    0x70, 0x7, 0xff, 0x4,

    /* U+00BF "¿" */
    0x0, 0xcb, 0xfa, 0x20, 0x1f, 0x40, 0x13, 0x0,
    0x7c, 0x80, 0x3, 0x0, 0xfa, 0x6b, 0x10, 0x3,
    0xf2, 0x98, 0x7, 0xe4, 0xbb, 0x0, 0x7e, 0x24,
    0x40, 0x7, 0xed, 0x0, 0xfe, 0x94, 0x6, 0x0,
    0xe1, 0xc6, 0x4, 0x90, 0xc, 0x38, 0x61, 0x16,
    0x1, 0xd2, 0x41, 0x4e, 0x1, 0xe4, 0x3, 0x50,
    0xc, 0x26, 0x62, 0x6, 0x0, 0xeb, 0xcd, 0x50,
    0x40, 0xc, 0x2a, 0xb, 0xc0, 0x38, 0xa6, 0xb8,
    0x0, 0xf5, 0x60, 0x3a, 0xca, 0x20, 0x84, 0x9,
    0xb4, 0x10, 0x15, 0xc7, 0x0,

    /* U+00C0 "À" */
    0x0, 0xe7, 0x96, 0x0, 0xff, 0xe1, 0x13, 0x49,
    0x0, 0x7f, 0xf0, 0x55, 0x41, 0x60, 0x1f, 0xfc,
    0x2b, 0x16, 0x10, 0xf, 0xfe, 0x8, 0xf7, 0x88,
    0x7, 0xff, 0x6, 0x3f, 0xe1, 0x0, 0xff, 0xe0,
    0x28, 0x4, 0xe0, 0x1f, 0xf1, 0x90, 0x8, 0x68,
    0x7, 0xfd, 0x40, 0x30, 0x8, 0x20, 0x1f, 0xe7,
    0x4, 0x70, 0x3, 0x80, 0x7f, 0x20, 0x87, 0x89,
    0x5, 0x0, 0x7f, 0x68, 0x1, 0x41, 0x40, 0xc8,
    0x3, 0xf3, 0x82, 0x0, 0x2c, 0x0, 0xa0, 0x1f,
    0x28, 0x86, 0x80, 0xc, 0x42, 0x80, 0x3e, 0xf0,
    0x3, 0x80, 0x4c, 0x4, 0x40, 0xf, 0x28, 0x20,
    0x80, 0x56, 0x0, 0xa0, 0xe, 0x50, 0x2, 0x7f,
    0xec, 0x0, 0x30, 0x7, 0x70, 0x7, 0xf8, 0x4c,
    0x2, 0x14, 0x3, 0xcc, 0xf5, 0x0, 0x28, 0x2,
    0x70, 0x5, 0x19, 0xf9, 0x48, 0x1c, 0x2, 0xa0,
    0x3, 0x80, 0x7c, 0xa0, 0x28, 0x2, 0x60, 0x82,
    0x1, 0xf5, 0x80, 0x38, 0x18, 0x1, 0xc0, 0x1f,
    0x8c, 0x81, 0x40,

    /* U+00C1 "Á" */
    0x0, 0xfc, 0x33, 0x23, 0x0, 0xff, 0xe0, 0xcb,
    0x21, 0x80, 0x7f, 0xf0, 0x5, 0xc3, 0x80, 0x3f,
    0xf8, 0x32, 0xe, 0x60, 0x1f, 0xfc, 0x18, 0xf8,
    0x0, 0xff, 0xe0, 0xc7, 0xfc, 0x20, 0x1f, 0xfc,
    0x5, 0x0, 0x9c, 0x3, 0xfe, 0x32, 0x1, 0xd,
    0x0, 0xff, 0xa8, 0x6, 0x1, 0x4, 0x3, 0xfc,
    0xe0, 0x8e, 0x0, 0x70, 0xf, 0xe4, 0x10, 0xf1,
    0x20, 0xa0, 0xf, 0xed, 0x0, 0x28, 0x28, 0x19,
    0x0, 0x7e, 0x70, 0x40, 0x5, 0x80, 0x14, 0x3,
    0xe5, 0x10, 0xd0, 0x1, 0x88, 0x50, 0x7, 0xde,
    0x0, 0x70, 0x9, 0x80, 0x88, 0x1, 0xe5, 0x4,
    0x10, 0xa, 0xc0, 0x14, 0x1, 0xca, 0x0, 0x4f,
    0xfd, 0x80, 0x6, 0x0, 0xee, 0x0, 0xff, 0x9,
    0x80, 0x42, 0x80, 0x79, 0x9e, 0xa0, 0x5, 0x0,
    0x4e, 0x0, 0xa3, 0x3f, 0x29, 0x3, 0x80, 0x54,
    0x0, 0x70, 0xf, 0x94, 0x5, 0x0, 0x4c, 0x10,
    0x40, 0x3e, 0xb0, 0x7, 0x3, 0x0, 0x38, 0x3,
    0xf1, 0x90, 0x28, 0x0,

    /* U+00C2 "Â" */
    0x0, 0xf2, 0x7f, 0xb0, 0x3, 0xff, 0x80, 0x54,
    0x8, 0x72, 0x1, 0xfe, 0x1f, 0x19, 0xb2, 0x66,
    0x0, 0x7f, 0x2a, 0xa5, 0x83, 0xdc, 0x40, 0x3f,
    0x92, 0x18, 0x0, 0x50, 0xe0, 0x1f, 0xf4, 0x7f,
    0xc2, 0x1, 0xff, 0xc0, 0x50, 0x9, 0xc0, 0x3f,
    0xe3, 0x20, 0x10, 0xd0, 0xf, 0xfa, 0x80, 0x60,
    0x10, 0x40, 0x3f, 0xce, 0x8, 0xe0, 0x7, 0x0,
    0xfe, 0x41, 0xf, 0x12, 0xa, 0x0, 0xfe, 0xd0,
    0x2, 0x82, 0x81, 0x90, 0x7, 0xe7, 0x4, 0x0,
    0x58, 0x1, 0x40, 0x3e, 0x51, 0xd, 0x0, 0x18,
    0x85, 0x0, 0x7d, 0xe0, 0x7, 0x0, 0x98, 0x8,
    0x80, 0x1e, 0x50, 0x41, 0x0, 0xac, 0x1, 0x40,
    0x1c, 0xa0, 0x4, 0xff, 0xd8, 0x0, 0x60, 0xe,
    0xe0, 0xf, 0xf0, 0x98, 0x4, 0x28, 0x7, 0x99,
    0xea, 0x0, 0x50, 0x4, 0xe0, 0xa, 0x33, 0xf2,
    0x90, 0x38, 0x5, 0x40, 0x7, 0x0, 0xf9, 0x40,
    0x50, 0x4, 0xc1, 0x4, 0x3, 0xeb, 0x0, 0x70,
    0x30, 0x3, 0x80, 0x3f, 0x19, 0x2, 0x80,

    /* U+00C3 "Ã" */
    0x0, 0xe3, 0x98, 0x10, 0x78, 0x0, 0xff, 0x6b,
    0x3f, 0x5c, 0x18, 0x7, 0xf2, 0xc, 0x6a, 0xa1,
    0x48, 0x7, 0xf2, 0x7b, 0x95, 0x7e, 0x90, 0x7,
    0xff, 0x42, 0x3f, 0xe1, 0x0, 0xff, 0xe0, 0x28,
    0x4, 0xe0, 0x1f, 0xf1, 0x90, 0x8, 0x68, 0x7,
    0xfd, 0x40, 0x30, 0x8, 0x20, 0x1f, 0xe7, 0x4,
    0x70, 0x3, 0x80, 0x7f, 0x20, 0x87, 0x89, 0x5,
    0x0, 0x7f, 0x68, 0x1, 0x41, 0x40, 0xc8, 0x3,
    0xf3, 0x82, 0x0, 0x2c, 0x0, 0xa0, 0x1f, 0x28,
    0x86, 0x80, 0xc, 0x42, 0x80, 0x3e, 0xf0, 0x3,
    0x80, 0x4c, 0x4, 0x40, 0xf, 0x28, 0x20, 0x80,
    0x56, 0x0, 0xa0, 0xe, 0x50, 0x2, 0x7f, 0xec,
    0x0, 0x30, 0x7, 0x70, 0x7, 0xf8, 0x4c, 0x2,
    0x14, 0x3, 0xcc, 0xf5, 0x0, 0x28, 0x2, 0x70,
    0x5, 0x19, 0xf9, 0x48, 0x1c, 0x2, 0xa0, 0x3,
    0x80, 0x7c, 0xa0, 0x28, 0x2, 0x60, 0x82, 0x1,
    0xf5, 0x80, 0x38, 0x18, 0x1, 0xc0, 0x1f, 0x8c,
    0x81, 0x40,

    /* U+00C4 "Ä" */
    0x0, 0xcb, 0xf8, 0x0, 0x4f, 0xc0, 0xf, 0xee,
    0x3, 0x40, 0xf0, 0x34, 0x0, 0xfd, 0xc0, 0x68,
    0x1c, 0x6, 0x80, 0x1f, 0x97, 0xf0, 0x0, 0xbf,
    0x80, 0x1f, 0xfd, 0x8, 0xff, 0x84, 0x3, 0xff,
    0x80, 0xa0, 0x13, 0x80, 0x7f, 0xc6, 0x40, 0x21,
    0xa0, 0x1f, 0xf5, 0x0, 0xc0, 0x20, 0x80, 0x7f,
    0x9c, 0x11, 0xc0, 0xe, 0x1, 0xfc, 0x82, 0x1e,
    0x24, 0x14, 0x1, 0xfd, 0xa0, 0x5, 0x5, 0x3,
    0x20, 0xf, 0xce, 0x8, 0x0, 0xb0, 0x2, 0x80,
    0x7c, 0xa2, 0x1a, 0x0, 0x31, 0xa, 0x0, 0xfb,
    0xc0, 0xe, 0x1, 0x30, 0x11, 0x0, 0x3c, 0xa0,
    0x82, 0x1, 0x58, 0x2, 0x80, 0x39, 0x40, 0x9,
    0xff, 0xb0, 0x0, 0xc0, 0x1d, 0xc0, 0x1f, 0xe1,
    0x30, 0x8, 0x50, 0xf, 0x33, 0xd4, 0x0, 0xa0,
    0x9, 0xc0, 0x14, 0x67, 0xe5, 0x20, 0x70, 0xa,
    0x80, 0xe, 0x1, 0xf2, 0x80, 0xa0, 0x9, 0x82,
    0x8, 0x7, 0xd6, 0x0, 0xe0, 0x60, 0x7, 0x0,
    0x7e, 0x32, 0x5, 0x0,

    /* U+00C5 "Å" */
    0x0, 0xf3, 0xf7, 0xe1, 0x0, 0x7f, 0xcd, 0x4,
    0xe5, 0x80, 0x1f, 0xf6, 0x86, 0x44, 0x4, 0xc0,
    0x3f, 0xc6, 0xc, 0x54, 0x4, 0x1, 0xfe, 0x93,
    0x9d, 0x39, 0x10, 0xf, 0xf0, 0xe6, 0x2b, 0x98,
    0x3, 0xff, 0x81, 0x19, 0x5c, 0x20, 0x1f, 0xfc,
    0x5, 0x0, 0x9c, 0x3, 0xfe, 0x32, 0x1, 0xd,
    0x0, 0xff, 0xa8, 0x6, 0x1, 0x4, 0x3, 0xfc,
    0xe0, 0x8e, 0x0, 0x70, 0xf, 0xe4, 0x10, 0xf1,
    0x20, 0xa0, 0xf, 0xed, 0x0, 0x28, 0x28, 0x19,
    0x0, 0x7e, 0x70, 0x40, 0x5, 0x80, 0x14, 0x3,
    0xe5, 0x10, 0xd0, 0x1, 0x88, 0x50, 0x7, 0xde,
    0x0, 0x70, 0x9, 0x80, 0x88, 0x1, 0xe5, 0x4,
    0x10, 0xa, 0xc0, 0x14, 0x1, 0xca, 0x0, 0x4f,
    0xfd, 0x80, 0x6, 0x0, 0xee, 0x0, 0xff, 0x9,
    0x80, 0x42, 0x80, 0x79, 0x9e, 0xa0, 0x5, 0x0,
    0x4e, 0x0, 0xa3, 0x3f, 0x29, 0x3, 0x80, 0x54,
    0x0, 0x70, 0xf, 0x94, 0x5, 0x0, 0x4c, 0x10,
    0x40, 0x3e, 0xb0, 0x7, 0x3, 0x0, 0x38, 0x3,
    0xf1, 0x90, 0x28, 0x0,

    /* U+00C6 "Æ" */
    0x0, 0xfd, 0xdf, 0xff, 0xfc, 0x1a, 0x0, 0xf9,
    0x84, 0x3, 0xff, 0x93, 0x60, 0x7e, 0xa0, 0x37,
    0x7f, 0xa4, 0x3, 0xc8, 0x41, 0x20, 0x19, 0x13,
    0xf1, 0x80, 0x7b, 0xc0, 0x54, 0x3, 0xff, 0x8c,
    0x48, 0xc, 0x1, 0xff, 0xc7, 0xb0, 0x4, 0x80,
    0x7f, 0xf1, 0x85, 0x81, 0x44, 0x3, 0xff, 0x8c,
    0xc0, 0x9, 0x0, 0xe1, 0xff, 0xfc, 0x1, 0xd2,
    0x6, 0x60, 0xf, 0xfe, 0x32, 0x88, 0x50, 0x7,
    0x86, 0xef, 0xf0, 0x6, 0x90, 0x4, 0xff, 0xe5,
    0x0, 0x22, 0x7e, 0x0, 0x8c, 0xc0, 0x1f, 0xfc,
    0x99, 0x0, 0x66, 0xef, 0x20, 0x7, 0xff, 0x0,
    0x54, 0x14, 0xc8, 0xb8, 0x40, 0x3f, 0xf8, 0x12,
    0x0, 0xe0, 0xf, 0xe4, 0x4f, 0xc6, 0xc, 0x4,
    0x80, 0x1f, 0x86, 0xef, 0xf4, 0x30, 0x85, 0x80,
    0x7f, 0xf1, 0xc0,

    /* U+00C7 "Ç" */
    0x0, 0xc5, 0x3b, 0xfe, 0xea, 0x40, 0xf, 0xa3,
    0x58, 0x80, 0x2, 0xb7, 0x61, 0x0, 0xd4, 0xe0,
    0x5, 0x88, 0x30, 0x82, 0x68, 0x4, 0xca, 0x5,
    0xb4, 0xee, 0x9e, 0x40, 0x38, 0x0, 0x40, 0xe,
    0x10, 0x7, 0x59, 0x3, 0x82, 0x88, 0x48, 0x80,
    0x7d, 0x60, 0x5, 0xf0, 0x3, 0x0, 0x7e, 0x6f,
    0xf2, 0xb0, 0x10, 0x80, 0x7f, 0xf0, 0x8, 0x4,
    0x3, 0xff, 0xa2, 0x40, 0x20, 0x1f, 0xfc, 0x16,
    0x2, 0x10, 0xf, 0xfe, 0x7, 0x80, 0x18, 0x3,
    0xf3, 0x7f, 0x95, 0x42, 0x12, 0x20, 0x1f, 0x58,
    0x1, 0x2, 0x0, 0x70, 0x80, 0x3a, 0x88, 0x1c,
    0x41, 0x94, 0xb, 0x69, 0xdd, 0x3c, 0xa0, 0x70,
    0x1, 0x53, 0x80, 0x16, 0x20, 0xc2, 0x9, 0xa0,
    0x1d, 0x1a, 0xc4, 0x0, 0x15, 0xbb, 0x8, 0x7,
    0x8a, 0x74, 0xd7, 0xa9, 0x0, 0x3f, 0xe2, 0x5f,
    0x50, 0xf, 0xfe, 0x7, 0x68, 0xc8, 0x7, 0xfc,
    0x28, 0x81, 0x70, 0xf, 0xf9, 0xee, 0x4e, 0x0,
    0x38,

    /* U+00C8 "È" */
    0x0, 0x9a, 0x60, 0x3, 0xfc, 0x8c, 0xe8, 0x1,
    0xfc, 0x50, 0x10, 0x1, 0xfe, 0x73, 0x32, 0x0,
    0x7f, 0xb3, 0xd0, 0x3, 0x93, 0xff, 0xfe, 0x20,
    0xf, 0xfe, 0x23, 0x5d, 0xfe, 0x20, 0xb, 0xd1,
    0x3f, 0x0, 0x7f, 0xfb, 0x27, 0xff, 0xe8, 0x0,
    0xff, 0xe2, 0xb5, 0xdf, 0xd4, 0x1, 0xbd, 0x13,
    0xe2, 0x0, 0xff, 0xef, 0xfa, 0x27, 0xe0, 0xc,
    0xd7, 0x7f, 0x8c, 0x3, 0xff, 0x82,

    /* U+00C9 "É" */
    0x0, 0xfa, 0x25, 0x40, 0x3f, 0x95, 0xd9, 0x0,
    0x3f, 0xa0, 0x24, 0x40, 0x3f, 0x29, 0x23, 0x0,
    0x7f, 0x2f, 0xd8, 0x7, 0x27, 0xff, 0xfc, 0x40,
    0x1f, 0xfc, 0x46, 0xbb, 0xfc, 0x40, 0x17, 0xa2,
    0x7e, 0x0, 0xff, 0xf6, 0x4f, 0xff, 0xd0, 0x1,
    0xff, 0xc5, 0x6b, 0xbf, 0xa8, 0x3, 0x7a, 0x27,
    0xc4, 0x1, 0xff, 0xdf, 0xf4, 0x4f, 0xc0, 0x19,
    0xae, 0xff, 0x18, 0x7, 0xff, 0x4,

    /* U+00CA "Ê" */
    0x0, 0xc5, 0xdf, 0xc2, 0x1, 0xfb, 0xc5, 0x7,
    0x40, 0x3e, 0xb2, 0x6b, 0x53, 0x90, 0xe, 0x23,
    0x89, 0xa, 0x81, 0x10, 0x6, 0x28, 0x70, 0x9,
    0xe0, 0x40, 0x9, 0xff, 0xff, 0x10, 0x7, 0xff,
    0x11, 0xae, 0xff, 0x10, 0x5, 0xe8, 0x9f, 0x80,
    0x3f, 0xfd, 0x93, 0xff, 0xf4, 0x0, 0x7f, 0xf1,
    0x5a, 0xef, 0xea, 0x0, 0xde, 0x89, 0xf1, 0x0,
    0x7f, 0xf7, 0xfd, 0x13, 0xf0, 0x6, 0x6b, 0xbf,
    0xc6, 0x1, 0xff, 0xc1,

    /* U+00CB "Ë" */
    0x0, 0x1f, 0x69, 0x1, 0x76, 0x90, 0x6, 0xb1,
    0x25, 0xa, 0x12, 0x50, 0xd, 0x62, 0x25, 0xa,
    0x11, 0x28, 0x6, 0x3e, 0xe1, 0x1, 0x77, 0x8,
    0x3, 0xff, 0x86, 0x9f, 0xff, 0xf1, 0x0, 0x7f,
    0xf1, 0x1a, 0xef, 0xf1, 0x0, 0x5e, 0x89, 0xf8,
    0x3, 0xff, 0xd9, 0x3f, 0xff, 0x40, 0x7, 0xff,
    0x15, 0xae, 0xfe, 0xa0, 0xd, 0xe8, 0x9f, 0x10,
    0x7, 0xff, 0x7f, 0xd1, 0x3f, 0x0, 0x66, 0xbb,
    0xfc, 0x60, 0x1f, 0xfc, 0x10,

    /* U+00CC "Ì" */
    0x8, 0x94, 0x0, 0xcd, 0x40, 0x14, 0x10, 0xb0,
    0x5, 0xc1, 0x60, 0x11, 0xfe, 0x80, 0x49, 0xfe,
    0x60, 0xf, 0xff, 0xf8, 0x7, 0xff, 0x3c,

    /* U+00CD "Í" */
    0x0, 0x1c, 0xc8, 0x40, 0x1e, 0xc6, 0x20, 0x86,
    0x36, 0x0, 0xf0, 0xb1, 0x0, 0x5f, 0xa8, 0x1,
    0x3f, 0xcc, 0x1, 0xff, 0xff, 0x0, 0xff, 0xe8,
    0x80,

    /* U+00CE "Î" */
    0x0, 0x3f, 0xfa, 0x40, 0x32, 0x40, 0x9b, 0x30,
    0x0, 0x56, 0x1b, 0xc3, 0x26, 0xe, 0xeb, 0x32,
    0xd7, 0x50, 0x58, 0x40, 0x1, 0xc3, 0x0, 0x49,
    0xfe, 0x60, 0xf, 0xff, 0xf8, 0x7, 0xff, 0xfc,
    0x3, 0xc0,

    /* U+00CF "Ï" */
    0x8f, 0xa0, 0x3, 0xfd, 0x3, 0x82, 0x88, 0x48,
    0x28, 0xb8, 0x28, 0x83, 0x2, 0x8c, 0x7d, 0x0,
    0x23, 0xe8, 0x3, 0xff, 0x80, 0x9f, 0xe6, 0x0,
    0xff, 0xff, 0x80, 0x7f, 0xff, 0xc0, 0x3c,

    /* U+00D0 "Ð" */
    0x0, 0x47, 0xff, 0xbb, 0x1c, 0x40, 0x3f, 0xf8,
    0x22, 0x71, 0xcc, 0x1, 0xfa, 0x6a, 0xa8, 0x40,
    0x4, 0xb8, 0x7, 0xc8, 0xab, 0x3d, 0xe0, 0x84,
    0x18, 0x7, 0xff, 0x0, 0xf4, 0x1, 0x0, 0x1f,
    0xfc, 0x13, 0x50, 0x41, 0x0, 0xff, 0xe0, 0xf8,
    0x1, 0x0, 0x3f, 0xf8, 0x2e, 0x0, 0x2c, 0xf7,
    0x0, 0x6f, 0xfc, 0xc0, 0x11, 0x80, 0x3c, 0x3,
    0xff, 0x8b, 0x9c, 0xe0, 0xc, 0xee, 0x98, 0x2,
    0x30, 0x7, 0x80, 0x80, 0x42, 0x38, 0x3, 0x38,
    0x0, 0x80, 0x3f, 0xf8, 0x3e, 0x0, 0x40, 0xf,
    0xfe, 0x1, 0xa8, 0x20, 0x80, 0x7f, 0xc7, 0xa0,
    0x9, 0x0, 0xf2, 0x2a, 0xcf, 0x78, 0x21, 0x24,
    0x1, 0xe9, 0xaa, 0xa1, 0x0, 0x14, 0xc0, 0x1f,
    0xf0, 0xa4, 0x72, 0x80, 0x40,

    /* U+00D1 "Ñ" */
    0x0, 0xe7, 0x95, 0x2, 0xa3, 0x0, 0xf9, 0xe1,
    0xab, 0x79, 0x40, 0x3f, 0x60, 0xf4, 0x81, 0xb1,
    0x80, 0x7d, 0x7c, 0x2d, 0xbf, 0x20, 0x1f, 0xfc,
    0x74, 0xff, 0x84, 0x3, 0xec, 0xfd, 0x0, 0xd6,
    0x1, 0xff, 0xc2, 0x54, 0x0, 0xff, 0xe1, 0x48,
    0x7, 0xff, 0x1, 0xc0, 0x9c, 0x3, 0xfe, 0xd4,
    0x8, 0x20, 0xf, 0xfa, 0x40, 0x12, 0x1, 0xfe,
    0x32, 0x70, 0x45, 0x0, 0xff, 0xa0, 0x42, 0xc0,
    0x3f, 0xf8, 0x16, 0x3, 0x0, 0x1f, 0xf2, 0xa0,
    0x39, 0x0, 0x7f, 0xd2, 0x0, 0xe0, 0xf, 0xf8,
    0x9c, 0xd, 0x40, 0x3f, 0xe8, 0x20, 0x87, 0x0,
    0xff, 0xa4, 0x9, 0x0, 0x3f, 0xe4, 0x50, 0xf,
    0xfe, 0x15, 0x80, 0x7f, 0xf0, 0x86, 0x40, 0x20,

    /* U+00D2 "Ò" */
    0x0, 0xed, 0xfa, 0x0, 0xff, 0xe1, 0x70, 0x29,
    0x0, 0x7f, 0xf0, 0x4d, 0x82, 0xc0, 0x3f, 0xf8,
    0x52, 0xe2, 0x1, 0xff, 0xc3, 0x88, 0x0, 0x7f,
    0xf0, 0xa, 0x77, 0xfd, 0xd4, 0x80, 0x1f, 0xa3,
    0x58, 0x80, 0x2, 0xb7, 0x40, 0x1e, 0xa7, 0x0,
    0x2c, 0x41, 0x40, 0xb, 0x80, 0x19, 0x94, 0xb,
    0x69, 0xdd, 0x5c, 0x80, 0x72, 0x1, 0x40, 0xe,
    0x10, 0x6, 0x1b, 0x30, 0x62, 0x5, 0x10, 0x91,
    0x0, 0xfa, 0x0, 0x14, 0x1e, 0x0, 0x60, 0xf,
    0xc8, 0x20, 0x80, 0xc0, 0x42, 0x1, 0xfc, 0xa0,
    0x60, 0x40, 0x20, 0x1f, 0xe2, 0x0, 0xff, 0xe4,
    0x10, 0x8, 0x7, 0xf8, 0x80, 0x26, 0x2, 0x10,
    0xf, 0xe5, 0x3, 0xf, 0x0, 0x30, 0x7, 0xe4,
    0x10, 0x40, 0x51, 0x9, 0x10, 0xf, 0xa0, 0x1,
    0x40, 0x8, 0x1, 0xc2, 0x0, 0xc3, 0x66, 0xc,
    0x40, 0x6, 0x50, 0x2d, 0xa7, 0x75, 0x72, 0x1,
    0xc8, 0x6, 0xa7, 0x0, 0x2c, 0x41, 0x40, 0xb,
    0x80, 0x1e, 0x8d, 0x62, 0x0, 0xa, 0xdd, 0x0,
    0x60,

    /* U+00D3 "Ó" */
    0x0, 0xfc, 0xff, 0xe2, 0x0, 0xff, 0xe0, 0xc8,
    0x49, 0x0, 0x7f, 0xf0, 0x1c, 0x51, 0x80, 0x3f,
    0xf8, 0x4d, 0x40, 0x1f, 0xfc, 0x27, 0x91, 0x0,
    0xff, 0x8a, 0x77, 0xfd, 0xd4, 0x80, 0x1f, 0xa3,
    0x58, 0x80, 0x2, 0xb7, 0x40, 0x1e, 0xa7, 0x0,
    0x2c, 0x41, 0x40, 0xb, 0x80, 0x19, 0x94, 0xb,
    0x69, 0xdd, 0x5c, 0x80, 0x72, 0x1, 0x40, 0xe,
    0x10, 0x6, 0x1b, 0x30, 0x62, 0x5, 0x10, 0x91,
    0x0, 0xfa, 0x0, 0x14, 0x1e, 0x0, 0x60, 0xf,
    0xc8, 0x20, 0x80, 0xc0, 0x42, 0x1, 0xfc, 0xa0,
    0x60, 0x40, 0x20, 0x1f, 0xe2, 0x0, 0xff, 0xe4,
    0x10, 0x8, 0x7, 0xf8, 0x80, 0x26, 0x2, 0x10,
    0xf, 0xe5, 0x3, 0xf, 0x0, 0x30, 0x7, 0xe4,
    0x10, 0x40, 0x51, 0x9, 0x10, 0xf, 0xa0, 0x1,
    0x40, 0x8, 0x1, 0xc2, 0x0, 0xc3, 0x66, 0xc,
    0x40, 0x6, 0x50, 0x2d, 0xa7, 0x75, 0x72, 0x1,
    0xc8, 0x6, 0xa7, 0x0, 0x2c, 0x41, 0x40, 0xb,
    0x80, 0x1e, 0x8d, 0x62, 0x0, 0xa, 0xdd, 0x0,
    0x60,

    /* U+00D4 "Ô" */
    0x0, 0xf3, 0xff, 0xa4, 0x3, 0xff, 0x80, 0x90,
    0x26, 0xcc, 0x0, 0xff, 0x15, 0x86, 0xe8, 0x65,
    0x0, 0x3f, 0x9d, 0xd4, 0x63, 0xae, 0x40, 0x1f,
    0xcb, 0xa, 0x0, 0x38, 0x60, 0xf, 0xe2, 0x9d,
    0xff, 0x75, 0x20, 0x7, 0xe8, 0xd6, 0x20, 0x0,
    0xad, 0xd0, 0x7, 0xa9, 0xc0, 0xb, 0x10, 0x50,
    0x2, 0xe0, 0x6, 0x65, 0x2, 0xda, 0x77, 0x57,
    0x20, 0x1c, 0x80, 0x50, 0x3, 0x84, 0x1, 0x86,
    0xcc, 0x18, 0x81, 0x44, 0x24, 0x40, 0x3e, 0x80,
    0x5, 0x7, 0x80, 0x18, 0x3, 0xf2, 0x8, 0x20,
    0x30, 0x10, 0x80, 0x7f, 0x28, 0x18, 0x10, 0x8,
    0x7, 0xf8, 0x80, 0x3f, 0xf9, 0x4, 0x2, 0x1,
    0xfe, 0x20, 0x9, 0x80, 0x84, 0x3, 0xf9, 0x40,
    0xc3, 0xc0, 0xc, 0x1, 0xf9, 0x4, 0x10, 0x14,
    0x42, 0x44, 0x3, 0xe8, 0x0, 0x50, 0x2, 0x0,
    0x70, 0x80, 0x30, 0xd9, 0x83, 0x10, 0x1, 0x94,
    0xb, 0x69, 0xdd, 0x5c, 0x80, 0x72, 0x1, 0xa9,
    0xc0, 0xb, 0x10, 0x50, 0x2, 0xe0, 0x7, 0xa3,
    0x58, 0x80, 0x2, 0xb7, 0x40, 0x18,

    /* U+00D5 "Õ" */
    0x0, 0xe5, 0x97, 0x0, 0x4b, 0x0, 0x7f, 0x1d,
    0x34, 0x75, 0xb7, 0x0, 0x7f, 0x20, 0x5d, 0x95,
    0xe, 0x40, 0x3f, 0x9f, 0xd1, 0x17, 0xf8, 0x20,
    0x1f, 0xfc, 0xe2, 0x9d, 0xff, 0x75, 0x20, 0x7,
    0xe8, 0xd6, 0x20, 0x0, 0xad, 0xd0, 0x7, 0xa9,
    0xc0, 0xb, 0x10, 0x50, 0x2, 0xe0, 0x6, 0x65,
    0x2, 0xda, 0x77, 0x57, 0x20, 0x1c, 0x80, 0x50,
    0x3, 0x84, 0x1, 0x86, 0xcc, 0x18, 0x81, 0x44,
    0x24, 0x40, 0x3e, 0x80, 0x5, 0x7, 0x80, 0x18,
    0x3, 0xf2, 0x8, 0x20, 0x30, 0x10, 0x80, 0x7f,
    0x28, 0x18, 0x10, 0x8, 0x7, 0xf8, 0x80, 0x3f,
    0xf9, 0x4, 0x2, 0x1, 0xfe, 0x20, 0x9, 0x80,
    0x84, 0x3, 0xf9, 0x40, 0xc3, 0xc0, 0xc, 0x1,
    0xf9, 0x4, 0x10, 0x14, 0x42, 0x44, 0x3, 0xe8,
    0x0, 0x50, 0x2, 0x0, 0x70, 0x80, 0x30, 0xd9,
    0x83, 0x10, 0x1, 0x94, 0xb, 0x69, 0xdd, 0x5c,
    0x80, 0x72, 0x1, 0xa9, 0xc0, 0xb, 0x10, 0x50,
    0x2, 0xe0, 0x7, 0xa3, 0x58, 0x80, 0x2, 0xb7,
    0x40, 0x18,

    /* U+00D6 "Ö" */
    0x0, 0xcf, 0xf4, 0x0, 0x7f, 0xa0, 0xf, 0xe9,
    0x5, 0x10, 0x90, 0x51, 0x0, 0xfc, 0xc0, 0xa2,
    0x12, 0xa, 0x20, 0x1f, 0xa3, 0xe8, 0x0, 0xff,
    0x40, 0x1f, 0xfc, 0xe2, 0x9d, 0xff, 0x75, 0x20,
    0x7, 0xe8, 0xd6, 0x20, 0x0, 0xad, 0xd0, 0x7,
    0xa9, 0xc0, 0xb, 0x10, 0x50, 0x2, 0xe0, 0x6,
    0x65, 0x2, 0xda, 0x77, 0x57, 0x20, 0x1c, 0x80,
    0x50, 0x3, 0x84, 0x1, 0x86, 0xcc, 0x18, 0x81,
    0x44, 0x24, 0x40, 0x3e, 0x80, 0x5, 0x7, 0x80,
    0x18, 0x3, 0xf2, 0x8, 0x20, 0x30, 0x10, 0x80,
    0x7f, 0x28, 0x18, 0x10, 0x8, 0x7, 0xf8, 0x80,
    0x3f, 0xf9, 0x4, 0x2, 0x1, 0xfe, 0x20, 0x9,
    0x80, 0x84, 0x3, 0xf9, 0x40, 0xc3, 0xc0, 0xc,
    0x1, 0xf9, 0x4, 0x10, 0x14, 0x42, 0x44, 0x3,
    0xe8, 0x0, 0x50, 0x2, 0x0, 0x70, 0x80, 0x30,
    0xd9, 0x83, 0x10, 0x1, 0x94, 0xb, 0x69, 0xdd,
    0x5c, 0x80, 0x72, 0x1, 0xa9, 0xc0, 0xb, 0x10,
    0x50, 0x2, 0xe0, 0x7, 0xa3, 0x58, 0x80, 0x2,
    0xb7, 0x40, 0x18,

    /* U+00D7 "×" */
    0x5, 0x10, 0xf, 0x21, 0x3, 0x56, 0x88, 0x6,
    0x4b, 0xc2, 0x0, 0x1e, 0x80, 0x49, 0x60, 0x13,
    0x48, 0x1e, 0x2, 0x58, 0xe, 0x10, 0x34, 0x81,
    0xed, 0x80, 0xe1, 0x0, 0x4d, 0x20, 0x40, 0x38,
    0x40, 0x1c, 0xa0, 0x11, 0x10, 0x3, 0x8f, 0x0,
    0x40, 0xf0, 0x3, 0x1e, 0x0, 0xe4, 0x81, 0xe0,
    0x0, 0xf0, 0x7, 0x9, 0xa4, 0xf, 0x2, 0xc0,
    0x70, 0x80, 0xd, 0x20, 0x66, 0x87, 0xc2, 0x0,
    0xcd, 0x36, 0x60,

    /* U+00D8 "Ø" */
    0x0, 0xff, 0xe1, 0x10, 0x7, 0x8a, 0x77, 0xfd,
    0xd4, 0x81, 0x3a, 0x80, 0x1a, 0x35, 0x88, 0x0,
    0x2b, 0x78, 0xc0, 0x1d, 0x4e, 0x0, 0x58, 0x82,
    0x80, 0xc, 0x21, 0x0, 0xc, 0xa0, 0x5b, 0x4e,
    0xea, 0xd0, 0xb, 0x80, 0x28, 0x1, 0xc2, 0x0,
    0xd2, 0x1, 0x31, 0x2, 0x88, 0x48, 0x80, 0x68,
    0x40, 0x80, 0x5, 0x7, 0x80, 0x18, 0x3, 0x23,
    0x85, 0x38, 0x82, 0x3, 0x1, 0x8, 0x4, 0x54,
    0xc, 0xa0, 0xa0, 0x60, 0x40, 0x20, 0x1b, 0xc4,
    0xe4, 0x0, 0x40, 0x1f, 0xd4, 0x43, 0xa0, 0x1f,
    0x10, 0x8, 0x1, 0x94, 0x28, 0x40, 0x22, 0x0,
    0x98, 0x8, 0x4e, 0x42, 0x10, 0x3, 0x28, 0x18,
    0x78, 0x2, 0x74, 0x15, 0xc0, 0x32, 0x8, 0x20,
    0x28, 0x83, 0x89, 0x50, 0x7, 0x40, 0x2, 0x80,
    0x10, 0x1, 0x40, 0x6, 0x1b, 0x30, 0x62, 0x0,
    0x18, 0x5, 0x54, 0x77, 0x57, 0x20, 0x1c, 0x80,
    0xa, 0x80, 0xc0, 0xb, 0x10, 0x50, 0x2, 0xe0,
    0x6, 0x13, 0xcd, 0x62, 0x0, 0xa, 0xdd, 0x0,
    0x62, 0xfd, 0x2, 0x9d, 0xff, 0x75, 0x20, 0x7,
    0x0,

    /* U+00D9 "Ù" */
    0x0, 0xcb, 0xfe, 0x30, 0xf, 0xf9, 0x54, 0x10,
    0x1, 0xff, 0xc0, 0xb1, 0x42, 0x0, 0xff, 0x86,
    0x99, 0x80, 0x1f, 0xfc, 0x4, 0x94, 0x0, 0xf2,
    0x7f, 0x94, 0x3, 0xf7, 0xfa, 0x40, 0x3f, 0xff,
    0xe0, 0x1f, 0xff, 0xf0, 0xf, 0xfe, 0x1b, 0x80,
    0x8, 0x3, 0xe2, 0x0, 0x9, 0x80, 0x28, 0x3,
    0xea, 0x0, 0x68, 0x28, 0x14, 0x80, 0x72, 0xb8,
    0xa, 0x85, 0x88, 0x36, 0xc3, 0x3e, 0x50, 0x2,
    0x80, 0x3, 0x84, 0x4, 0xf3, 0x6, 0x0, 0xa4,
    0x0, 0x8b, 0x65, 0x4, 0x0, 0x6f, 0xca, 0x0,

    /* U+00DA "Ú" */
    0x0, 0xfd, 0xdf, 0x20, 0x1f, 0xf3, 0x8, 0xa4,
    0x3, 0xfe, 0xb0, 0xa0, 0xf, 0xf8, 0x92, 0x50,
    0x3, 0xfe, 0x29, 0x60, 0xf, 0x27, 0xf9, 0x40,
    0x3f, 0x7f, 0xa4, 0x3, 0xff, 0xfe, 0x1, 0xff,
    0xff, 0x0, 0xff, 0xe1, 0xb8, 0x0, 0x80, 0x3e,
    0x20, 0x0, 0x98, 0x2, 0x80, 0x3e, 0xa0, 0x6,
    0x82, 0x81, 0x48, 0x7, 0x2b, 0x80, 0xa8, 0x58,
    0x83, 0x6c, 0x33, 0xe5, 0x0, 0x28, 0x0, 0x38,
    0x40, 0x4f, 0x30, 0x60, 0xa, 0x40, 0x8, 0xb6,
    0x50, 0x40, 0x6, 0xfc, 0xa0, 0x0,

    /* U+00DB "Û" */
    0x0, 0xf6, 0xff, 0x88, 0x3, 0xfd, 0x64, 0x81,
    0x82, 0x1, 0xfa, 0x10, 0xee, 0x7, 0x40, 0x3e,
    0x10, 0x7d, 0x7, 0x84, 0x30, 0xf, 0xc, 0x40,
    0x40, 0xf, 0x6, 0x1, 0x27, 0xf9, 0x40, 0x3f,
    0x7f, 0xa4, 0x3, 0xff, 0xfe, 0x1, 0xff, 0xff,
    0x0, 0xff, 0xe1, 0xb8, 0x0, 0x80, 0x3e, 0x20,
    0x0, 0x98, 0x2, 0x80, 0x3e, 0xa0, 0x6, 0x82,
    0x81, 0x48, 0x7, 0x2b, 0x80, 0xa8, 0x58, 0x83,
    0x6c, 0x33, 0xe5, 0x0, 0x28, 0x0, 0x38, 0x40,
    0x4f, 0x30, 0x60, 0xa, 0x40, 0x8, 0xb6, 0x50,
    0x40, 0x6, 0xfc, 0xa0, 0x0,

    /* U+00DC "Ü" */
    0x0, 0x87, 0x79, 0x0, 0x77, 0x90, 0x3, 0xc8,
    0x43, 0xc0, 0x84, 0x3c, 0x1, 0xe4, 0x20, 0xe0,
    0x42, 0xe, 0x0, 0xf0, 0xef, 0xa0, 0xe, 0xfa,
    0x0, 0x7f, 0xf1, 0x93, 0xfc, 0xa0, 0x1f, 0xbf,
    0xd2, 0x1, 0xff, 0xff, 0x0, 0xff, 0xff, 0x80,
    0x7f, 0xf0, 0xdc, 0x0, 0x40, 0x1f, 0x10, 0x0,
    0x4c, 0x1, 0x40, 0x1f, 0x50, 0x3, 0x41, 0x40,
    0xa4, 0x3, 0x95, 0xc0, 0x54, 0x2c, 0x41, 0xb6,
    0x19, 0xf2, 0x80, 0x14, 0x0, 0x1c, 0x20, 0x27,
    0x98, 0x30, 0x5, 0x20, 0x4, 0x5b, 0x28, 0x20,
    0x3, 0x7e, 0x50, 0x0,

    /* U+00DD "Ý" */
    0x0, 0xfc, 0x73, 0x22, 0x0, 0xff, 0xe0, 0x43,
    0x11, 0x0, 0x3f, 0xe3, 0x41, 0xa0, 0xf, 0xfe,
    0x4, 0x5, 0x88, 0x7, 0xff, 0x2, 0xfd, 0x40,
    0x3c, 0xbf, 0xeb, 0x0, 0xfc, 0xff, 0xe8, 0x54,
    0x4, 0x40, 0x7, 0x86, 0x0, 0x60, 0x24, 0x1,
    0x20, 0x1e, 0xb0, 0x5, 0x80, 0x9, 0xc0, 0x9c,
    0x3, 0x1a, 0x81, 0xa8, 0x5, 0x2, 0x10, 0x20,
    0x17, 0x80, 0x38, 0x3, 0xac, 0x1, 0x0, 0x5,
    0x30, 0x62, 0x0, 0xe5, 0x30, 0x63, 0x8, 0x1,
    0x80, 0xf, 0xb8, 0x1, 0xe, 0x41, 0x2, 0x1,
    0xf1, 0x30, 0x24, 0x1, 0xb0, 0x7, 0xf4, 0x88,
    0x5, 0xe0, 0x1f, 0xf4, 0x0, 0x14, 0xc0, 0x3f,
    0xe5, 0x0, 0x68, 0x7, 0xff, 0xfc, 0x3, 0xff,
    0x9e,

    /* U+00DE "Þ" */
    0x6f, 0xf2, 0x0, 0x7f, 0xf9, 0xef, 0xfe, 0xeb,
    0x60, 0xf, 0xf0, 0xa4, 0xe0, 0x7, 0x4e, 0x65,
    0x4a, 0x7, 0x40, 0x18, 0x8c, 0xe5, 0xa6, 0x5,
    0x20, 0xf, 0xea, 0x0, 0x38, 0x7, 0xf0, 0x80,
    0x7f, 0xf0, 0x14, 0x0, 0xc0, 0x1f, 0xb, 0xc0,
    0x19, 0x80, 0x2b, 0xff, 0xba, 0x0, 0x78, 0x3,
    0xfc, 0xde, 0x40, 0x1a, 0x33, 0x2d, 0xf9, 0x10,
    0xe, 0x33, 0xc4, 0x1, 0xff, 0xd3,

    /* U+00DF "ß" */
    0x0, 0x9f, 0x7f, 0xdb, 0x24, 0x1, 0x87, 0x60,
    0x80, 0x4, 0xda, 0x80, 0x15, 0x10, 0x25, 0x5b,
    0x0, 0x28, 0x40, 0x50, 0x12, 0xd5, 0x26, 0x0,
    0x5c, 0x8, 0x1, 0xc0, 0x19, 0x80, 0x1c, 0xe,
    0x0, 0x10, 0xc, 0x20, 0xf, 0x0, 0xfe, 0x50,
    0x2, 0x0, 0x7e, 0x4b, 0x6, 0x30, 0xf, 0x4f,
    0xd8, 0xcc, 0x80, 0x3f, 0xe9, 0xa1, 0x0, 0xf5,
    0xe5, 0xb0, 0x2e, 0x80, 0x78, 0x8d, 0x26, 0x40,
    0x6a, 0x1, 0xfc, 0xc0, 0xc, 0x0, 0xff, 0xe5,
    0x28, 0x3, 0x80, 0x38, 0x8d, 0x1e, 0x80, 0xc,
    0x1, 0xd1, 0x97, 0x0, 0xa, 0x10, 0xf, 0xc2,
    0xb8, 0xa0,

    /* U+00E0 "à" */
    0x0, 0xa3, 0xfc, 0x20, 0x1f, 0xa0, 0x81, 0x80,
    0x3f, 0xb8, 0x24, 0x3, 0xf8, 0xe9, 0xcc, 0x3,
    0xf9, 0x64, 0xc0, 0x3e, 0x4b, 0xef, 0xeb, 0x50,
    0xd, 0x36, 0x82, 0x2, 0x95, 0x0, 0x5, 0x60,
    0x4c, 0xec, 0x40, 0x73, 0x2, 0x21, 0xd9, 0x89,
    0xd0, 0x1, 0x1, 0xf7, 0x0, 0x30, 0x80, 0x3c,
    0x2, 0x15, 0x7a, 0xce, 0x0, 0x8, 0x2, 0xba,
    0xa1, 0x4c, 0xc0, 0x1a, 0x94, 0x12, 0x73, 0xf4,
    0x40, 0x25, 0x6, 0xb6, 0x30, 0x0, 0x80, 0x77,
    0x0, 0x65, 0x0, 0xc2, 0x12, 0x80, 0x2d, 0x40,
    0x1a, 0xc0, 0x6f, 0xfa, 0x54, 0x40, 0x25, 0xb4,
    0x0, 0x14, 0x50, 0x4,

    /* U+00E1 "á" */
    0x0, 0xf1, 0x7f, 0x9c, 0x3, 0xf5, 0x81, 0xb8,
    0x7, 0xc2, 0xc1, 0xc0, 0x1f, 0x95, 0xac, 0x80,
    0x3f, 0x24, 0xa0, 0x7, 0xc9, 0x7d, 0xfd, 0x6a,
    0x1, 0xa6, 0xd0, 0x40, 0x52, 0xa0, 0x0, 0xac,
    0x9, 0x9d, 0x88, 0xe, 0x60, 0x44, 0x3b, 0x31,
    0x3a, 0x0, 0x20, 0x3e, 0xe0, 0x6, 0x10, 0x7,
    0x80, 0x42, 0xaf, 0x59, 0xc0, 0x1, 0x0, 0x57,
    0x54, 0x29, 0x98, 0x3, 0x52, 0x82, 0x4e, 0x7e,
    0x88, 0x4, 0xa0, 0xd6, 0xc6, 0x0, 0x10, 0xe,
    0xe0, 0xc, 0xa0, 0x18, 0x42, 0x50, 0x5, 0xa8,
    0x3, 0x58, 0xd, 0xff, 0x4a, 0x88, 0x4, 0xb6,
    0x80, 0x2, 0x8a, 0x0, 0x80,

    /* U+00E2 "â" */
    0x0, 0xc5, 0xfe, 0xe1, 0x0, 0xf0, 0xe0, 0x30,
    0xe8, 0x7, 0xb4, 0x62, 0x58, 0xe8, 0x3, 0x14,
    0xd3, 0x84, 0xd7, 0x88, 0x4, 0x4a, 0xa0, 0x9,
    0x54, 0x20, 0x19, 0x2f, 0xbf, 0xad, 0x40, 0x34,
    0xda, 0x8, 0xa, 0x54, 0x0, 0x15, 0x81, 0x33,
    0xb1, 0x1, 0xcc, 0x8, 0x87, 0x66, 0x27, 0x40,
    0x4, 0x7, 0xdc, 0x0, 0xc2, 0x0, 0xf0, 0x8,
    0x55, 0xeb, 0x38, 0x0, 0x20, 0xa, 0xea, 0x85,
    0x33, 0x0, 0x6a, 0x50, 0x49, 0xcf, 0xd1, 0x0,
    0x94, 0x1a, 0xd8, 0xc0, 0x2, 0x1, 0xdc, 0x1,
    0x94, 0x3, 0x8, 0x4a, 0x0, 0xb5, 0x0, 0x6b,
    0x1, 0xbf, 0xe9, 0x51, 0x0, 0x96, 0xd0, 0x0,
    0x51, 0x40, 0x10,

    /* U+00E3 "ã" */
    0x0, 0x97, 0xfa, 0x6, 0xbc, 0x3, 0xa8, 0x49,
    0xf9, 0x50, 0x3, 0xa, 0xde, 0x61, 0x9e, 0x80,
    0x30, 0xd2, 0x81, 0xcc, 0x8, 0x7, 0xff, 0x15,
    0x2f, 0xbf, 0xad, 0x40, 0x34, 0xda, 0x8, 0xa,
    0x54, 0x0, 0x15, 0x81, 0x33, 0xb1, 0x1, 0xcc,
    0x8, 0x87, 0x66, 0x27, 0x40, 0x4, 0x7, 0xdc,
    0x0, 0xc2, 0x0, 0xf0, 0x8, 0x55, 0xeb, 0x38,
    0x0, 0x20, 0xa, 0xea, 0x85, 0x33, 0x0, 0x6a,
    0x50, 0x49, 0xcf, 0xd1, 0x0, 0x94, 0x1a, 0xd8,
    0xc0, 0x2, 0x1, 0xdc, 0x1, 0x94, 0x3, 0x8,
    0x4a, 0x0, 0xb5, 0x0, 0x6b, 0x1, 0xbf, 0xe9,
    0x51, 0x0, 0x96, 0xd0, 0x0, 0x51, 0x40, 0x10,

    /* U+00E4 "ä" */
    0x0, 0x1f, 0x69, 0x1, 0xf6, 0x90, 0x5, 0x62,
    0x4a, 0x16, 0x24, 0xa0, 0x15, 0x88, 0x94, 0x2c,
    0x44, 0xa0, 0x11, 0xf7, 0x8, 0xf, 0xb8, 0x40,
    0x1f, 0xfc, 0x44, 0xbe, 0xfe, 0xb5, 0x0, 0xd3,
    0x68, 0x20, 0x29, 0x50, 0x0, 0x56, 0x4, 0xce,
    0xc4, 0x7, 0x30, 0x22, 0x1d, 0x98, 0x9d, 0x0,
    0x10, 0x1f, 0x70, 0x3, 0x8, 0x3, 0xc0, 0x21,
    0x57, 0xac, 0xe0, 0x0, 0x80, 0x2b, 0xaa, 0x14,
    0xcc, 0x1, 0xa9, 0x41, 0x27, 0x3f, 0x44, 0x2,
    0x50, 0x6b, 0x63, 0x0, 0x8, 0x7, 0x70, 0x6,
    0x50, 0xc, 0x21, 0x28, 0x2, 0xd4, 0x1, 0xac,
    0x6, 0xff, 0xa5, 0x44, 0x2, 0x5b, 0x40, 0x1,
    0x45, 0x0, 0x40,

    /* U+00E5 "å" */
    0x0, 0xe5, 0x74, 0x0, 0xfd, 0x95, 0x17, 0x60,
    0xf, 0x31, 0xc7, 0xba, 0x20, 0x3, 0xb8, 0x14,
    0x30, 0x8, 0x3, 0xac, 0x3e, 0x28, 0x10, 0x3,
    0x8e, 0x81, 0xce, 0xc8, 0x3, 0xcb, 0xbf, 0xa8,
    0x1, 0xe4, 0xbe, 0xfe, 0xb5, 0x0, 0xd3, 0x68,
    0x20, 0x29, 0x50, 0x0, 0x56, 0x4, 0xce, 0xc4,
    0x7, 0x30, 0x22, 0x1d, 0x98, 0x9d, 0x0, 0x10,
    0x1f, 0x70, 0x3, 0x8, 0x3, 0xc0, 0x21, 0x57,
    0xac, 0xe0, 0x0, 0x80, 0x2b, 0xaa, 0x14, 0xcc,
    0x1, 0xa9, 0x41, 0x27, 0x3f, 0x44, 0x2, 0x50,
    0x6b, 0x63, 0x0, 0x8, 0x7, 0x70, 0x6, 0x50,
    0xc, 0x21, 0x28, 0x2, 0xd4, 0x1, 0xac, 0x6,
    0xff, 0xa5, 0x44, 0x2, 0x5b, 0x40, 0x1, 0x45,
    0x0, 0x40,

    /* U+00E6 "æ" */
    0x0, 0x92, 0xfb, 0xfa, 0x8c, 0x6, 0x37, 0xfd,
    0x8c, 0x1, 0xd3, 0x68, 0x20, 0x2b, 0x8d, 0xee,
    0x40, 0x3, 0x9b, 0x0, 0x95, 0x81, 0x2f, 0x70,
    0xc2, 0x44, 0xab, 0x71, 0xc1, 0x24, 0x0, 0x68,
    0x8b, 0x42, 0x3d, 0x0, 0xe, 0x29, 0x1c, 0x40,
    0x18, 0x41, 0xae, 0xc0, 0x18, 0x40, 0xc, 0x20,
    0x19, 0x80, 0x8, 0x1, 0x35, 0x6f, 0x74, 0x0,
    0x7e, 0xee, 0xf0, 0x6, 0x80, 0xec, 0xa9, 0x8,
    0xc0, 0x10, 0x8f, 0x80, 0x35, 0x10, 0x47, 0x7f,
    0xc0, 0x9, 0xff, 0xfd, 0x0, 0x80, 0xee, 0x10,
    0xe, 0xf0, 0xf, 0xfe, 0x7, 0x80, 0x65, 0x0,
    0x38, 0x80, 0x65, 0xfe, 0x30, 0x20, 0x94, 0x11,
    0x35, 0x0, 0x8b, 0x10, 0x44, 0xd4, 0x4, 0x61,
    0x20, 0x37, 0xdc, 0x90, 0x7d, 0x12, 0xbe, 0xe4,
    0x81, 0x70, 0x1, 0x31, 0x44, 0x5, 0x2e, 0xf,
    0xdc, 0x80, 0x7, 0x1a, 0x40,

    /* U+00E7 "ç" */
    0x0, 0x86, 0x37, 0xfd, 0x8e, 0x1, 0xc5, 0xee,
    0x40, 0x3, 0x8d, 0x10, 0xb, 0x4, 0x23, 0x30,
    0xe0, 0x54, 0x0, 0x71, 0xa, 0x73, 0x34, 0x40,
    0x10, 0xc2, 0x80, 0x94, 0x3, 0x34, 0xd9, 0x1,
    0x2, 0x0, 0x70, 0xb2, 0x8, 0x4, 0x20, 0x1f,
    0xfc, 0x1, 0x0, 0xff, 0x10, 0x20, 0x7, 0xb,
    0xa8, 0x85, 0x1, 0x28, 0x6, 0x68, 0xa2, 0x7,
    0x10, 0xa7, 0x33, 0x44, 0x1, 0xc, 0x1, 0x82,
    0x11, 0x98, 0x70, 0x2a, 0x0, 0x8b, 0xdc, 0x80,
    0x7, 0x1a, 0x20, 0x18, 0x63, 0x49, 0x71, 0xc0,
    0x3f, 0x89, 0x7d, 0x0, 0x3f, 0xbf, 0x43, 0xc0,
    0x3f, 0x12, 0x20, 0x4, 0x3, 0xf2, 0xdc, 0x9c,
    0x0, 0x40,

    /* U+00E8 "è" */
    0x0, 0x8f, 0xfc, 0xa0, 0x1f, 0xc6, 0xe1, 0x0,
    0x1f, 0xe8, 0x22, 0x28, 0x7, 0xfb, 0xd8, 0xc0,
    0x3f, 0xc5, 0x2c, 0x1, 0xf8, 0x63, 0x7f, 0xd8,
    0xc0, 0x1c, 0x5e, 0xe4, 0x0, 0x39, 0xc0, 0xd,
    0x82, 0x2a, 0xdd, 0x40, 0x1d, 0x0, 0x1c, 0x43,
    0x14, 0x88, 0xf2, 0xa, 0x41, 0x60, 0xa4, 0x1,
    0x98, 0x0, 0xa0, 0x60, 0xbd, 0xde, 0x0, 0x70,
    0x6, 0x11, 0xf0, 0x0, 0xc0, 0x28, 0xff, 0xfd,
    0x40, 0x41, 0xa0, 0x1f, 0xea, 0x5, 0x30, 0xc,
    0x9f, 0xc8, 0xe, 0x21, 0xac, 0x44, 0x6a, 0x3,
    0x40, 0x6, 0x88, 0xa7, 0x75, 0x22, 0x2f, 0x0,
    0x8f, 0xdc, 0x80, 0x4, 0xfe, 0x40,

    /* U+00E9 "é" */
    0x0, 0xfb, 0x3f, 0x0, 0x3f, 0x90, 0xc3, 0x80,
    0x3f, 0xbc, 0x24, 0x80, 0x3f, 0x9, 0x3b, 0x0,
    0x7f, 0xc, 0xc0, 0x7, 0xe1, 0x8d, 0xff, 0x63,
    0x0, 0x71, 0x7b, 0x90, 0x0, 0xe7, 0x0, 0x36,
    0x8, 0xab, 0x75, 0x0, 0x74, 0x0, 0x71, 0xc,
    0x52, 0x23, 0xc8, 0x29, 0x5, 0x82, 0x90, 0x6,
    0x60, 0x2, 0x81, 0x82, 0xf7, 0x78, 0x1, 0xc0,
    0x18, 0x47, 0xc0, 0x3, 0x0, 0xa3, 0xff, 0xf5,
    0x1, 0x6, 0x80, 0x7f, 0xa8, 0x14, 0xc0, 0x32,
    0x7f, 0x20, 0x38, 0x86, 0xb1, 0x11, 0xa8, 0xd,
    0x0, 0x1a, 0x22, 0x9d, 0xd4, 0x88, 0xbc, 0x2,
    0x3f, 0x72, 0x0, 0x13, 0xf9, 0x0,

    /* U+00EA "ê" */
    0x0, 0xeb, 0xff, 0x28, 0x7, 0xe9, 0x44, 0xd,
    0x18, 0x7, 0x9d, 0x8e, 0xe8, 0x34, 0x40, 0x38,
    0xab, 0x41, 0x2e, 0xc4, 0x1, 0xca, 0xa1, 0x0,
    0x22, 0x98, 0x7, 0xc, 0x6f, 0xfb, 0x18, 0x3,
    0x8b, 0xdc, 0x80, 0x7, 0x38, 0x1, 0xb0, 0x45,
    0x5b, 0xa8, 0x3, 0xa0, 0x3, 0x88, 0x62, 0x91,
    0x1e, 0x41, 0x48, 0x2c, 0x14, 0x80, 0x33, 0x0,
    0x14, 0xc, 0x17, 0xbb, 0xc0, 0xe, 0x0, 0xc2,
    0x3e, 0x0, 0x18, 0x5, 0x1f, 0xff, 0xa8, 0x8,
    0x34, 0x3, 0xfd, 0x40, 0xa6, 0x1, 0x93, 0xf9,
    0x1, 0xc4, 0x35, 0x88, 0x8d, 0x40, 0x68, 0x0,
    0xd1, 0x14, 0xee, 0xa4, 0x45, 0xe0, 0x11, 0xfb,
    0x90, 0x0, 0x9f, 0xc8, 0x0,

    /* U+00EB "ë" */
    0x0, 0xaf, 0xd8, 0x1, 0x7e, 0xc0, 0x18, 0xd0,
    0x28, 0xd, 0x2, 0x80, 0x31, 0x98, 0x28, 0xc,
    0xc1, 0x40, 0x1d, 0x9e, 0xc0, 0xc, 0xf6, 0x0,
    0xff, 0xe3, 0xc, 0x6f, 0xfb, 0x18, 0x3, 0x8b,
    0xdc, 0x80, 0x7, 0x38, 0x1, 0xb0, 0x45, 0x5b,
    0xa8, 0x3, 0xa0, 0x3, 0x88, 0x62, 0x91, 0x1e,
    0x41, 0x48, 0x2c, 0x14, 0x80, 0x33, 0x0, 0x14,
    0xc, 0x17, 0xbb, 0xc0, 0xe, 0x0, 0xc2, 0x3e,
    0x0, 0x18, 0x5, 0x1f, 0xff, 0xa8, 0x8, 0x34,
    0x3, 0xfd, 0x40, 0xa6, 0x1, 0x93, 0xf9, 0x1,
    0xc4, 0x35, 0x88, 0x8d, 0x40, 0x68, 0x0, 0xd1,
    0x14, 0xee, 0xa4, 0x45, 0xe0, 0x11, 0xfb, 0x90,
    0x0, 0x9f, 0xc8, 0x0,

    /* U+00EC "ì" */
    0x3f, 0xf3, 0x0, 0xd, 0xc2, 0xc0, 0x28, 0x32,
    0x50, 0xb, 0x98, 0xc0, 0x22, 0x96, 0x0, 0x9f,
    0xfc, 0x20, 0x1f, 0xff, 0xc0,

    /* U+00ED "í" */
    0x0, 0x67, 0xe0, 0x0, 0xcc, 0x1c, 0x0, 0x80,
    0x92, 0x0, 0x13, 0xb0, 0x5, 0x30, 0x1, 0x3f,
    0xf8, 0x40, 0x3f, 0xff, 0xc0,

    /* U+00EE "î" */
    0x0, 0xaf, 0xfc, 0xa0, 0x1a, 0x91, 0x46, 0x90,
    0x1, 0xa, 0x95, 0xa1, 0x66, 0x17, 0x96, 0x7,
    0xb8, 0x20, 0x66, 0x0, 0x88, 0xc8, 0x2, 0x7f,
    0xf0, 0x80, 0x7f, 0xff, 0xc0, 0x3f, 0xfa, 0xe0,

    /* U+00EF "ï" */
    0xb, 0xf6, 0x0, 0x5f, 0xb1, 0xa0, 0x58, 0x12,
    0x5, 0x99, 0x82, 0xc0, 0x90, 0x2c, 0x33, 0xd8,
    0x1, 0x7e, 0xc0, 0x1f, 0xfc, 0x7, 0xff, 0x8,
    0x7, 0xff, 0xfc, 0x3, 0xff, 0xae,

    /* U+00F0 "ð" */
    0x0, 0xc2, 0x1, 0xff, 0x1f, 0x48, 0x80, 0x9,
    0xc0, 0x39, 0xc9, 0xbd, 0xab, 0x64, 0x3, 0x93,
    0x54, 0x65, 0x63, 0x80, 0x38, 0xed, 0x44, 0x0,
    0x20, 0x1e, 0x45, 0x8e, 0xb0, 0x94, 0x0, 0xe6,
    0xe7, 0x4, 0x90, 0xa0, 0xe, 0x3a, 0xef, 0xc2,
    0x41, 0x70, 0x9, 0x35, 0x44, 0xe, 0xc8, 0x24,
    0x0, 0x34, 0x5, 0x9f, 0xea, 0x60, 0x14, 0x9,
    0x10, 0xf3, 0x0, 0x2c, 0x80, 0x30, 0x14, 0x10,
    0x80, 0x33, 0x0, 0x8, 0x8, 0xc, 0x3, 0xc8,
    0x2, 0x1, 0x78, 0x7, 0x84, 0x3, 0xbc, 0x3,
    0xc2, 0x2, 0x4, 0x8, 0x1, 0xe4, 0xd, 0xa,
    0x3, 0x40, 0xc, 0xe0, 0x5, 0x7, 0x10, 0xb6,
    0x23, 0x88, 0x3, 0x10, 0x3, 0x44, 0x27, 0x71,
    0xc1, 0x24, 0x2, 0x3f, 0x72, 0x0, 0x1c, 0xd8,
    0x0,

    /* U+00F1 "ñ" */
    0x0, 0xaf, 0xe8, 0x45, 0xf0, 0x1, 0x99, 0xd,
    0x7f, 0x43, 0x0, 0x37, 0x86, 0x6a, 0x9a, 0xa0,
    0x6, 0x9f, 0x2, 0xbf, 0xa0, 0xf, 0xfe, 0x1b,
    0xff, 0x81, 0x73, 0xfd, 0x66, 0x1, 0xcf, 0x46,
    0x0, 0x4c, 0x40, 0xd, 0x10, 0xee, 0x48, 0x2,
    0x40, 0x33, 0xb8, 0x44, 0xce, 0x4, 0x40, 0xa,
    0x80, 0x35, 0x80, 0x18, 0x2, 0x30, 0xf, 0x84,
    0x3, 0xff, 0xfe, 0x1, 0xfc,

    /* U+00F2 "ò" */
    0x0, 0x87, 0xfd, 0x0, 0x1f, 0xc3, 0x40, 0xc0,
    0x1f, 0xe5, 0x41, 0x70, 0xf, 0xf5, 0x30, 0x7,
    0xfc, 0x32, 0xe0, 0x1f, 0x86, 0x37, 0xfd, 0xae,
    0x1, 0xc5, 0xee, 0x40, 0x2, 0x8d, 0x20, 0xb,
    0x4, 0x1f, 0x30, 0xe0, 0x5e, 0x0, 0x71, 0xa,
    0x83, 0x34, 0x40, 0x9, 0x82, 0x80, 0x94, 0x3,
    0x38, 0x86, 0x81, 0x2, 0x0, 0x79, 0x1, 0x40,
    0x21, 0x0, 0xf1, 0x80, 0x80, 0x42, 0x1, 0xe3,
    0x1, 0x2, 0x4, 0x0, 0xf2, 0x2, 0x85, 0x1,
    0x28, 0x6, 0x71, 0xd, 0x7, 0x10, 0xa8, 0x33,
    0x44, 0x0, 0x98, 0x1, 0x82, 0xf, 0x98, 0x70,
    0x2f, 0x0, 0x8b, 0xdc, 0x80, 0x5, 0x1a, 0x40,

    /* U+00F3 "ó" */
    0x0, 0xfa, 0x7f, 0x80, 0x3f, 0x85, 0x82, 0x80,
    0x3f, 0xa0, 0x19, 0x0, 0x3f, 0x85, 0xe4, 0x3,
    0xfd, 0x10, 0x0, 0xfc, 0x31, 0xbf, 0xed, 0x70,
    0xe, 0x2f, 0x72, 0x0, 0x14, 0x69, 0x0, 0x58,
    0x20, 0xf9, 0x87, 0x2, 0xf0, 0x3, 0x88, 0x54,
    0x19, 0xa2, 0x0, 0x4c, 0x14, 0x4, 0xa0, 0x19,
    0xc4, 0x34, 0x8, 0x10, 0x3, 0xc8, 0xa, 0x1,
    0x8, 0x7, 0x8c, 0x4, 0x2, 0x10, 0xf, 0x18,
    0x8, 0x10, 0x20, 0x7, 0x90, 0x14, 0x28, 0x9,
    0x40, 0x33, 0x88, 0x68, 0x38, 0x85, 0x41, 0x9a,
    0x20, 0x4, 0xc0, 0xc, 0x10, 0x7c, 0xc3, 0x81,
    0x78, 0x4, 0x5e, 0xe4, 0x0, 0x28, 0xd2, 0x0,

    /* U+00F4 "ô" */
    0x0, 0xe9, 0xff, 0x38, 0x7, 0xe7, 0x63, 0x28,
    0x50, 0xf, 0x2c, 0xe, 0xf8, 0x51, 0x80, 0x7a,
    0xb0, 0x4b, 0x29, 0xc0, 0x39, 0x54, 0x40, 0x3,
    0x54, 0x0, 0xe1, 0x8d, 0xff, 0x6b, 0x80, 0x71,
    0x7b, 0x90, 0x0, 0xa3, 0x48, 0x2, 0xc1, 0x7,
    0xcc, 0x38, 0x17, 0x80, 0x1c, 0x42, 0xa0, 0xcd,
    0x10, 0x2, 0x60, 0xa0, 0x25, 0x0, 0xce, 0x21,
    0xa0, 0x40, 0x80, 0x1e, 0x40, 0x50, 0x8, 0x40,
    0x3c, 0x60, 0x20, 0x10, 0x80, 0x78, 0xc0, 0x40,
    0x81, 0x0, 0x3c, 0x80, 0xa1, 0x40, 0x4a, 0x1,
    0x9c, 0x43, 0x41, 0xc4, 0x2a, 0xc, 0xd1, 0x0,
    0x26, 0x0, 0x60, 0x83, 0xe6, 0x1c, 0xb, 0xc0,
    0x22, 0xf7, 0x20, 0x1, 0x46, 0x90, 0x0,

    /* U+00F5 "õ" */
    0x0, 0xd7, 0xf6, 0x85, 0xf0, 0x1, 0xce, 0x86,
    0xb7, 0xa1, 0x60, 0x1c, 0x2b, 0x9d, 0x2d, 0x46,
    0x1, 0xcd, 0x40, 0x6, 0x95, 0x0, 0xff, 0xe3,
    0x8c, 0x6f, 0xfb, 0x5c, 0x3, 0x8b, 0xdc, 0x80,
    0x5, 0x1a, 0x40, 0x16, 0x8, 0x3e, 0x61, 0xc0,
    0xbc, 0x0, 0xe2, 0x15, 0x6, 0x68, 0x80, 0x13,
    0x5, 0x1, 0x28, 0x6, 0x71, 0xd, 0x2, 0x4,
    0x0, 0xf2, 0x2, 0x80, 0x42, 0x1, 0xe3, 0x1,
    0x0, 0x84, 0x3, 0xc6, 0x2, 0x4, 0x8, 0x1,
    0xe4, 0x5, 0xa, 0x2, 0x50, 0xc, 0xe2, 0x1a,
    0xe, 0x21, 0x50, 0x66, 0x88, 0x1, 0x30, 0x3,
    0x4, 0x1f, 0x30, 0xe0, 0x5e, 0x1, 0x17, 0xb9,
    0x0, 0xa, 0x34, 0x80,

    /* U+00F6 "ö" */
    0x0, 0xa7, 0xe0, 0x1, 0x3f, 0x0, 0x1c, 0xc0,
    0xe0, 0x6, 0x7, 0x0, 0xe5, 0x7, 0x0, 0x30,
    0x38, 0x7, 0x57, 0xc0, 0x2, 0x7e, 0x0, 0x3f,
    0xf8, 0xc3, 0x1b, 0xfe, 0xd7, 0x0, 0xe2, 0xf7,
    0x20, 0x1, 0x46, 0x90, 0x5, 0x82, 0xf, 0x98,
    0x70, 0x2f, 0x0, 0x38, 0x85, 0x41, 0x9a, 0x20,
    0x4, 0xc1, 0x40, 0x4a, 0x1, 0x9c, 0x43, 0x40,
    0x81, 0x0, 0x3c, 0x80, 0xa0, 0x10, 0x80, 0x78,
    0xc0, 0x40, 0x21, 0x0, 0xf1, 0x80, 0x81, 0x2,
    0x0, 0x79, 0x1, 0x42, 0x80, 0x94, 0x3, 0x38,
    0x86, 0x83, 0x88, 0x54, 0x19, 0xa2, 0x0, 0x4c,
    0x0, 0xc1, 0x7, 0xcc, 0x38, 0x17, 0x80, 0x45,
    0xee, 0x40, 0x2, 0x8d, 0x20,

    /* U+00F7 "÷" */
    0x0, 0xcb, 0xf8, 0x20, 0x1f, 0xa0, 0xd, 0x80,
    0x3f, 0x38, 0x0, 0xc0, 0x3f, 0x55, 0x31, 0x0,
    0x3f, 0x94, 0xc0, 0x3b, 0x7f, 0xff, 0xce, 0x1,
    0xff, 0xc0, 0xeb, 0xbf, 0xf3, 0x1a, 0x27, 0xf8,
    0x40, 0x32, 0xfe, 0x8, 0x7, 0xe8, 0x3, 0x60,
    0xf, 0xce, 0x0, 0x30, 0xf, 0xd5, 0x4c, 0x40,
    0xc,

    /* U+00F8 "ø" */
    0x0, 0xff, 0x84, 0x3, 0x86, 0x37, 0xfd, 0xae,
    0x3b, 0x80, 0x11, 0x7b, 0x90, 0x0, 0xa3, 0x8d,
    0x0, 0x2c, 0x10, 0x7c, 0xc3, 0x80, 0x6, 0x0,
    0xe, 0x21, 0x50, 0x66, 0xe0, 0x0, 0xb0, 0x2,
    0x80, 0x94, 0x0, 0xb2, 0x42, 0x1a, 0x0, 0x20,
    0x40, 0x1, 0xd0, 0xfa, 0x2, 0x80, 0x61, 0x2,
    0xd0, 0xd2, 0x30, 0x10, 0xc, 0x22, 0xf1, 0xb3,
    0x3, 0x1, 0x0, 0x10, 0x26, 0x94, 0xa0, 0x1,
    0x1, 0x40, 0x14, 0x4, 0x6e, 0xc0, 0x7, 0x10,
    0xd0, 0x3, 0x80, 0x63, 0x34, 0x40, 0x9, 0x80,
    0xc, 0x1, 0x3e, 0x61, 0xc0, 0xbc, 0x0, 0x30,
    0x5a, 0xe4, 0x0, 0x28, 0xd2, 0x0, 0xe, 0x79,
    0x46, 0xff, 0xb5, 0xc0, 0x30,

    /* U+00F9 "ù" */
    0x0, 0xf, 0xfa, 0x0, 0x3f, 0xd, 0x3, 0x0,
    0x7f, 0x2a, 0xb, 0x80, 0x7f, 0x53, 0x0, 0x7f,
    0x86, 0x5c, 0x3, 0x9f, 0xfc, 0x20, 0x18, 0xff,
    0xca, 0x1, 0xff, 0xff, 0x0, 0xfe, 0x10, 0x1,
    0x80, 0x67, 0x0, 0x88, 0x0, 0xa0, 0x1b, 0xc0,
    0x24, 0x0, 0x44, 0x11, 0x6d, 0x0, 0x35, 0x0,
    0x1e, 0xe9, 0x20, 0x3, 0x2d, 0x98, 0x0, 0xed,
    0x80, 0x20,

    /* U+00FA "ú" */
    0x0, 0xf5, 0x7e, 0x80, 0x7e, 0x25, 0xe, 0x0,
    0xfd, 0x60, 0xc6, 0x1, 0xf8, 0x5e, 0x40, 0x3f,
    0xa2, 0x0, 0x1c, 0xff, 0xe1, 0x0, 0xc7, 0xfe,
    0x50, 0xf, 0xff, 0xf8, 0x7, 0xf0, 0x80, 0xc,
    0x3, 0x38, 0x4, 0x40, 0x5, 0x0, 0xde, 0x1,
    0x20, 0x2, 0x20, 0x8b, 0x68, 0x1, 0xa8, 0x0,
    0xf7, 0x49, 0x0, 0x19, 0x6c, 0xc0, 0x7, 0x6c,
    0x1, 0x0,

    /* U+00FB "û" */
    0x0, 0xd3, 0xfe, 0x70, 0xf, 0xa1, 0x90, 0xa1,
    0x80, 0x39, 0x9c, 0xab, 0x6, 0x50, 0x3, 0x2e,
    0x60, 0x45, 0xf8, 0xc0, 0x18, 0xcc, 0x20, 0x1,
    0x32, 0x0, 0x3f, 0xf8, 0x40, 0x31, 0xff, 0x94,
    0x3, 0xff, 0xfe, 0x1, 0xfc, 0x20, 0x3, 0x0,
    0xce, 0x1, 0x10, 0x1, 0x40, 0x37, 0x80, 0x48,
    0x0, 0x88, 0x22, 0xda, 0x0, 0x6a, 0x0, 0x3d,
    0xd2, 0x40, 0x6, 0x5b, 0x30, 0x1, 0xdb, 0x0,
    0x40,

    /* U+00FC "ü" */
    0x0, 0x57, 0xc0, 0x2, 0x7e, 0x0, 0x21, 0x50,
    0x70, 0x3, 0x3, 0x80, 0x42, 0xa0, 0xe0, 0x5,
    0x7, 0x0, 0xd5, 0xf0, 0x0, 0xaf, 0x80, 0xf,
    0xfe, 0x13, 0xff, 0x84, 0x3, 0x1f, 0xf9, 0x40,
    0x3f, 0xff, 0xe0, 0x1f, 0xc2, 0x0, 0x30, 0xc,
    0xe0, 0x11, 0x0, 0x14, 0x3, 0x78, 0x4, 0x80,
    0x8, 0x82, 0x2d, 0xa0, 0x6, 0xa0, 0x3, 0xdd,
    0x24, 0x0, 0x65, 0xb3, 0x0, 0x1d, 0xb0, 0x4,

    /* U+00FD "ý" */
    0x0, 0xf0, 0xff, 0xa0, 0x3, 0xfa, 0x40, 0xa0,
    0x3, 0xf9, 0xc3, 0xc0, 0x3f, 0x8d, 0xa8, 0x80,
    0x3f, 0x8e, 0x54, 0x3, 0x9b, 0xfc, 0x80, 0x1c,
    0x3f, 0xe9, 0x70, 0x7, 0x0, 0x73, 0x0, 0x28,
    0x54, 0x14, 0x3, 0xac, 0x8, 0xc3, 0x80, 0xa,
    0x1, 0x11, 0x85, 0x0, 0x10, 0x43, 0xc0, 0x2a,
    0x0, 0x30, 0x4, 0xc0, 0xa0, 0x12, 0x82, 0x8,
    0x5, 0x40, 0x5, 0x3, 0x20, 0xe0, 0xc, 0x46,
    0x1c, 0x16, 0x2, 0xa0, 0x1d, 0x40, 0x82, 0xa0,
    0xe0, 0x1e, 0x70, 0x4, 0x90, 0x58, 0x7, 0x85,
    0x41, 0xc0, 0xc8, 0x3, 0xee, 0x0, 0xa8, 0x3,
    0xf2, 0x8, 0x1, 0xc0, 0x3f, 0xe5, 0x10, 0xf,
    0xc8, 0x21, 0xc0, 0x1f, 0x1a, 0x48, 0xa, 0x0,
    0x79, 0x32, 0xc8, 0x28, 0x3, 0xe1, 0x0, 0x1d,
    0xa0, 0x7, 0x80,

    /* U+00FE "þ" */
    0x7f, 0xf0, 0x80, 0x7f, 0xfd, 0x53, 0x3f, 0xd8,
    0xa0, 0x1e, 0x7b, 0x30, 0x1, 0xd4, 0x80, 0x74,
    0xa5, 0xed, 0x10, 0x32, 0x80, 0x63, 0xb4, 0x25,
    0xc1, 0x8, 0x0, 0xd0, 0x1, 0x85, 0x80, 0x84,
    0x2, 0x40, 0xe, 0xc0, 0x2, 0x80, 0x7f, 0x38,
    0x0, 0x40, 0x3f, 0x9c, 0x0, 0x20, 0x12, 0x0,
    0x76, 0x0, 0x14, 0x2, 0x80, 0xc, 0x2c, 0x4,
    0x20, 0x11, 0xe2, 0x1a, 0xe0, 0x84, 0x0, 0x69,
    0x3b, 0xca, 0x20, 0x65, 0x0, 0xcf, 0x66, 0x0,
    0x3a, 0x90, 0xf, 0x26, 0x7f, 0xb1, 0x40, 0x3f,
    0xfd, 0x60,

    /* U+00FF "ÿ" */
    0x0, 0x16, 0xf1, 0x81, 0x6f, 0x18, 0x6, 0x52,
    0x1b, 0x5, 0x21, 0xb0, 0xc, 0xa2, 0x2b, 0x5,
    0x11, 0x58, 0x6, 0x2e, 0xe1, 0x81, 0x77, 0xc,
    0x3, 0xff, 0x86, 0xdf, 0xe4, 0x0, 0xe1, 0xff,
    0x4b, 0x80, 0x38, 0x3, 0x98, 0x1, 0x42, 0xa0,
    0xa0, 0x1d, 0x60, 0x46, 0x1c, 0x0, 0x50, 0x8,
    0x8c, 0x28, 0x0, 0x82, 0x1e, 0x1, 0x50, 0x1,
    0x80, 0x26, 0x5, 0x0, 0x94, 0x10, 0x40, 0x2a,
    0x0, 0x28, 0x19, 0x7, 0x0, 0x62, 0x30, 0xe0,
    0xb0, 0x15, 0x0, 0xea, 0x4, 0x15, 0x7, 0x0,
    0xf3, 0x80, 0x24, 0x82, 0xc0, 0x3c, 0x2a, 0xe,
    0x6, 0x40, 0x1f, 0x70, 0x5, 0x40, 0x1f, 0x90,
    0x40, 0xe, 0x1, 0xff, 0x28, 0x80, 0x7e, 0x41,
    0xe, 0x0, 0xf8, 0xd2, 0x40, 0x50, 0x3, 0xc9,
    0x96, 0x41, 0x40, 0x1f, 0x8, 0x0, 0xed, 0x0,
    0x3c
};


/*---------------------
 *  GLYPH DESCRIPTION
 *--------------------*/

static const lv_font_fmt_txt_glyph_dsc_t glyph_dsc[] = {
    {.bitmap_index = 0, .adv_w = 0, .box_w = 0, .box_h = 0, .ofs_x = 0, .ofs_y = 0} /* id = 0 reserved */,
    {.bitmap_index = 0, .adv_w = 96, .box_w = 0, .box_h = 0, .ofs_x = 0, .ofs_y = 0},
    {.bitmap_index = 0, .adv_w = 101, .box_w = 4, .box_h = 18, .ofs_x = 1, .ofs_y = 0},
    {.bitmap_index = 27, .adv_w = 175, .box_w = 7, .box_h = 7, .ofs_x = 2, .ofs_y = 11},
    {.bitmap_index = 50, .adv_w = 239, .box_w = 15, .box_h = 18, .ofs_x = 0, .ofs_y = 0},
    {.bitmap_index = 162, .adv_w = 244, .box_w = 14, .box_h = 24, .ofs_x = 1, .ofs_y = -3},
    {.bitmap_index = 293, .adv_w = 356, .box_w = 20, .box_h = 18, .ofs_x = 1, .ofs_y = 0},
    {.bitmap_index = 438, .adv_w = 244, .box_w = 16, .box_h = 18, .ofs_x = 0, .ofs_y = 0},
    {.bitmap_index = 561, .adv_w = 109, .box_w = 3, .box_h = 7, .ofs_x = 2, .ofs_y = 11},
    {.bitmap_index = 572, .adv_w = 129, .box_w = 7, .box_h = 22, .ofs_x = 1, .ofs_y = -3},
    {.bitmap_index = 635, .adv_w = 129, .box_w = 7, .box_h = 22, .ofs_x = 0, .ofs_y = -3},
    {.bitmap_index = 701, .adv_w = 194, .box_w = 10, .box_h = 10, .ofs_x = 1, .ofs_y = 8},
    {.bitmap_index = 749, .adv_w = 250, .box_w = 12, .box_h = 12, .ofs_x = 2, .ofs_y = 1},
    {.bitmap_index = 779, .adv_w = 101, .box_w = 4, .box_h = 7, .ofs_x = 1, .ofs_y = -4},
    {.bitmap_index = 794, .adv_w = 172, .box_w = 9, .box_h = 3, .ofs_x = 1, .ofs_y = 6},
    {.bitmap_index = 802, .adv_w = 101, .box_w = 4, .box_h = 4, .ofs_x = 1, .ofs_y = 0},
    {.bitmap_index = 811, .adv_w = 135, .box_w = 9, .box_h = 21, .ofs_x = 0, .ofs_y = -3},
    {.bitmap_index = 881, .adv_w = 244, .box_w = 14, .box_h = 18, .ofs_x = 1, .ofs_y = 0},
    {.bitmap_index = 989, .adv_w = 150, .box_w = 8, .box_h = 18, .ofs_x = 0, .ofs_y = 0},
    {.bitmap_index = 1018, .adv_w = 228, .box_w = 12, .box_h = 18, .ofs_x = 1, .ofs_y = 0},
    {.bitmap_index = 1106, .adv_w = 236, .box_w = 13, .box_h = 18, .ofs_x = 1, .ofs_y = 0},
    {.bitmap_index = 1207, .adv_w = 247, .box_w = 15, .box_h = 18, .ofs_x = 0, .ofs_y = 0},
    {.bitmap_index = 1283, .adv_w = 228, .box_w = 13, .box_h = 18, .ofs_x = 1, .ofs_y = 0},
    {.bitmap_index = 1379, .adv_w = 234, .box_w = 13, .box_h = 18, .ofs_x = 1, .ofs_y = 0},
    {.bitmap_index = 1488, .adv_w = 210, .box_w = 13, .box_h = 18, .ofs_x = 0, .ofs_y = 0},
    {.bitmap_index = 1561, .adv_w = 234, .box_w = 13, .box_h = 18, .ofs_x = 1, .ofs_y = 0},
    {.bitmap_index = 1668, .adv_w = 234, .box_w = 13, .box_h = 18, .ofs_x = 1, .ofs_y = 0},
    {.bitmap_index = 1777, .adv_w = 101, .box_w = 4, .box_h = 13, .ofs_x = 1, .ofs_y = 0},
    {.bitmap_index = 1798, .adv_w = 103, .box_w = 4, .box_h = 16, .ofs_x = 1, .ofs_y = -4},
    {.bitmap_index = 1825, .adv_w = 250, .box_w = 13, .box_h = 14, .ofs_x = 1, .ofs_y = 0},
    {.bitmap_index = 1894, .adv_w = 250, .box_w = 12, .box_h = 8, .ofs_x = 2, .ofs_y = 3},
    {.bitmap_index = 1919, .adv_w = 250, .box_w = 12, .box_h = 14, .ofs_x = 2, .ofs_y = 0},
    {.bitmap_index = 1986, .adv_w = 205, .box_w = 12, .box_h = 18, .ofs_x = 0, .ofs_y = 0},
    {.bitmap_index = 2071, .adv_w = 378, .box_w = 22, .box_h = 23, .ofs_x = 1, .ofs_y = -5},
    {.bitmap_index = 2291, .adv_w = 265, .box_w = 17, .box_h = 18, .ofs_x = 0, .ofs_y = 0},
    {.bitmap_index = 2405, .adv_w = 249, .box_w = 14, .box_h = 18, .ofs_x = 1, .ofs_y = 0},
    {.bitmap_index = 2492, .adv_w = 280, .box_w = 16, .box_h = 18, .ofs_x = 1, .ofs_y = 0},
    {.bitmap_index = 2604, .adv_w = 271, .box_w = 15, .box_h = 18, .ofs_x = 1, .ofs_y = 0},
    {.bitmap_index = 2690, .adv_w = 229, .box_w = 13, .box_h = 18, .ofs_x = 1, .ofs_y = 0},
    {.bitmap_index = 2732, .adv_w = 221, .box_w = 12, .box_h = 18, .ofs_x = 1, .ofs_y = 0},
    {.bitmap_index = 2763, .adv_w = 284, .box_w = 16, .box_h = 18, .ofs_x = 1, .ofs_y = 0},
    {.bitmap_index = 2882, .adv_w = 279, .box_w = 15, .box_h = 18, .ofs_x = 1, .ofs_y = 0},
    {.bitmap_index = 2912, .adv_w = 98, .box_w = 4, .box_h = 18, .ofs_x = 1, .ofs_y = 0},
    {.bitmap_index = 2918, .adv_w = 214, .box_w = 12, .box_h = 18, .ofs_x = 0, .ofs_y = 0},
    {.bitmap_index = 2964, .adv_w = 256, .box_w = 15, .box_h = 18, .ofs_x = 1, .ofs_y = 0},
    {.bitmap_index = 3055, .adv_w = 212, .box_w = 12, .box_h = 18, .ofs_x = 1, .ofs_y = 0},
    {.bitmap_index = 3077, .adv_w = 341, .box_w = 19, .box_h = 18, .ofs_x = 1, .ofs_y = 0},
    {.bitmap_index = 3193, .adv_w = 282, .box_w = 15, .box_h = 18, .ofs_x = 1, .ofs_y = 0},
    {.bitmap_index = 3272, .adv_w = 290, .box_w = 17, .box_h = 18, .ofs_x = 1, .ofs_y = 0},
    {.bitmap_index = 3393, .adv_w = 242, .box_w = 14, .box_h = 18, .ofs_x = 1, .ofs_y = 0},
    {.bitmap_index = 3458, .adv_w = 291, .box_w = 17, .box_h = 20, .ofs_x = 1, .ofs_y = -2},
    {.bitmap_index = 3596, .adv_w = 247, .box_w = 14, .box_h = 18, .ofs_x = 1, .ofs_y = 0},
    {.bitmap_index = 3680, .adv_w = 244, .box_w = 14, .box_h = 18, .ofs_x = 1, .ofs_y = 0},
    {.bitmap_index = 3792, .adv_w = 243, .box_w = 15, .box_h = 18, .ofs_x = 0, .ofs_y = 0},
    {.bitmap_index = 3820, .adv_w = 276, .box_w = 15, .box_h = 18, .ofs_x = 1, .ofs_y = 0},
    {.bitmap_index = 3877, .adv_w = 264, .box_w = 17, .box_h = 18, .ofs_x = 0, .ofs_y = 0},
    {.bitmap_index = 3996, .adv_w = 377, .box_w = 24, .box_h = 18, .ofs_x = 0, .ofs_y = 0},
    {.bitmap_index = 4182, .adv_w = 261, .box_w = 16, .box_h = 18, .ofs_x = 0, .ofs_y = 0},
    {.bitmap_index = 4298, .adv_w = 259, .box_w = 16, .box_h = 18, .ofs_x = 0, .ofs_y = 0},
    {.bitmap_index = 4378, .adv_w = 242, .box_w = 14, .box_h = 18, .ofs_x = 1, .ofs_y = 0},
    {.bitmap_index = 4457, .adv_w = 129, .box_w = 5, .box_h = 22, .ofs_x = 2, .ofs_y = -3},
    {.bitmap_index = 4475, .adv_w = 135, .box_w = 9, .box_h = 21, .ofs_x = 0, .ofs_y = -3},
    {.bitmap_index = 4544, .adv_w = 129, .box_w = 5, .box_h = 22, .ofs_x = 1, .ofs_y = -3},
    {.bitmap_index = 4562, .adv_w = 176, .box_w = 11, .box_h = 9, .ofs_x = 0, .ofs_y = 9},
    {.bitmap_index = 4604, .adv_w = 177, .box_w = 12, .box_h = 3, .ofs_x = 0, .ofs_y = -2},
    {.bitmap_index = 4613, .adv_w = 113, .box_w = 5, .box_h = 4, .ofs_x = 1, .ofs_y = 14},
    {.bitmap_index = 4624, .adv_w = 210, .box_w = 12, .box_h = 13, .ofs_x = 0, .ofs_y = 0},
    {.bitmap_index = 4698, .adv_w = 228, .box_w = 13, .box_h = 18, .ofs_x = 1, .ofs_y = 0},
    {.bitmap_index = 4773, .adv_w = 212, .box_w = 13, .box_h = 13, .ofs_x = 0, .ofs_y = 0},
    {.bitmap_index = 4848, .adv_w = 228, .box_w = 13, .box_h = 18, .ofs_x = 0, .ofs_y = 0},
    {.bitmap_index = 4924, .adv_w = 216, .box_w = 13, .box_h = 13, .ofs_x = 0, .ofs_y = 0},
    {.bitmap_index = 4999, .adv_w = 135, .box_w = 9, .box_h = 18, .ofs_x = 0, .ofs_y = 0},
    {.bitmap_index = 5038, .adv_w = 229, .box_w = 13, .box_h = 18, .ofs_x = 0, .ofs_y = -5},
    {.bitmap_index = 5141, .adv_w = 222, .box_w = 12, .box_h = 18, .ofs_x = 1, .ofs_y = 0},
    {.bitmap_index = 5182, .adv_w = 90, .box_w = 4, .box_h = 18, .ofs_x = 1, .ofs_y = 0},
    {.bitmap_index = 5197, .adv_w = 90, .box_w = 6, .box_h = 23, .ofs_x = -1, .ofs_y = -5},
    {.bitmap_index = 5228, .adv_w = 207, .box_w = 12, .box_h = 18, .ofs_x = 1, .ofs_y = 0},
    {.bitmap_index = 5290, .adv_w = 90, .box_w = 4, .box_h = 18, .ofs_x = 1, .ofs_y = 0},
    {.bitmap_index = 5296, .adv_w = 334, .box_w = 19, .box_h = 13, .ofs_x = 1, .ofs_y = 0},
    {.bitmap_index = 5352, .adv_w = 222, .box_w = 12, .box_h = 13, .ofs_x = 1, .ofs_y = 0},
    {.bitmap_index = 5390, .adv_w = 222, .box_w = 13, .box_h = 13, .ofs_x = 0, .ofs_y = 0},
    {.bitmap_index = 5467, .adv_w = 228, .box_w = 13, .box_h = 18, .ofs_x = 1, .ofs_y = -5},
    {.bitmap_index = 5545, .adv_w = 228, .box_w = 13, .box_h = 18, .ofs_x = 0, .ofs_y = -5},
    {.bitmap_index = 5624, .adv_w = 138, .box_w = 8, .box_h = 13, .ofs_x = 1, .ofs_y = 0},
    {.bitmap_index = 5647, .adv_w = 196, .box_w = 12, .box_h = 13, .ofs_x = 0, .ofs_y = 0},
    {.bitmap_index = 5723, .adv_w = 128, .box_w = 8, .box_h = 16, .ofs_x = 0, .ofs_y = 0},
    {.bitmap_index = 5757, .adv_w = 222, .box_w = 12, .box_h = 13, .ofs_x = 1, .ofs_y = 0},
    {.bitmap_index = 5796, .adv_w = 210, .box_w = 13, .box_h = 13, .ofs_x = 0, .ofs_y = 0},
    {.bitmap_index = 5869, .adv_w = 307, .box_w = 19, .box_h = 13, .ofs_x = 0, .ofs_y = 0},
    {.bitmap_index = 5984, .adv_w = 205, .box_w = 13, .box_h = 13, .ofs_x = 0, .ofs_y = 0},
    {.bitmap_index = 6058, .adv_w = 210, .box_w = 13, .box_h = 18, .ofs_x = 0, .ofs_y = -5},
    {.bitmap_index = 6152, .adv_w = 201, .box_w = 11, .box_h = 13, .ofs_x = 1, .ofs_y = 0},
    {.bitmap_index = 6203, .adv_w = 161, .box_w = 8, .box_h = 22, .ofs_x = 1, .ofs_y = -3},
    {.bitmap_index = 6268, .adv_w = 126, .box_w = 4, .box_h = 29, .ofs_x = 2, .ofs_y = -6},
    {.bitmap_index = 6277, .adv_w = 161, .box_w = 8, .box_h = 22, .ofs_x = 1, .ofs_y = -3},
    {.bitmap_index = 6340, .adv_w = 250, .box_w = 13, .box_h = 5, .ofs_x = 1, .ofs_y = 5},
    {.bitmap_index = 6373, .adv_w = 96, .box_w = 0, .box_h = 0, .ofs_x = 0, .ofs_y = 0},
    {.bitmap_index = 6373, .adv_w = 102, .box_w = 4, .box_h = 18, .ofs_x = 1, .ofs_y = -5},
    {.bitmap_index = 6401, .adv_w = 212, .box_w = 13, .box_h = 18, .ofs_x = 0, .ofs_y = 0},
    {.bitmap_index = 6487, .adv_w = 232, .box_w = 13, .box_h = 18, .ofs_x = 1, .ofs_y = 0},
    {.bitmap_index = 6574, .adv_w = 277, .box_w = 16, .box_h = 16, .ofs_x = 1, .ofs_y = 0},
    {.bitmap_index = 6685, .adv_w = 207, .box_w = 13, .box_h = 18, .ofs_x = 0, .ofs_y = 0},
    {.bitmap_index = 6777, .adv_w = 106, .box_w = 3, .box_h = 21, .ofs_x = 2, .ofs_y = -3},
    {.bitmap_index = 6792, .adv_w = 212, .box_w = 12, .box_h = 22, .ofs_x = 1, .ofs_y = -4},
    {.bitmap_index = 6917, .adv_w = 222, .box_w = 9, .box_h = 4, .ofs_x = 2, .ofs_y = 15},
    {.bitmap_index = 6933, .adv_w = 345, .box_w = 19, .box_h = 18, .ofs_x = 1, .ofs_y = 0},
    {.bitmap_index = 7090, .adv_w = 170, .box_w = 10, .box_h = 10, .ofs_x = 0, .ofs_y = 8},
    {.bitmap_index = 7141, .adv_w = 222, .box_w = 14, .box_h = 11, .ofs_x = 0, .ofs_y = 2},
    {.bitmap_index = 7211, .adv_w = 250, .box_w = 11, .box_h = 6, .ofs_x = 2, .ofs_y = 4},
    {.bitmap_index = 7226, .adv_w = 248, .box_w = 15, .box_h = 14, .ofs_x = 0, .ofs_y = 4},
    {.bitmap_index = 7326, .adv_w = 165, .box_w = 8, .box_h = 2, .ofs_x = 1, .ofs_y = 15},
    {.bitmap_index = 7332, .adv_w = 169, .box_w = 9, .box_h = 8, .ofs_x = 1, .ofs_y = 10},
    {.bitmap_index = 7367, .adv_w = 250, .box_w = 12, .box_h = 13, .ofs_x = 2, .ofs_y = 1},
    {.bitmap_index = 7413, .adv_w = 159, .box_w = 8, .box_h = 10, .ofs_x = 1, .ofs_y = 11},
    {.bitmap_index = 7454, .adv_w = 164, .box_w = 9, .box_h = 10, .ofs_x = 1, .ofs_y = 11},
    {.bitmap_index = 7499, .adv_w = 113, .box_w = 5, .box_h = 4, .ofs_x = 1, .ofs_y = 14},
    {.bitmap_index = 7510, .adv_w = 224, .box_w = 13, .box_h = 18, .ofs_x = 1, .ofs_y = -5},
    {.bitmap_index = 7557, .adv_w = 223, .box_w = 13, .box_h = 18, .ofs_x = 0, .ofs_y = 0},
    {.bitmap_index = 7613, .adv_w = 101, .box_w = 4, .box_h = 4, .ofs_x = 1, .ofs_y = 7},
    {.bitmap_index = 7622, .adv_w = 109, .box_w = 5, .box_h = 6, .ofs_x = 2, .ofs_y = -6},
    {.bitmap_index = 7637, .adv_w = 110, .box_w = 6, .box_h = 10, .ofs_x = 0, .ofs_y = 11},
    {.bitmap_index = 7654, .adv_w = 179, .box_w = 11, .box_h = 10, .ofs_x = 0, .ofs_y = 8},
    {.bitmap_index = 7706, .adv_w = 222, .box_w = 13, .box_h = 11, .ofs_x = 0, .ofs_y = 2},
    {.bitmap_index = 7775, .adv_w = 299, .box_w = 18, .box_h = 18, .ofs_x = 0, .ofs_y = 0},
    {.bitmap_index = 7896, .adv_w = 312, .box_w = 19, .box_h = 18, .ofs_x = 0, .ofs_y = 0},
    {.bitmap_index = 8027, .adv_w = 329, .box_w = 20, .box_h = 18, .ofs_x = 0, .ofs_y = 0},
    {.bitmap_index = 8175, .adv_w = 205, .box_w = 11, .box_h = 18, .ofs_x = 1, .ofs_y = -5},
    {.bitmap_index = 8252, .adv_w = 265, .box_w = 17, .box_h = 23, .ofs_x = 0, .ofs_y = 0},
    {.bitmap_index = 8391, .adv_w = 265, .box_w = 17, .box_h = 23, .ofs_x = 0, .ofs_y = 0},
    {.bitmap_index = 8531, .adv_w = 265, .box_w = 17, .box_h = 23, .ofs_x = 0, .ofs_y = 0},
    {.bitmap_index = 8674, .adv_w = 265, .box_w = 17, .box_h = 23, .ofs_x = 0, .ofs_y = 0},
    {.bitmap_index = 8812, .adv_w = 265, .box_w = 17, .box_h = 23, .ofs_x = 0, .ofs_y = 0},
    {.bitmap_index = 8952, .adv_w = 265, .box_w = 17, .box_h = 24, .ofs_x = 0, .ofs_y = 0},
    {.bitmap_index = 9100, .adv_w = 381, .box_w = 23, .box_h = 18, .ofs_x = 0, .ofs_y = 0},
    {.bitmap_index = 9215, .adv_w = 280, .box_w = 16, .box_h = 23, .ofs_x = 1, .ofs_y = -5},
    {.bitmap_index = 9352, .adv_w = 229, .box_w = 13, .box_h = 23, .ofs_x = 1, .ofs_y = 0},
    {.bitmap_index = 9414, .adv_w = 229, .box_w = 13, .box_h = 23, .ofs_x = 1, .ofs_y = 0},
    {.bitmap_index = 9476, .adv_w = 229, .box_w = 13, .box_h = 23, .ofs_x = 1, .ofs_y = 0},
    {.bitmap_index = 9544, .adv_w = 229, .box_w = 13, .box_h = 23, .ofs_x = 1, .ofs_y = 0},
    {.bitmap_index = 9613, .adv_w = 98, .box_w = 6, .box_h = 23, .ofs_x = -1, .ofs_y = 0},
    {.bitmap_index = 9636, .adv_w = 98, .box_w = 6, .box_h = 23, .ofs_x = 1, .ofs_y = 0},
    {.bitmap_index = 9661, .adv_w = 98, .box_w = 9, .box_h = 23, .ofs_x = -1, .ofs_y = 0},
    {.bitmap_index = 9695, .adv_w = 98, .box_w = 9, .box_h = 23, .ofs_x = -1, .ofs_y = 0},
    {.bitmap_index = 9726, .adv_w = 283, .box_w = 17, .box_h = 18, .ofs_x = 0, .ofs_y = 0},
    {.bitmap_index = 9835, .adv_w = 282, .box_w = 15, .box_h = 23, .ofs_x = 1, .ofs_y = 0},
    {.bitmap_index = 9939, .adv_w = 290, .box_w = 17, .box_h = 23, .ofs_x = 1, .ofs_y = 0},
    {.bitmap_index = 10084, .adv_w = 290, .box_w = 17, .box_h = 23, .ofs_x = 1, .ofs_y = 0},
    {.bitmap_index = 10229, .adv_w = 290, .box_w = 17, .box_h = 23, .ofs_x = 1, .ofs_y = 0},
    {.bitmap_index = 10379, .adv_w = 290, .box_w = 17, .box_h = 23, .ofs_x = 1, .ofs_y = 0},
    {.bitmap_index = 10525, .adv_w = 290, .box_w = 17, .box_h = 23, .ofs_x = 1, .ofs_y = 0},
    {.bitmap_index = 10672, .adv_w = 250, .box_w = 12, .box_h = 12, .ofs_x = 2, .ofs_y = 1},
    {.bitmap_index = 10739, .adv_w = 290, .box_w = 17, .box_h = 20, .ofs_x = 1, .ofs_y = -1},
    {.bitmap_index = 10892, .adv_w = 276, .box_w = 15, .box_h = 23, .ofs_x = 1, .ofs_y = 0},
    {.bitmap_index = 10972, .adv_w = 276, .box_w = 15, .box_h = 23, .ofs_x = 1, .ofs_y = 0},
    {.bitmap_index = 11050, .adv_w = 276, .box_w = 15, .box_h = 23, .ofs_x = 1, .ofs_y = 0},
    {.bitmap_index = 11135, .adv_w = 276, .box_w = 15, .box_h = 23, .ofs_x = 1, .ofs_y = 0},
    {.bitmap_index = 11219, .adv_w = 259, .box_w = 16, .box_h = 23, .ofs_x = 0, .ofs_y = 0},
    {.bitmap_index = 11324, .adv_w = 242, .box_w = 13, .box_h = 18, .ofs_x = 1, .ofs_y = 0},
    {.bitmap_index = 11386, .adv_w = 234, .box_w = 13, .box_h = 18, .ofs_x = 1, .ofs_y = 0},
    {.bitmap_index = 11476, .adv_w = 210, .box_w = 12, .box_h = 18, .ofs_x = 0, .ofs_y = 0},
    {.bitmap_index = 11568, .adv_w = 210, .box_w = 12, .box_h = 18, .ofs_x = 0, .ofs_y = 0},
    {.bitmap_index = 11661, .adv_w = 210, .box_w = 12, .box_h = 18, .ofs_x = 0, .ofs_y = 0},
    {.bitmap_index = 11760, .adv_w = 210, .box_w = 12, .box_h = 18, .ofs_x = 0, .ofs_y = 0},
    {.bitmap_index = 11856, .adv_w = 210, .box_w = 12, .box_h = 18, .ofs_x = 0, .ofs_y = 0},
    {.bitmap_index = 11955, .adv_w = 210, .box_w = 12, .box_h = 20, .ofs_x = 0, .ofs_y = 0},
    {.bitmap_index = 12061, .adv_w = 343, .box_w = 21, .box_h = 13, .ofs_x = 0, .ofs_y = 0},
    {.bitmap_index = 12186, .adv_w = 212, .box_w = 13, .box_h = 18, .ofs_x = 0, .ofs_y = -5},
    {.bitmap_index = 12284, .adv_w = 216, .box_w = 13, .box_h = 18, .ofs_x = 0, .ofs_y = 0},
    {.bitmap_index = 12378, .adv_w = 216, .box_w = 13, .box_h = 18, .ofs_x = 0, .ofs_y = 0},
    {.bitmap_index = 12472, .adv_w = 216, .box_w = 13, .box_h = 18, .ofs_x = 0, .ofs_y = 0},
    {.bitmap_index = 12573, .adv_w = 216, .box_w = 13, .box_h = 18, .ofs_x = 0, .ofs_y = 0},
    {.bitmap_index = 12673, .adv_w = 90, .box_w = 6, .box_h = 18, .ofs_x = -1, .ofs_y = 0},
    {.bitmap_index = 12694, .adv_w = 90, .box_w = 6, .box_h = 18, .ofs_x = 1, .ofs_y = 0},
    {.bitmap_index = 12715, .adv_w = 90, .box_w = 9, .box_h = 18, .ofs_x = -2, .ofs_y = 0},
    {.bitmap_index = 12747, .adv_w = 90, .box_w = 9, .box_h = 18, .ofs_x = -2, .ofs_y = 0},
    {.bitmap_index = 12777, .adv_w = 219, .box_w = 13, .box_h = 20, .ofs_x = 0, .ofs_y = 0},
    {.bitmap_index = 12890, .adv_w = 222, .box_w = 12, .box_h = 18, .ofs_x = 1, .ofs_y = 0},
    {.bitmap_index = 12951, .adv_w = 222, .box_w = 13, .box_h = 18, .ofs_x = 0, .ofs_y = 0},
    {.bitmap_index = 13047, .adv_w = 222, .box_w = 13, .box_h = 18, .ofs_x = 0, .ofs_y = 0},
    {.bitmap_index = 13143, .adv_w = 222, .box_w = 13, .box_h = 18, .ofs_x = 0, .ofs_y = 0},
    {.bitmap_index = 13246, .adv_w = 222, .box_w = 13, .box_h = 18, .ofs_x = 0, .ofs_y = 0},
    {.bitmap_index = 13346, .adv_w = 222, .box_w = 13, .box_h = 18, .ofs_x = 0, .ofs_y = 0},
    {.bitmap_index = 13447, .adv_w = 250, .box_w = 12, .box_h = 13, .ofs_x = 2, .ofs_y = 0},
    {.bitmap_index = 13496, .adv_w = 222, .box_w = 14, .box_h = 15, .ofs_x = 0, .ofs_y = -1},
    {.bitmap_index = 13597, .adv_w = 222, .box_w = 12, .box_h = 18, .ofs_x = 1, .ofs_y = 0},
    {.bitmap_index = 13655, .adv_w = 222, .box_w = 12, .box_h = 18, .ofs_x = 1, .ofs_y = 0},
    {.bitmap_index = 13713, .adv_w = 222, .box_w = 12, .box_h = 18, .ofs_x = 1, .ofs_y = 0},
    {.bitmap_index = 13778, .adv_w = 222, .box_w = 12, .box_h = 18, .ofs_x = 1, .ofs_y = 0},
    {.bitmap_index = 13842, .adv_w = 210, .box_w = 13, .box_h = 23, .ofs_x = 0, .ofs_y = -5},
    {.bitmap_index = 13957, .adv_w = 229, .box_w = 13, .box_h = 23, .ofs_x = 1, .ofs_y = -5},
    {.bitmap_index = 14039, .adv_w = 210, .box_w = 13, .box_h = 23, .ofs_x = 0, .ofs_y = -5}
};

/*---------------------
 *  CHARACTER MAPPING
 *--------------------*/



/*Collect the unicode lists and glyph_id offsets*/
static const lv_font_fmt_txt_cmap_t cmaps[] =
{
    {
        .range_start = 32, .range_length = 95, .glyph_id_start = 1,
        .unicode_list = NULL, .glyph_id_ofs_list = NULL, .list_length = 0, .type = LV_FONT_FMT_TXT_CMAP_FORMAT0_TINY
    },
    {
        .range_start = 160, .range_length = 13, .glyph_id_start = 96,
        .unicode_list = NULL, .glyph_id_ofs_list = NULL, .list_length = 0, .type = LV_FONT_FMT_TXT_CMAP_FORMAT0_TINY
    },
    {
        .range_start = 174, .range_length = 82, .glyph_id_start = 109,
        .unicode_list = NULL, .glyph_id_ofs_list = NULL, .list_length = 0, .type = LV_FONT_FMT_TXT_CMAP_FORMAT0_TINY
    }
};

/*-----------------
 *    KERNING
 *----------------*/


/*Pair left and right glyphs for kerning*/
static const uint8_t kern_pair_glyph_ids[] =
{
    3, 7,
    3, 13,
    3, 15,
    3, 21,
    3, 98,
    5, 24,
    7, 3,
    7, 8,
    7, 61,
    7, 109,
    8, 7,
    8, 13,
    8, 15,
    8, 21,
    8, 98,
    9, 93,
    9, 98,
    11, 7,
    11, 13,
    11, 15,
    11, 21,
    11, 33,
    11, 64,
    11, 105,
    12, 19,
    12, 20,
    12, 24,
    12, 61,
    12, 117,
    13, 1,
    13, 2,
    13, 3,
    13, 8,
    13, 17,
    13, 18,
    13, 19,
    13, 20,
    13, 22,
    13, 23,
    13, 24,
    13, 25,
    13, 26,
    13, 32,
    13, 33,
    13, 105,
    13, 117,
    14, 19,
    14, 20,
    14, 24,
    14, 61,
    14, 117,
    15, 1,
    15, 2,
    15, 3,
    15, 8,
    15, 17,
    15, 18,
    15, 19,
    15, 20,
    15, 22,
    15, 23,
    15, 24,
    15, 25,
    15, 26,
    15, 32,
    15, 33,
    15, 105,
    15, 117,
    16, 13,
    16, 15,
    16, 61,
    17, 13,
    17, 15,
    17, 24,
    17, 61,
    17, 64,
    18, 10,
    18, 62,
    18, 64,
    18, 94,
    19, 21,
    20, 11,
    20, 13,
    20, 15,
    20, 63,
    20, 107,
    20, 111,
    21, 11,
    21, 13,
    21, 15,
    21, 18,
    21, 24,
    21, 63,
    21, 109,
    21, 111,
    21, 117,
    22, 11,
    22, 13,
    22, 15,
    22, 18,
    22, 63,
    22, 109,
    22, 111,
    23, 13,
    23, 15,
    23, 64,
    24, 4,
    24, 6,
    24, 7,
    24, 11,
    24, 13,
    24, 15,
    24, 17,
    24, 20,
    24, 21,
    24, 22,
    24, 23,
    24, 24,
    24, 25,
    24, 26,
    24, 27,
    24, 28,
    24, 29,
    24, 63,
    24, 64,
    24, 98,
    24, 107,
    24, 111,
    25, 11,
    25, 13,
    25, 15,
    25, 63,
    25, 107,
    25, 111,
    26, 13,
    26, 15,
    26, 24,
    26, 61,
    26, 64,
    27, 61,
    28, 61,
    30, 61,
    31, 24,
    31, 61,
    33, 13,
    33, 15,
    33, 16,
    33, 61,
    33, 64,
    33, 109,
    60, 93,
    60, 98,
    61, 3,
    61, 5,
    61, 8,
    61, 11,
    61, 12,
    61, 14,
    61, 16,
    61, 17,
    61, 18,
    61, 23,
    61, 29,
    61, 30,
    61, 32,
    61, 33,
    61, 61,
    61, 63,
    61, 95,
    61, 98,
    61, 105,
    61, 107,
    61, 108,
    61, 109,
    61, 111,
    61, 112,
    61, 117,
    61, 118,
    61, 122,
    61, 150,
    61, 182,
    63, 7,
    63, 13,
    63, 15,
    63, 21,
    63, 33,
    63, 64,
    63, 105,
    64, 11,
    64, 17,
    64, 18,
    64, 20,
    64, 21,
    64, 22,
    64, 23,
    64, 25,
    64, 26,
    64, 33,
    64, 61,
    64, 63,
    64, 93,
    64, 105,
    64, 111,
    64, 117,
    92, 93,
    92, 98,
    93, 10,
    93, 62,
    93, 64,
    93, 94,
    95, 19,
    95, 20,
    95, 24,
    95, 61,
    95, 117,
    97, 61,
    98, 3,
    98, 8,
    98, 10,
    98, 18,
    98, 61,
    98, 62,
    98, 94,
    98, 109,
    105, 13,
    105, 15,
    105, 16,
    105, 61,
    105, 64,
    105, 109,
    109, 7,
    109, 21,
    109, 33,
    109, 98,
    109, 105,
    111, 7,
    111, 13,
    111, 15,
    111, 21,
    111, 33,
    111, 64,
    111, 105,
    112, 61,
    114, 114,
    116, 12,
    116, 14,
    116, 16,
    116, 29,
    116, 64,
    116, 95,
    116, 108,
    116, 118,
    116, 182,
    117, 10,
    117, 62,
    117, 64,
    117, 94,
    118, 19,
    118, 20,
    118, 24,
    118, 61,
    118, 117,
    122, 18,
    122, 19,
    122, 20,
    122, 24,
    122, 25,
    122, 61,
    126, 61,
    150, 61,
    182, 19,
    182, 20,
    182, 24,
    182, 61,
    182, 117
};

/* Kerning between the respective left and right glyphs
 * 4.4 format which needs to scaled with `kern_scale`*/
static const int8_t kern_pair_values[] =
{
    -13, -32, -32, -24, -12, -1, -13, -13,
    -24, -9, -13, -32, -32, -24, -12, 1,
    -4, -13, -52, -52, -17, -2, -26, -2,
    -11, -4, -9, -19, -5, -4, -1, -34,
    -34, -10, -37, 1, -7, -4, -10, -7,
    -6, -3, -45, -17, -17, -24, -11, -4,
    -9, -19, -5, -4, -1, -34, -34, -10,
    -37, 1, -7, -4, -10, -7, -6, -3,
    -45, -17, -17, -24, -15, -15, 1, -10,
    -10, -7, -9, -17, 1, 1, 1, 1,
    -6, -8, -8, -8, -8, -13, -8, -15,
    -13, -13, -14, -9, -15, -2, -15, -16,
    -4, -10, -10, -4, -4, -2, -4, -11,
    -11, -17, -22, 2, -17, 4, -48, -48,
    -6, -6, -22, -4, -6, 8, -5, -4,
    -13, -13, -35, 4, -61, -19, -24, 4,
    -8, -8, -8, -8, -13, -8, -10, -10,
    -7, -9, -17, -24, -24, -26, -28, -28,
    -17, -17, -15, -14, -15, -2, 1, -4,
    -30, -2, -30, -32, -13, -13, 7, -6,
    -25, -6, -5, -19, -24, -13, -20, -32,
    -13, -6, -13, -13, -13, -27, -32, -19,
    -20, -13, -13, -13, -13, -13, -52, -52,
    -17, -2, -26, -2, -26, -17, -41, -17,
    -22, -17, -17, -17, -17, -15, -30, -26,
    6, -15, -26, -17, 1, -4, 1, 1,
    1, 1, -11, -4, -9, -19, -5, -13,
    -12, -12, -4, -13, -25, -4, -4, -2,
    -17, -17, -15, -14, -15, -2, -13, -19,
    -2, -11, -2, -13, -52, -52, -17, -2,
    -26, -2, -26, 0, -15, -15, -13, -15,
    -13, -15, -13, -15, -15, 1, 1, 1,
    1, -11, -4, -9, -15, -5, -15, -19,
    -17, -19, -13, -24, -39, -15, -11, -4,
    -9, -19, -5
};

/*Collect the kern pair's data in one place*/
static const lv_font_fmt_txt_kern_pair_t kern_pairs =
{
    .glyph_ids = kern_pair_glyph_ids,
    .values = kern_pair_values,
    .pair_cnt = 275,
    .glyph_ids_size = 0
};

/*--------------------
 *  ALL CUSTOM DATA
 *--------------------*/

#if LVGL_VERSION_MAJOR == 8
/*Store all the custom data of the font*/
static  lv_font_fmt_txt_glyph_cache_t cache;
#endif

#if LVGL_VERSION_MAJOR >= 8
static const lv_font_fmt_txt_dsc_t font_dsc = {
#else
static lv_font_fmt_txt_dsc_t font_dsc = {
#endif
    .glyph_bitmap = glyph_bitmap,
    .glyph_dsc = glyph_dsc,
    .cmaps = cmaps,
    .kern_dsc = &kern_pairs,
    .kern_scale = 16,
    .cmap_num = 3,
    .bpp = 4,
    .kern_classes = 0,
    .bitmap_format = 1,
#if LVGL_VERSION_MAJOR == 8
    .cache = &cache
#endif

};



/*-----------------
 *  PUBLIC FONT
 *----------------*/

/*Initialize a public general font descriptor*/
#if LVGL_VERSION_MAJOR >= 8
const lv_font_t inter_24 = {
#else
lv_font_t inter_24 = {
#endif
    .get_glyph_dsc = lv_font_get_glyph_dsc_fmt_txt,    /*Function pointer to get glyph's data*/
    .get_glyph_bitmap = lv_font_get_bitmap_fmt_txt,    /*Function pointer to get glyph's bitmap*/
    .line_height = 30,          /*The maximum line height required by the font*/
    .base_line = 6,             /*Baseline measured from the bottom of the line*/
#if !(LVGL_VERSION_MAJOR == 6 && LVGL_VERSION_MINOR == 0)
    .subpx = LV_FONT_SUBPX_NONE,
#endif
#if LV_VERSION_CHECK(7, 4, 0) || LVGL_VERSION_MAJOR >= 8
    .underline_position = -3,
    .underline_thickness = 2,
#endif
    .static_bitmap = 0,
    .dsc = &font_dsc,          /*The custom font data. Will be accessed by `get_glyph_bitmap/dsc` */
#if LV_VERSION_CHECK(8, 2, 0) || LVGL_VERSION_MAJOR >= 9
    .fallback = NULL,
#endif
    .user_data = NULL,
};



#endif /*#if INTER_24*/
