/*******************************************************************************
 * Size: 28 px
 * Bpp: 4
 * Opts: --bpp 4 --size 28 --stride 1 --align 1 --font Inter_28pt-Bold.ttf --range 32-127,160-255 --format lvgl -o inter_28.c
 ******************************************************************************/

#ifdef __has_include
    #if __has_include("lvgl.h")
        #ifndef LV_LVGL_H_INCLUDE_SIMPLE
            #define LV_LVGL_H_INCLUDE_SIMPLE
        #endif
    #endif
#endif

#ifdef LV_LVGL_H_INCLUDE_SIMPLE
    #include "lvgl.h"
#else
    #include "lvgl/lvgl.h"
#endif



#ifndef INTER_28
#define INTER_28 1
#endif

#if INTER_28

/*-----------------
 *    BITMAPS
 *----------------*/

/*Store the image of the glyphs*/
static LV_ATTRIBUTE_LARGE_CONST const uint8_t glyph_bitmap[] = {
    /* U+0020 " " */

    /* U+0021 "!" */
    0x6f, 0xfb, 0x80, 0x38, 0xc0, 0xc0, 0x3f, 0x84,
    0x3, 0xe1, 0x0, 0xfe, 0x70, 0x70, 0xf, 0xfe,
    0x18, 0x80, 0x80, 0x7f, 0x18, 0x18, 0x7, 0xfc,
    0x35, 0x55, 0x80, 0x7, 0x34, 0xc1, 0x2d, 0x9e,
    0x83, 0x40, 0x24, 0xe, 0x0, 0x84, 0x1d, 0x40,
    0xb4, 0x0,

    /* U+0022 "\"" */
    0xdf, 0xf6, 0x81, 0x7f, 0xd0, 0x20, 0x1, 0x3,
    0x0, 0xce, 0x1, 0x84, 0x2, 0xf0, 0x9, 0xc0,
    0x38, 0x44, 0x0, 0x10, 0x0, 0x80, 0xc, 0xc0,
    0x3, 0x0, 0xe1, 0x10, 0x0, 0x40, 0x6, 0x1,
    0x78, 0x8b, 0xc0, 0xc, 0x22, 0x70,

    /* U+0023 "#" */
    0x0, 0xeb, 0xff, 0x28, 0x5, 0x1f, 0xe8, 0x0,
    0xf9, 0x40, 0xc, 0x1, 0x18, 0x3, 0x40, 0x3e,
    0x10, 0x1, 0x80, 0x4a, 0x0, 0x60, 0xf, 0x18,
    0x0, 0x80, 0x30, 0x80, 0xc, 0x3, 0x8, 0x90,
    0x0, 0xc2, 0x32, 0x0, 0x4, 0x60, 0x2, 0xf7,
    0x20, 0x0, 0x9d, 0xd5, 0x80, 0x7, 0xb8, 0xe1,
    0xa0, 0x1f, 0xfc, 0x32, 0x2, 0x0, 0xff, 0xe1,
    0xb8, 0x57, 0xf8, 0x2, 0xff, 0xc2, 0x0, 0xcf,
    0xf1, 0x0, 0x46, 0x0, 0x20, 0xc, 0x20, 0x3,
    0x0, 0xf2, 0x80, 0x18, 0x2, 0x30, 0x1, 0x0,
    0x70, 0x8b, 0xc0, 0x4, 0x23, 0x28, 0x1, 0x84,
    0x40, 0x8, 0xee, 0x30, 0x1, 0xbb, 0xa9, 0x0,
    0x27, 0x71, 0x40, 0xc0, 0x3f, 0xf8, 0x6e, 0xc,
    0x1, 0xff, 0xc3, 0x20, 0xdf, 0xc0, 0x1, 0x7f,
    0xdc, 0x1, 0x7f, 0xc0, 0x19, 0x40, 0xc, 0x1,
    0x10, 0x0, 0x80, 0x3e, 0xe0, 0x1, 0x80, 0x4a,
    0x0, 0x70, 0xf, 0x8c, 0x1, 0xa0, 0x17, 0x80,
    0x8, 0x3, 0xe5, 0x0, 0x30, 0x4, 0x40, 0xd,
    0x0, 0xe0,

    /* U+0024 "$" */
    0x0, 0xf9, 0xe0, 0xc0, 0x3f, 0xf8, 0x50, 0xe8,
    0x1, 0xff, 0xe1, 0x6b, 0xe0, 0x4, 0x63, 0x88,
    0x7, 0x97, 0xa5, 0x4, 0x2, 0x38, 0xe7, 0x0,
    0xcb, 0x42, 0x1, 0xfd, 0xe, 0x0, 0x1a, 0x0,
    0xc8, 0x0, 0x20, 0xd, 0x4, 0xe, 0x1, 0xae,
    0xc0, 0xa, 0xe2, 0x0, 0xa8, 0x38, 0x2, 0x44,
    0x0, 0x61, 0x90, 0x9, 0x0, 0x39, 0x80, 0x3c,
    0x97, 0x77, 0x86, 0x0, 0x45, 0x68, 0x1, 0xc8,
    0x91, 0x82, 0x20, 0x2, 0x4b, 0x0, 0x62, 0x0,
    0x7d, 0x6a, 0x1, 0xe4, 0xbf, 0xb4, 0x0, 0xea,
    0xc5, 0x10, 0xf, 0x25, 0xc8, 0x7, 0x1d, 0x76,
    0x80, 0x7c, 0xd0, 0x1, 0xf1, 0x0, 0x23, 0xc,
    0x2, 0x70, 0xaa, 0xc2, 0x1, 0xc7, 0x80, 0x18,
    0xd1, 0x56, 0x40, 0xf, 0xf9, 0xd0, 0x2, 0xb2,
    0x0, 0xe8, 0x0, 0xcb, 0x20, 0x10, 0xed, 0x80,
    0x2f, 0x5c, 0x2, 0x41, 0x37, 0x0, 0xc8, 0x0,
    0x32, 0x0, 0x86, 0x40, 0x11, 0x0, 0xf, 0xf1,
    0x61, 0x0, 0x4f, 0xd0, 0x82, 0x1, 0x13, 0x5e,
    0x90, 0x7, 0xb, 0xdf, 0x0, 0x23, 0x65, 0x0,
    0x3f, 0xfa, 0x10, 0xe8, 0x1, 0xf0,

    /* U+0025 "%" */
    0x0, 0xc, 0xf7, 0xf5, 0x10, 0x7, 0xe7, 0xff,
    0x38, 0x6, 0x1f, 0x61, 0x1, 0x5d, 0x30, 0xf,
    0x1c, 0x1, 0xb8, 0x6, 0xb1, 0x2, 0x73, 0x0,
    0x70, 0x7, 0xb8, 0x1, 0xc0, 0x1c, 0xa0, 0xc,
    0x8c, 0x20, 0x22, 0x0, 0x69, 0x20, 0x92, 0x0,
    0xc2, 0x0, 0x21, 0x0, 0x38, 0x0, 0x40, 0x24,
    0x60, 0x56, 0x0, 0xe1, 0x0, 0x18, 0x4, 0x20,
    0x1c, 0x34, 0x3, 0x60, 0x1f, 0x10, 0xb, 0x2,
    0x20, 0x0, 0x60, 0xb, 0x10, 0xa1, 0x0, 0xfa,
    0x0, 0x13, 0xf6, 0x0, 0x70, 0x3, 0x28, 0x32,
    0x0, 0x7e, 0x58, 0x0, 0xe6, 0x80, 0x29, 0x2,
    0x90, 0xf, 0xf3, 0xf4, 0xc4, 0xec, 0x80, 0x38,
    0x1, 0xc0, 0x3, 0x77, 0x28, 0x7, 0x85, 0x9d,
    0x88, 0x0, 0xe6, 0x10, 0x61, 0x79, 0x10, 0xad,
    0x30, 0xf, 0xf1, 0xc0, 0x1b, 0x85, 0x20, 0x6,
    0x2d, 0x10, 0xf, 0xee, 0x0, 0x70, 0x12, 0x80,
    0xef, 0xa0, 0xb, 0x0, 0x7e, 0x92, 0x9, 0x20,
    0x40, 0x3, 0x10, 0x40, 0x3, 0x0, 0x3e, 0x46,
    0x5, 0x60, 0x7, 0x0, 0x38, 0x0, 0x40, 0x7,
    0x0, 0xf0, 0xd0, 0xd, 0x80, 0x5e, 0x1, 0xff,
    0xc3, 0xb1, 0xa, 0x10, 0x8, 0x80, 0x1a, 0x0,
    0x70, 0x3, 0x0, 0x73, 0x28, 0x32, 0x0, 0x65,
    0x10, 0x4b, 0x99, 0x0, 0x38, 0x3, 0x14, 0x81,
    0x48, 0x7, 0xa8, 0x0, 0x8c, 0x0, 0x64, 0x0,
    0xdc, 0x0, 0xe0, 0xf, 0x93, 0x10, 0x0, 0x53,
    0x20,

    /* U+0026 "&" */
    0x0, 0xe7, 0xcf, 0xf6, 0xc8, 0x80, 0x7f, 0x87,
    0x60, 0xc0, 0x4, 0xde, 0x60, 0x1f, 0xd4, 0x40,
    0x1e, 0x1e, 0x0, 0xfc, 0x48, 0x0, 0x19, 0xa4,
    0x0, 0x12, 0x0, 0x7c, 0xe0, 0x15, 0x32, 0xd8,
    0x4, 0x40, 0x1f, 0xf3, 0x80, 0x4, 0x2, 0x20,
    0xf, 0x9c, 0x2, 0xb0, 0x5, 0x0, 0x5, 0x0,
    0x3e, 0x24, 0x0, 0x3b, 0xb9, 0x0, 0x14, 0x1,
    0xfd, 0x20, 0x14, 0x8, 0xd, 0xa0, 0x7, 0xf1,
    0x28, 0x6, 0x3f, 0x40, 0xf, 0xf5, 0x28, 0x7,
    0x8, 0x0, 0xfb, 0xa2, 0x0, 0xb1, 0x40, 0x38,
    0xec, 0x0, 0xc2, 0x31, 0x80, 0x24, 0xc0, 0xb,
    0xe8, 0x0, 0x4a, 0xf, 0x0, 0x84, 0x0, 0xc0,
    0x1, 0xa0, 0xb3, 0x0, 0x2d, 0x28, 0x1, 0x0,
    0x4, 0x1, 0x18, 0x5, 0xa4, 0x0, 0x50, 0xb,
    0x80, 0x4, 0x1, 0x12, 0x0, 0x7, 0xc4, 0x3,
    0x12, 0x80, 0x46, 0x1, 0x5c, 0x22, 0xd8, 0x80,
    0x6b, 0x0, 0xde, 0x1, 0x9e, 0xe9, 0x80, 0x3a,
    0x4c, 0x2, 0x3b, 0x10, 0xf, 0xca, 0x1, 0x69,
    0x0, 0x49, 0xf0, 0x62, 0x0, 0x37, 0xda, 0xa0,
    0x0, 0x7c, 0x40,

    /* U+0027 "'" */
    0xdf, 0xf6, 0x88, 0x0, 0x5c, 0x3, 0xce, 0x20,
    0x1, 0x30, 0x1, 0x88, 0x0, 0x7c, 0x45, 0xe0,

    /* U+0028 "(" */
    0x0, 0xd1, 0x13, 0x0, 0x50, 0xef, 0x8, 0x4,
    0xc0, 0x13, 0x0, 0x14, 0x40, 0x8, 0x20, 0xe,
    0x0, 0xb4, 0x2, 0x40, 0x9, 0xc0, 0x8, 0x1,
    0x10, 0x80, 0x30, 0x2, 0x40, 0x8, 0xc0, 0x2f,
    0x0, 0x98, 0x2, 0x50, 0x8, 0x80, 0x22, 0x0,
    0x8, 0x6, 0x10, 0x1, 0x80, 0x42, 0x1, 0x8,
    0x7, 0xc2, 0x1, 0xff, 0x8, 0x4, 0x40, 0x1f,
    0x84, 0x2, 0x30, 0x8, 0x80, 0x25, 0x0, 0x90,
    0x2, 0xf0, 0xb, 0x0, 0x27, 0x0, 0x90, 0x2,
    0x12, 0x0, 0x98, 0x2, 0xa0, 0xa, 0x80, 0x26,
    0x0, 0x8d, 0x0, 0x2, 0x80, 0x14, 0x0, 0x5e,

    /* U+0029 ")" */
    0x28, 0x89, 0x40, 0x22, 0x67, 0x75, 0x8, 0x5,
    0x20, 0x14, 0x80, 0x4a, 0x1, 0x30, 0x4, 0x44,
    0x0, 0xa, 0x0, 0x4a, 0x1, 0x68, 0x5, 0x80,
    0x12, 0x0, 0x48, 0x1, 0x10, 0x80, 0x44, 0x1,
    0x28, 0x4, 0xe0, 0x11, 0x80, 0x44, 0x1, 0x70,
    0x5, 0xc0, 0x11, 0x80, 0x46, 0x1, 0x8, 0x7,
    0xce, 0x1, 0xff, 0x18, 0x4, 0xe0, 0x10, 0x80,
    0x42, 0x1, 0x68, 0x5, 0xa0, 0x13, 0x80, 0x44,
    0x1, 0x10, 0x4, 0x80, 0x5, 0x0, 0x88, 0x40,
    0x1e, 0x1, 0x28, 0x4, 0x80, 0x15, 0x0, 0x14,
    0x40, 0x6, 0x40, 0xe, 0x0, 0xa4, 0x0, 0x48,
    0x0, 0x35, 0x0, 0x0,

    /* U+002A "*" */
    0x0, 0xeb, 0xfd, 0x0, 0xf8, 0x40, 0x2, 0x2,
    0x0, 0x10, 0x8, 0xf9, 0x80, 0xc1, 0xc1, 0x7d,
    0x40, 0x1e, 0x13, 0x86, 0x0, 0xaa, 0xc, 0x0,
    0x24, 0xc0, 0xd4, 0x11, 0x40, 0xac, 0x0, 0xb9,
    0x62, 0x1, 0xab, 0x58, 0x2, 0x48, 0x10, 0xd,
    0xa, 0x1, 0x5d, 0x8c, 0x4, 0x4, 0xa, 0xb4,
    0x1, 0x80, 0x36, 0xc0, 0x98, 0x40, 0x80, 0x7,
    0x77, 0x20, 0x80, 0x9e, 0xc4, 0x0, 0x28, 0x0,
    0x18, 0x38, 0x1, 0xc4, 0x3, 0xde, 0xf4, 0x1,
    0xc0,

    /* U+002B "+" */
    0x0, 0xe7, 0xff, 0x80, 0x3f, 0xfe, 0xc6, 0x89,
    0xb4, 0x2, 0x44, 0xe1, 0xfb, 0xbc, 0xa0, 0x15,
    0xdf, 0x28, 0x7, 0xff, 0x4b, 0x3f, 0xf4, 0x0,
    0x5f, 0xfc, 0x80, 0x1f, 0xff, 0x0,

    /* U+002C "," */
    0x1, 0xdd, 0xa4, 0x14, 0x8a, 0xe0, 0x20, 0x9,
    0x3, 0x80, 0x2, 0x60, 0x40, 0x4, 0x0, 0x30,
    0x3, 0xc0, 0x6, 0x0, 0x40, 0x10, 0x1, 0x8,
    0x0,

    /* U+002D "-" */
    0x14, 0x4f, 0xc6, 0x97, 0x7f, 0xb4, 0x3, 0xff,
    0x90,

    /* U+002E "." */
    0x5, 0xa8, 0x0, 0x25, 0x2b, 0xd8, 0x68, 0x4,
    0x81, 0xc0, 0x11, 0x3, 0xa8, 0x17, 0x0,

    /* U+002F "/" */
    0x0, 0xf1, 0xc4, 0x42, 0x1, 0xea, 0x77, 0x84,
    0x3, 0xc8, 0x0, 0x50, 0xf, 0x9, 0x0, 0x30,
    0x3, 0xce, 0x1, 0x20, 0x7, 0xb0, 0x0, 0x24,
    0x1, 0xe4, 0x0, 0x38, 0x7, 0x8c, 0x40, 0x18,
    0x1, 0xe4, 0x0, 0x90, 0x3, 0xd8, 0x0, 0x31,
    0x0, 0xf2, 0x0, 0x10, 0x3, 0xc8, 0x1, 0x60,
    0x7, 0xb0, 0x2, 0x40, 0xf, 0x20, 0x1, 0x0,
    0x3c, 0x26, 0x0, 0xc0, 0xf, 0x20, 0x4, 0x80,
    0x1e, 0xc0, 0x0, 0x98, 0x7, 0x90, 0x0, 0x80,
    0x1e, 0x22, 0x0, 0x30, 0x3, 0xc8, 0x1, 0x20,
    0x7, 0xb0, 0x0, 0x44, 0x0, 0xf2, 0x0, 0x10,
    0x3, 0xc6, 0x20, 0xc, 0x0, 0xf2, 0x0, 0x48,
    0x1, 0xec, 0x0, 0x18, 0x80, 0x78,

    /* U+0030 "0" */
    0x0, 0xe3, 0x9d, 0xff, 0x75, 0xa8, 0x7, 0xf4,
    0xe3, 0x10, 0x0, 0x52, 0xb4, 0x80, 0x3d, 0x4c,
    0x1, 0xf8, 0xb0, 0x80, 0x33, 0x28, 0x4, 0x51,
    0x2a, 0x1, 0xf, 0x0, 0x68, 0x0, 0x97, 0x5d,
    0xaa, 0xc0, 0x23, 0x50, 0x2, 0x88, 0x0, 0x68,
    0x3, 0x23, 0x80, 0x5c, 0x0, 0xf0, 0xa, 0x40,
    0x3d, 0x40, 0x12, 0x0, 0x1c, 0x2, 0x40, 0xf,
    0x11, 0x0, 0x23, 0x2, 0x0, 0x88, 0x3, 0xe6,
    0x0, 0x98, 0x3, 0x84, 0x3, 0xe1, 0x0, 0x8c,
    0x3, 0xff, 0x96, 0x20, 0x1f, 0x8, 0x4, 0x60,
    0x40, 0x11, 0x0, 0x7c, 0xc0, 0x13, 0x3, 0x80,
    0x48, 0x1, 0xe2, 0x20, 0x4, 0x61, 0xe0, 0x14,
    0x80, 0x7a, 0x80, 0x24, 0x0, 0x28, 0x80, 0x6,
    0x80, 0x32, 0x38, 0x5, 0xc0, 0x14, 0x0, 0x4b,
    0xae, 0xd5, 0x60, 0x11, 0xa8, 0x4, 0xca, 0x1,
    0x14, 0x4a, 0x80, 0x43, 0xc0, 0x1d, 0x4c, 0x1,
    0xf8, 0xb0, 0x80, 0x3d, 0x38, 0xc4, 0x0, 0x14,
    0xad, 0x20, 0x8,

    /* U+0031 "1" */
    0x0, 0xc9, 0xdf, 0xf4, 0x80, 0x6, 0xac, 0x40,
    0x39, 0x7d, 0x40, 0x3c, 0x94, 0x20, 0x1f, 0xe1,
    0x98, 0x0, 0xf2, 0xfb, 0x0, 0x73, 0xdd, 0x8,
    0x7, 0x8d, 0x0, 0x3f, 0xff, 0xe0, 0x1f, 0xfe,
    0x90,

    /* U+0032 "2" */
    0x0, 0x86, 0x33, 0xfe, 0xc8, 0x10, 0xe, 0x6e,
    0x73, 0x0, 0x8d, 0xf9, 0xc0, 0x26, 0x90, 0xf,
    0xe8, 0x70, 0x19, 0x0, 0x8a, 0x25, 0xc4, 0x2,
    0x81, 0x60, 0x8, 0xf5, 0xda, 0x3c, 0x80, 0x26,
    0xc0, 0xa, 0x0, 0x30, 0xd8, 0x5, 0xcc, 0x1,
    0x20, 0x7, 0x18, 0x4, 0x7b, 0xff, 0x0, 0x7b,
    0x40, 0x2d, 0x0, 0xfe, 0x27, 0x0, 0x98, 0x3,
    0xf0, 0xf8, 0x4, 0xe2, 0x1, 0xf1, 0x79, 0x0,
    0x12, 0x0, 0x3e, 0x4d, 0x10, 0x2, 0x58, 0x7,
    0xcf, 0x60, 0x12, 0xd8, 0x7, 0xd5, 0x0, 0x13,
    0xd0, 0x7, 0x87, 0x14, 0x2, 0x98, 0x0, 0xf1,
    0xf9, 0x80, 0x6, 0xd8, 0x3, 0xcb, 0x82, 0x1,
    0x39, 0xbb, 0xf9, 0x64, 0x3, 0x9a, 0x23, 0xe9,
    0x0, 0xff, 0xe9, 0x0,

    /* U+0033 "3" */
    0x0, 0x85, 0xef, 0xbf, 0xdb, 0x48, 0x1, 0xe5,
    0xe8, 0x41, 0x0, 0x12, 0xde, 0x8, 0x4, 0xb4,
    0x1, 0xfc, 0x7e, 0x20, 0xb, 0x0, 0x8a, 0x6e,
    0x98, 0x2, 0x19, 0x5, 0x10, 0x1, 0x6b, 0x22,
    0xcc, 0x80, 0x25, 0x3, 0x22, 0xac, 0x3, 0x9c,
    0x2, 0x30, 0x6d, 0xd9, 0x80, 0x39, 0x40, 0x24,
    0x0, 0xf8, 0x44, 0x6f, 0x60, 0x14, 0x0, 0x79,
    0xbb, 0x99, 0x0, 0x4, 0xd2, 0x0, 0xff, 0xe0,
    0x27, 0x10, 0x7, 0xff, 0x5, 0x2b, 0x4, 0x3,
    0xcd, 0xfe, 0xea, 0x10, 0x1, 0xe8, 0x7, 0xf0,
    0xaf, 0x80, 0x46, 0x95, 0x77, 0x8, 0x7, 0xa,
    0x80, 0x58, 0xe8, 0x98, 0x3, 0xcc, 0x1, 0x90,
    0x2, 0x81, 0x0, 0xc8, 0x60, 0x16, 0xd8, 0x4,
    0x5f, 0xa, 0xd5, 0x60, 0x10, 0xa9, 0x48, 0x4,
    0x2f, 0x52, 0xa0, 0x1a, 0x80, 0xd, 0x20, 0x1f,
    0xc5, 0x88, 0x1, 0x37, 0x41, 0x88, 0x0, 0x96,
    0xb4, 0xc0, 0x0,

    /* U+0034 "4" */
    0x0, 0xfe, 0x8f, 0xfe, 0x0, 0xff, 0x91, 0xc0,
    0x3f, 0xf8, 0x94, 0x1, 0xff, 0xc4, 0xa1, 0x0,
    0xff, 0xe1, 0xaa, 0x80, 0x8, 0x1, 0xff, 0xc0,
    0x1b, 0x0, 0xd, 0x0, 0x7f, 0xf0, 0x28, 0x40,
    0x16, 0x20, 0x1f, 0xf3, 0x20, 0x1, 0x54, 0x1,
    0xff, 0x14, 0x80, 0x6, 0x80, 0x3f, 0xf8, 0x1c,
    0x1, 0x50, 0x7, 0xff, 0x1, 0xcc, 0x0, 0xe8,
    0x1, 0xff, 0x1c, 0x0, 0xa, 0x0, 0x3f, 0xf8,
    0x1c, 0x1, 0x52, 0xaf, 0x0, 0x65, 0x51, 0x89,
    0x0, 0x51, 0x55, 0xc0, 0x1a, 0xaa, 0x0, 0xff,
    0xec, 0xf, 0xff, 0xf8, 0x3, 0x7f, 0xa4, 0x3,
    0xff, 0xd4,

    /* U+0035 "5" */
    0x1, 0xff, 0xff, 0xe0, 0x68, 0x0, 0xc0, 0x3f,
    0xf8, 0x62, 0x1, 0xff, 0xc3, 0x70, 0x9, 0x26,
    0x7f, 0x40, 0x0, 0x40, 0x2c, 0x66, 0xfc, 0xa0,
    0x3, 0x0, 0x84, 0x3, 0xfe, 0x10, 0x8, 0x96,
    0xff, 0xdd, 0x46, 0x1, 0xbc, 0x2, 0x8a, 0x40,
    0x0, 0xae, 0x40, 0x4, 0x20, 0x11, 0x80, 0x7c,
    0xf0, 0x0, 0x30, 0xc, 0xd7, 0x94, 0x60, 0x13,
    0x90, 0x8, 0x5, 0x32, 0x43, 0x5c, 0x30, 0xa,
    0xc2, 0xff, 0xe6, 0x0, 0xe8, 0x0, 0x90, 0x3,
    0xfe, 0x40, 0x8, 0x81, 0xde, 0x60, 0xf, 0xfe,
    0x4, 0x45, 0x22, 0x1, 0xc8, 0x1, 0x18, 0x20,
    0x5, 0x60, 0x1d, 0x20, 0x12, 0x7, 0x80, 0x4b,
    0xac, 0xaf, 0xa4, 0x1, 0x48, 0x23, 0x80, 0x45,
    0x35, 0x4, 0x1, 0x50, 0x80, 0x22, 0x0, 0x1f,
    0x86, 0x94, 0x3, 0x3e, 0xb9, 0x80, 0x4, 0xe3,
    0xd4, 0x0,

    /* U+0036 "6" */
    0x0, 0xe3, 0x9d, 0xff, 0x75, 0xb0, 0x7, 0xe9,
    0xc6, 0x20, 0x0, 0xa4, 0xf2, 0x0, 0x75, 0x30,
    0x7, 0xe1, 0xb3, 0x0, 0x95, 0x40, 0x13, 0x4d,
    0x38, 0x80, 0x5c, 0x1, 0x58, 0x5, 0x92, 0xcb,
    0x1e, 0x20, 0x2, 0x30, 0x41, 0x0, 0x41, 0x80,
    0x61, 0xee, 0xc6, 0x1a, 0x1, 0x29, 0x4e, 0xff,
    0xb1, 0xc4, 0x60, 0x2, 0x80, 0x4d, 0xac, 0x40,
    0x3, 0x8e, 0x30, 0x8, 0xc0, 0x2b, 0x0, 0xf8,
    0x70, 0x80, 0x3f, 0x3e, 0x62, 0x0, 0x34, 0x80,
    0x7d, 0x70, 0x66, 0x7b, 0x0, 0x90, 0x80, 0x39,
    0x10, 0x1, 0x91, 0x0, 0x12, 0x0, 0x80, 0x58,
    0x1, 0xe3, 0x0, 0xb8, 0x8, 0x3, 0xff, 0x85,
    0xe0, 0x80, 0x15, 0x80, 0x79, 0x0, 0x22, 0xa,
    0x0, 0x8d, 0x80, 0x33, 0x98, 0x4, 0x80, 0x4c,
    0x1, 0x4d, 0x2a, 0xaa, 0x0, 0x26, 0x10, 0x4,
    0x10, 0x4, 0xb5, 0x45, 0x0, 0x8a, 0x40, 0x21,
    0xc4, 0x0, 0xfc, 0x98, 0x1, 0xc3, 0x76, 0x51,
    0x0, 0xa, 0xdd, 0x84, 0x0,

    /* U+0037 "7" */
    0x4f, 0xff, 0xfe, 0xf, 0x0, 0x7f, 0xf4, 0x99,
    0xdf, 0xf8, 0xc0, 0x23, 0x28, 0x8f, 0xe1, 0x0,
    0xa0, 0x3, 0xf9, 0x88, 0x0, 0x4a, 0x1, 0xfd,
    0x0, 0x14, 0x0, 0x7f, 0x30, 0x80, 0x9, 0x40,
    0x3f, 0xa0, 0x2, 0x90, 0xf, 0xe7, 0x10, 0x1,
    0xa0, 0x7, 0xf4, 0x80, 0x50, 0x1, 0xfc, 0xe2,
    0x0, 0x34, 0x0, 0xfc, 0x30, 0x1, 0x78, 0x7,
    0xf4, 0x80, 0x48, 0x60, 0x1f, 0x85, 0xc0, 0x28,
    0x0, 0xfe, 0x80, 0x9, 0xc, 0x3, 0xf0, 0xb0,
    0x5, 0x0, 0x1f, 0xd0, 0x1, 0x29, 0x80, 0x7e,
    0x26, 0x0, 0xa0, 0x3, 0xfa, 0x0, 0x25, 0x20,
    0xf, 0x80,

    /* U+0038 "8" */
    0x0, 0xc3, 0x19, 0xdf, 0xed, 0xa4, 0x0, 0xf9,
    0xf9, 0xcc, 0x40, 0x4, 0xb7, 0x82, 0x1, 0x9e,
    0x0, 0x3f, 0x8f, 0x0, 0x21, 0x80, 0x8, 0xeb,
    0x71, 0xc0, 0x22, 0x70, 0x2, 0x80, 0x43, 0x8a,
    0x47, 0xe, 0x1, 0x60, 0x0, 0x40, 0x25, 0x0,
    0xec, 0x0, 0xf2, 0x0, 0x4a, 0x1, 0xd8, 0x1,
    0x18, 0x0, 0x5c, 0x0, 0x38, 0x82, 0x70, 0xe0,
    0x1, 0x90, 0xa, 0x20, 0x0, 0x3b, 0xec, 0x70,
    0x2, 0x78, 0x80, 0x67, 0x91, 0x0, 0xf3, 0x48,
    0x80, 0x64, 0xe9, 0x10, 0xf, 0x36, 0xc0, 0x4,
    0x56, 0x20, 0x5, 0xdf, 0xe9, 0x10, 0x3, 0xc0,
    0x2, 0x40, 0x25, 0xa2, 0x1, 0x6d, 0x0, 0x9c,
    0x81, 0x0, 0x2e, 0x0, 0xe3, 0x20, 0x9, 0x0,
    0x3f, 0xf8, 0x82, 0x2, 0x1, 0x70, 0x7, 0x19,
    0x0, 0x44, 0xc, 0x1, 0x2d, 0x18, 0x93, 0xe0,
    0x4, 0x2a, 0x10, 0x40, 0x12, 0xe7, 0x6c, 0x0,
    0x6a, 0x0, 0xb1, 0x40, 0x3f, 0x86, 0xd0, 0x2,
    0x1a, 0xc6, 0x31, 0x0, 0x12, 0xd7, 0x20, 0x0,

    /* U+0039 "9" */
    0x0, 0xc5, 0x19, 0xff, 0x63, 0x88, 0x7, 0xcf,
    0xae, 0x60, 0x11, 0xc7, 0x30, 0x7, 0x44, 0x0,
    0x3f, 0xa5, 0x80, 0x24, 0x70, 0x8, 0xa2, 0xa0,
    0x80, 0x29, 0x20, 0x7, 0x80, 0x47, 0xae, 0xaf,
    0xa8, 0x1, 0x40, 0x1, 0x0, 0x2e, 0x0, 0xe9,
    0x0, 0x94, 0x3, 0xc4, 0x1, 0xc4, 0x1, 0x8c,
    0x3, 0x84, 0x3, 0x84, 0x3, 0x28, 0x18, 0x5,
    0x0, 0x1d, 0x60, 0x18, 0x42, 0x80, 0x26, 0xb4,
    0x24, 0xb5, 0x0, 0xde, 0xc, 0x80, 0x12, 0x5e,
    0xda, 0x0, 0x80, 0x7a, 0xd0, 0x3, 0xe4, 0x90,
    0xb, 0x80, 0x2b, 0xb2, 0x8, 0x1, 0x2a, 0xf8,
    0x2, 0x20, 0xc, 0x97, 0xdf, 0xeb, 0x50, 0x50,
    0x9, 0x42, 0x6e, 0xe2, 0x0, 0xe3, 0x30, 0x0,
    0xc4, 0x0, 0x89, 0x48, 0x6, 0x1e, 0x0, 0xa8,
    0x1, 0x60, 0x12, 0x63, 0xac, 0x79, 0x0, 0x9,
    0x80, 0x5, 0x0, 0x11, 0xc5, 0x38, 0x80, 0x7,
    0xc0, 0x33, 0xc0, 0x7, 0xe2, 0xc2, 0x0, 0xe7,
    0xd7, 0x20, 0x0, 0xa4, 0xe9, 0x0, 0x40,

    /* U+003A ":" */
    0x5, 0xa8, 0x0, 0x25, 0x2b, 0xd8, 0x68, 0x4,
    0x81, 0xc0, 0x11, 0x3, 0xa8, 0x17, 0x0, 0x2b,
    0xf4, 0xc0, 0x3f, 0xf9, 0xcb, 0x50, 0x0, 0x4a,
    0x57, 0xb0, 0xd0, 0x9, 0x3, 0x80, 0x22, 0x7,
    0x50, 0x2e, 0x0,

    /* U+003B ";" */
    0x0, 0x25, 0x40, 0x80, 0xe, 0xd5, 0xf4, 0x1,
    0x60, 0x11, 0x88, 0x68, 0x4, 0x22, 0x5, 0x60,
    0x2a, 0x0, 0xa7, 0xf5, 0x0, 0x3f, 0xfb, 0x23,
    0xbb, 0x48, 0x1, 0x48, 0xae, 0x0, 0x10, 0x4,
    0x80, 0xe, 0x0, 0x9, 0x80, 0x8, 0x0, 0x80,
    0x13, 0x0, 0x3c, 0x2, 0x30, 0x2, 0x0, 0x4,
    0x0, 0x42, 0x0,

    /* U+003C "<" */
    0x0, 0xff, 0xe7, 0x36, 0x80, 0x7f, 0xc, 0x74,
    0x90, 0x7, 0xc5, 0x3c, 0xe2, 0x1, 0xf2, 0x5e,
    0xb0, 0x7, 0xe5, 0xdb, 0x40, 0xc, 0x51, 0xc2,
    0xfd, 0x44, 0x1, 0x92, 0xf5, 0xc7, 0xe0, 0x40,
    0x21, 0x7e, 0xb4, 0x0, 0x84, 0x2, 0x2a, 0xe8,
    0x10, 0xf, 0xe2, 0xf3, 0x0, 0xf9, 0x40, 0x32,
    0xe6, 0xb0, 0x7, 0x56, 0xb0, 0x6, 0x29, 0xf9,
    0x20, 0x8, 0xa7, 0xa0, 0x40, 0x33, 0x6e, 0x28,
    0x4, 0x2f, 0xd2, 0x40, 0x18, 0xe8, 0x3, 0xcd,
    0xb6, 0x80, 0x1f, 0xfc, 0x4, 0xbd, 0x60, 0xf,
    0xfe, 0x1, 0x4f, 0x40,

    /* U+003D "=" */
    0x8f, 0xff, 0xfe, 0x8, 0x7, 0xff, 0x4e, 0xe6,
    0x7f, 0xf8, 0x20, 0x6c, 0xdf, 0xfc, 0x10, 0xf,
    0xfe, 0x21, 0xbb, 0xff, 0xf0, 0x42, 0xe2, 0x3f,
    0xf8, 0x20, 0x1f, 0xfd, 0x30,

    /* U+003E ">" */
    0x0, 0xff, 0xe1, 0xbc, 0x90, 0x7, 0xff, 0x5,
    0xb6, 0xd0, 0x3, 0xff, 0x82, 0x97, 0xac, 0x1,
    0xff, 0xc1, 0x29, 0xe7, 0x10, 0xe, 0x7b, 0x50,
    0xc, 0x31, 0xd2, 0x40, 0x19, 0x2b, 0xa0, 0x40,
    0x33, 0x6d, 0x98, 0x6, 0x17, 0xeb, 0x40, 0xc,
    0x98, 0xc0, 0x1e, 0x4b, 0xd7, 0x0, 0xff, 0xe0,
    0xa, 0xa8, 0x3, 0xfc, 0x73, 0xd0, 0x40, 0x10,
    0x90, 0x4, 0xd9, 0x86, 0x0, 0xc7, 0x5c, 0x85,
    0x3f, 0x26, 0x1, 0x92, 0xf1, 0x40, 0xa, 0xc0,
    0x1c, 0xdb, 0x68, 0x1, 0xf8, 0x63, 0xa4, 0x80,
    0x3f, 0x14, 0xf3, 0x88, 0x7, 0xe3, 0xbd, 0x60,
    0xf, 0xf8,

    /* U+003F "?" */
    0x0, 0xcb, 0x5d, 0xfe, 0xda, 0x40, 0xe, 0x1c,
    0xa5, 0x10, 0x1, 0x2d, 0xd8, 0x40, 0x2c, 0x30,
    0xf, 0xc9, 0xa0, 0x7, 0x20, 0x9, 0xaa, 0x50,
    0x2, 0x35, 0xa, 0x0, 0xaa, 0x55, 0xad, 0x40,
    0x2c, 0x2, 0x0, 0xa, 0x80, 0x6f, 0x0, 0xec,
    0xcc, 0x1, 0xda, 0x1, 0x70, 0x19, 0xc4, 0x1,
    0x91, 0xc0, 0x26, 0x0, 0xf8, 0x66, 0xc0, 0x29,
    0x10, 0xf, 0x1f, 0xb0, 0x5, 0x4c, 0x1, 0xf6,
    0x88, 0x1, 0x39, 0x40, 0x3e, 0x31, 0x0, 0x25,
    0x88, 0x7, 0xe6, 0x0, 0xb8, 0x3, 0xfc, 0x26,
    0x73, 0x0, 0x7f, 0x93, 0x32, 0x30, 0xf, 0xf9,
    0xa9, 0x80, 0x3f, 0xe8, 0x95, 0x97, 0x0, 0xff,
    0x28, 0x5, 0x60, 0x1f, 0xe6, 0x0, 0x98, 0x3,
    0xfd, 0x46, 0x7, 0x60, 0x1c,

    /* U+0040 "@" */
    0x0, 0xfe, 0x49, 0xce, 0xff, 0xb6, 0xdc, 0x80,
    0x3f, 0xf8, 0x6f, 0xd6, 0xc6, 0x20, 0x11, 0x24,
    0x6e, 0x20, 0x7, 0xfc, 0x7b, 0x2, 0x1, 0xff,
    0x1d, 0xc8, 0x7, 0xf2, 0x61, 0x0, 0x46, 0xf5,
    0x98, 0xba, 0x62, 0x0, 0x9b, 0x4, 0x3, 0xc7,
    0x60, 0x11, 0xe6, 0x21, 0x4c, 0xc8, 0xb3, 0xb4,
    0x40, 0x3, 0xd0, 0xf, 0x68, 0x5, 0x18, 0x60,
    0x1f, 0xcb, 0x88, 0x0, 0x37, 0x0, 0xd0, 0x20,
    0x7, 0x70, 0x0, 0xeb, 0xbf, 0xd6, 0x6f, 0x76,
    0x3b, 0x20, 0x4, 0x8, 0x4, 0xe0, 0x2, 0x80,
    0x3, 0xe2, 0x88, 0x1, 0x32, 0x91, 0x2, 0x1c,
    0x1, 0x30, 0x1, 0x40, 0x29, 0x0, 0x2c, 0x0,
    0x7c, 0x40, 0x18, 0xcc, 0x0, 0xb0, 0x7, 0x80,
    0x5, 0x0, 0x16, 0x0, 0x1b, 0xff, 0x50, 0x7,
    0xd6, 0x0, 0x30, 0x3, 0x80, 0x14, 0x0, 0x82,
    0x0, 0xd4, 0x0, 0x2c, 0x80, 0x78, 0xc0, 0x23,
    0x2, 0x0, 0x18, 0x0, 0xc0, 0x6, 0x60, 0xc,
    0xc0, 0x1e, 0x60, 0x9, 0xc0, 0x37, 0x80, 0x38,
    0x0, 0xc0, 0x1e, 0x10, 0xe, 0x30, 0xf, 0xfe,
    0x79, 0x80, 0x4e, 0x1, 0xbc, 0x1, 0xc0, 0x6,
    0x0, 0xf0, 0x80, 0x73, 0x80, 0x44, 0x4, 0x0,
    0x20, 0x2, 0x0, 0xc, 0x80, 0x32, 0x80, 0x7b,
    0xc0, 0x2, 0x20, 0x70, 0x2, 0x0, 0xc, 0x80,
    0x1e, 0x60, 0x5, 0xa0, 0x9, 0x41, 0x54, 0x0,
    0x60, 0x6, 0x0, 0x5, 0x0, 0x12, 0x0, 0x2c,
    0xff, 0x50, 0x6, 0x9f, 0xa0, 0x0, 0xc8, 0x1,
    0xc0, 0x28, 0x0, 0x24, 0x0, 0x7d, 0x62, 0x1,
    0xea, 0x10, 0x0, 0xb0, 0x0, 0xdc, 0x0, 0xf8,
    0xa2, 0x2, 0xba, 0x98, 0xa2, 0x2, 0xda, 0x80,
    0x1a, 0x4, 0x1, 0xe, 0x0, 0x3a, 0xef, 0xea,
    0x20, 0x2a, 0xef, 0xe9, 0x20, 0xe, 0x1a, 0x0,
    0xa2, 0xcc, 0x3, 0xff, 0x92, 0x94, 0x1, 0x26,
    0x62, 0x14, 0xce, 0x58, 0xbf, 0x70, 0xf, 0xf9,
    0x70, 0x40, 0x23, 0x7a, 0xcc, 0xa9, 0xd0, 0x28,
    0x3, 0xff, 0x80, 0x7d, 0x2, 0x1, 0xff, 0x11,
    0x0, 0x3f, 0xf8, 0x2f, 0xd6, 0xc6, 0x20, 0x10,
    0x9b, 0xdf, 0x90, 0x7, 0x80,

    /* U+0041 "A" */
    0x0, 0xfb, 0x7f, 0xf7, 0x0, 0x7f, 0xf0, 0x48,
    0x80, 0x18, 0x54, 0x3, 0xff, 0x81, 0x40, 0x1e,
    0xf0, 0xf, 0xfe, 0x3, 0x0, 0x79, 0x44, 0x3,
    0xfc, 0x62, 0x0, 0x35, 0x0, 0x9c, 0x3, 0xfd,
    0x40, 0x12, 0x60, 0x5, 0x40, 0x1f, 0xe7, 0x0,
    0xad, 0xc0, 0x23, 0x10, 0xf, 0xc8, 0x20, 0x1,
    0x31, 0x30, 0x9, 0x80, 0x3f, 0x70, 0x4, 0xe0,
    0xb, 0x0, 0xa8, 0x3, 0xf2, 0x80, 0x5a, 0x0,
    0x50, 0x8, 0x88, 0x1, 0xe5, 0x0, 0xc8, 0x0,
    0x22, 0x0, 0x54, 0x1, 0xee, 0x0, 0x94, 0x3,
    0x28, 0x4, 0xc0, 0x1c, 0x28, 0x1, 0x2f, 0xfe,
    0x70, 0x8, 0x50, 0x3, 0x30, 0x7, 0xff, 0xb,
    0x40, 0x35, 0x80, 0x7f, 0xf0, 0x98, 0x2, 0x23,
    0x0, 0x9e, 0xab, 0xd0, 0x1, 0x94, 0x1, 0x40,
    0x1a, 0x15, 0x7c, 0xe2, 0x1, 0x78, 0x1, 0x40,
    0x25, 0x0, 0xfc, 0xc0, 0x12, 0x89, 0x90, 0x5,
    0xc0, 0x1f, 0xac, 0x3, 0x3d, 0x0, 0x64, 0x0,
    0xfc, 0x62, 0x1, 0x50,

    /* U+0042 "B" */
    0x6f, 0xff, 0xed, 0xa5, 0x0, 0xff, 0xe1, 0x12,
    0xd6, 0x8, 0x7, 0xff, 0xc, 0xf0, 0x3, 0xc5,
    0x55, 0xa0, 0x40, 0x22, 0x50, 0xe, 0x65, 0x5c,
    0xfe, 0x20, 0x16, 0x80, 0x7f, 0xc2, 0x80, 0x1f,
    0xfc, 0x47, 0x0, 0xb0, 0x3, 0xfc, 0x54, 0x40,
    0x4, 0x40, 0x7, 0x27, 0xfe, 0xd5, 0x0, 0x35,
    0x80, 0x7f, 0xf0, 0x93, 0x0, 0x3f, 0xf8, 0x69,
    0x56, 0x1, 0xe3, 0xee, 0xd8, 0xe0, 0x12, 0x48,
    0x7, 0x38, 0x8e, 0x38, 0x90, 0x9, 0x84, 0x3,
    0xfe, 0x60, 0xc, 0xa0, 0x1f, 0xfd, 0x7, 0x0,
    0xce, 0x1, 0x99, 0x57, 0x35, 0xc0, 0x4, 0x46,
    0x1, 0x8a, 0xab, 0x4a, 0x0, 0x69, 0x0, 0xff,
    0xe1, 0xd2, 0x0, 0x7f, 0xc2, 0x71, 0xca, 0x0,

    /* U+0043 "C" */
    0x0, 0xf1, 0xce, 0x7f, 0xdb, 0x28, 0x1, 0xfc,
    0x37, 0x8c, 0x60, 0x11, 0x35, 0xe1, 0x0, 0x78,
    0xfd, 0x0, 0x3f, 0x8f, 0x50, 0x3, 0xe, 0x88,
    0x6, 0x24, 0x30, 0xe, 0xb2, 0x0, 0xa8, 0x40,
    0x25, 0xdd, 0x5e, 0x7b, 0x80, 0x68, 0x0, 0x1a,
    0x0, 0x4d, 0x44, 0x1, 0xa2, 0x0, 0x12, 0x88,
    0x50, 0x4, 0x32, 0x1, 0xf3, 0x88, 0x4, 0xe0,
    0x80, 0x13, 0x0, 0x7f, 0x66, 0xec, 0xe0, 0x40,
    0x16, 0x80, 0x7f, 0x11, 0x61, 0x0, 0xe6, 0x0,
    0xff, 0xed, 0xb0, 0x7, 0xff, 0xc, 0x80, 0x2d,
    0x0, 0xfe, 0x12, 0x28, 0x41, 0x0, 0x26, 0x0,
    0xfe, 0xfd, 0xd9, 0xc2, 0x80, 0x21, 0x90, 0xf,
    0x9c, 0x40, 0x27, 0x3, 0x40, 0x9, 0xa8, 0x80,
    0x34, 0x40, 0x2, 0x51, 0x0, 0x50, 0x80, 0x4b,
    0xba, 0xbc, 0xf7, 0x0, 0x86, 0xc0, 0x21, 0xd1,
    0x0, 0xc4, 0x86, 0x1, 0xda, 0x20, 0x18, 0xfd,
    0x0, 0x3f, 0x8f, 0x4c, 0x3, 0xc3, 0x78, 0xc6,
    0x1, 0x13, 0x5e, 0x10, 0x4,

    /* U+0044 "D" */
    0x6f, 0xff, 0xdd, 0x6e, 0x20, 0x1f, 0xfc, 0x21,
    0x48, 0xe9, 0x0, 0xff, 0xe2, 0xb6, 0x88, 0x7,
    0x85, 0x9b, 0x18, 0x6, 0x2d, 0x0, 0xf1, 0x4c,
    0xec, 0xe5, 0x0, 0x8d, 0xc0, 0x3f, 0xe1, 0xa5,
    0x0, 0xa0, 0x3, 0xff, 0x83, 0x60, 0x19, 0x40,
    0x3f, 0xf8, 0x2, 0x80, 0x16, 0x0, 0x7f, 0xf0,
    0x4c, 0x2, 0x20, 0xf, 0xfe, 0xf, 0x0, 0x4e,
    0x1, 0xff, 0xd3, 0xe0, 0x9, 0xc0, 0x3f, 0xf8,
    0x26, 0x1, 0x10, 0x7, 0xff, 0x0, 0x50, 0x2,
    0xc0, 0xf, 0xfe, 0x5, 0x80, 0x65, 0x0, 0xff,
    0xd, 0x28, 0x5, 0x0, 0x1c, 0x53, 0x3b, 0x39,
    0x40, 0x23, 0x70, 0xe, 0x16, 0x6c, 0x60, 0x18,
    0xb4, 0x3, 0xff, 0x86, 0xda, 0x20, 0x1f, 0xf0,
    0xa4, 0x74, 0x80, 0x60,

    /* U+0045 "E" */
    0x6f, 0xff, 0xfe, 0x10, 0x7, 0xff, 0x58, 0x59,
    0xbf, 0xc0, 0x18, 0xa6, 0x7f, 0xc0, 0x1f, 0xfe,
    0x53, 0xff, 0xfe, 0x30, 0xf, 0xfe, 0xb0, 0xbb,
    0xff, 0x10, 0x6, 0x28, 0x8f, 0xe1, 0x0, 0xff,
    0xf2, 0x94, 0xcf, 0xf8, 0x3, 0xb, 0x37, 0xf8,
    0x3, 0xff, 0xa4,

    /* U+0046 "F" */
    0x6f, 0xff, 0xfe, 0xc, 0x80, 0x7f, 0xf5, 0x85,
    0x9b, 0xfb, 0x0, 0x31, 0x4c, 0xff, 0x28, 0x7,
    0xff, 0x94, 0x9d, 0xff, 0x30, 0x7, 0xc, 0x47,
    0xeb, 0x0, 0xff, 0xeb, 0x9f, 0xff, 0xed, 0x0,
    0xff, 0xff, 0x80, 0x7f, 0xf4, 0xc0,

    /* U+0047 "G" */
    0x0, 0xf1, 0xce, 0x7f, 0xdb, 0x28, 0x1, 0xfc,
    0x37, 0x8c, 0x60, 0x11, 0x35, 0xe9, 0x80, 0x78,
    0xfd, 0x0, 0x3f, 0x8b, 0x14, 0x3, 0xe, 0x88,
    0x6, 0x24, 0x30, 0xe, 0xa3, 0x0, 0xa8, 0x40,
    0x25, 0xdd, 0x5e, 0x7c, 0x80, 0x6e, 0x0, 0x1a,
    0x0, 0x4d, 0x44, 0x1, 0x9a, 0x80, 0x22, 0x30,
    0xa0, 0x8, 0x64, 0x3, 0xe5, 0x87, 0x78, 0x0,
    0xa0, 0x13, 0x0, 0x7f, 0x3c, 0x44, 0x60, 0x60,
    0x16, 0x80, 0x71, 0x9f, 0xe2, 0x0, 0xe6, 0x0,
    0xec, 0xcf, 0xd6, 0x1, 0xff, 0xcd, 0x60, 0xf,
    0xfe, 0x19, 0x80, 0x5a, 0x1, 0xdf, 0xf9, 0xc0,
    0x21, 0x4, 0x0, 0x98, 0x3, 0xf9, 0x0, 0x2e,
    0xb, 0x0, 0x86, 0x40, 0x3e, 0x53, 0x0, 0x9c,
    0xd, 0x40, 0x26, 0xa2, 0x0, 0xcf, 0x40, 0x12,
    0x88, 0x2, 0xc4, 0x2, 0x5d, 0xd5, 0xe7, 0xc0,
    0x4, 0x36, 0x1, 0xe, 0x88, 0x6, 0x24, 0x30,
    0xe, 0xd1, 0x0, 0xc7, 0xe8, 0x1, 0xfc, 0x7a,
    0x60, 0x1e, 0x1b, 0xc6, 0x30, 0x8, 0x9a, 0xf0,
    0x80, 0x20,

    /* U+0048 "H" */
    0x6f, 0xfb, 0x0, 0x3f, 0x47, 0xfd, 0x60, 0x1f,
    0xff, 0xf0, 0xf, 0xff, 0x59, 0xff, 0xfe, 0x70,
    0xf, 0xff, 0x0, 0xb3, 0x7e, 0x30, 0xf, 0xc5,
    0x33, 0xf9, 0x0, 0x3f, 0xff, 0xe0, 0x1f, 0xfe,
    0xb0,

    /* U+0049 "I" */
    0x6f, 0xfb, 0x0, 0x3f, 0xff, 0xe0, 0x1f, 0xfc,
    0x80,

    /* U+004A "J" */
    0x0, 0xff, 0x77, 0xfc, 0xa0, 0x1f, 0xff, 0xf0,
    0xf, 0xff, 0xf8, 0x7, 0xff, 0xc, 0x6a, 0xa8,
    0x0, 0xff, 0x1a, 0xae, 0x0, 0xff, 0xe1, 0x18,
    0x7, 0x8, 0x4, 0x24, 0x1, 0xb, 0x0, 0x4c,
    0x1, 0x98, 0x14, 0x2, 0x9b, 0x8b, 0x90, 0x8,
    0x88, 0x10, 0x1, 0x91, 0xd0, 0x3, 0x48, 0x0,
    0xac, 0x40, 0x3f, 0x4a, 0x0, 0x49, 0xf0, 0x60,
    0x11, 0x3e, 0xb0, 0x0,

    /* U+004B "K" */
    0x6f, 0xfb, 0x0, 0x3e, 0x9f, 0xfc, 0xe0, 0x1f,
    0xfc, 0x7, 0x60, 0x9, 0x9c, 0x3, 0xfe, 0x58,
    0x0, 0x92, 0x40, 0x3f, 0xe3, 0xa0, 0x8, 0xec,
    0x3, 0xfe, 0x2d, 0x0, 0x8b, 0x40, 0x3f, 0xe1,
    0xf1, 0x0, 0xf, 0x88, 0x7, 0xfd, 0xa4, 0x1,
    0x69, 0x0, 0x7f, 0xd2, 0x60, 0x15, 0x18, 0x7,
    0xfc, 0xec, 0x1, 0x3a, 0x80, 0x7f, 0xc5, 0x0,
    0x19, 0x40, 0x3f, 0xf8, 0x2, 0x1, 0xc5, 0x20,
    0x1f, 0xfc, 0x24, 0x0, 0x99, 0x0, 0x3f, 0xf8,
    0xf, 0x66, 0x1, 0x50, 0x80, 0x7f, 0x96, 0x3,
    0x80, 0x21, 0xb0, 0xf, 0xe2, 0xa0, 0x1, 0x48,
    0x4, 0xaa, 0x0, 0xfc, 0x20, 0x19, 0x8c, 0x2,
    0xb1, 0x0, 0xff, 0xe0, 0xf0, 0x4, 0x34, 0x1,
    0xff, 0xc1, 0x29, 0x0, 0x91, 0x80, 0x3f, 0xf8,
    0x2c, 0x80, 0x14, 0x90, 0x7, 0xff, 0x6, 0x40,
    0x37, 0x0,

    /* U+004C "L" */
    0x6f, 0xfb, 0x0, 0x3f, 0xff, 0xe0, 0x1f, 0xff,
    0xf0, 0xf, 0xff, 0xe9, 0x4c, 0xfe, 0x80, 0xc,
    0x2c, 0xdf, 0x9c, 0x3, 0xff, 0xa0,

    /* U+004D "M" */
    0x6f, 0xff, 0x0, 0x7f, 0x5f, 0xff, 0x50, 0x7,
    0xca, 0x1, 0xf0, 0xa0, 0x7, 0xff, 0x7, 0x80,
    0x3e, 0x70, 0xf, 0xfe, 0x12, 0x8, 0x7, 0xa8,
    0x3, 0xfe, 0x10, 0x9, 0xc0, 0x38, 0x8c, 0x0,
    0x40, 0x1f, 0x90, 0x2, 0xa0, 0xe, 0x50, 0x9,
    0x0, 0x3f, 0x90, 0x0, 0x64, 0x1, 0xa8, 0x0,
    0x3e, 0x1, 0xfd, 0xa0, 0x15, 0x0, 0x46, 0x40,
    0x4, 0x0, 0xfe, 0x17, 0x0, 0x94, 0x2, 0xa0,
    0xb, 0xc4, 0x3, 0xf8, 0x4c, 0x0, 0x46, 0x0,
    0x70, 0x9, 0x0, 0x3f, 0xeb, 0x0, 0xac, 0xc,
    0x40, 0x8, 0x20, 0x1f, 0xf3, 0x0, 0x4a, 0x16,
    0x1, 0x70, 0x7, 0xff, 0x0, 0x4c, 0x0, 0x44,
    0x40, 0x9, 0x40, 0x3f, 0xf8, 0x34, 0x1, 0x29,
    0x80, 0x14, 0x3, 0xff, 0x84, 0xe0, 0x14, 0x0,
    0x5c, 0x1, 0xff, 0xc2, 0x14, 0x0, 0xe1, 0x40,
    0xf, 0xfe, 0x1f, 0x0, 0x73, 0x80, 0x7f, 0xf1,
    0x14, 0x3, 0xa8, 0x3, 0xff, 0x8a, 0xc0, 0x10,
    0x98, 0x7, 0xff, 0x17, 0x40, 0x26, 0x0, 0xfe,

    /* U+004E "N" */
    0x6f, 0xfc, 0xc0, 0x1f, 0x27, 0xfe, 0x0, 0xe9,
    0x10, 0xf, 0xfe, 0x2d, 0x80, 0x7f, 0xf1, 0x55,
    0x40, 0x1f, 0xfc, 0x5b, 0x0, 0xff, 0xe2, 0x8c,
    0x80, 0x7f, 0xf0, 0x4c, 0x40, 0xc, 0x60, 0x1f,
    0xfc, 0x7, 0x80, 0xb, 0x80, 0x3f, 0xf8, 0xe,
    0xc4, 0x0, 0x28, 0x0, 0xff, 0xe0, 0xf0, 0x4,
    0xe4, 0x1, 0xfe, 0x10, 0x35, 0x0, 0xb8, 0x3,
    0xff, 0x83, 0x62, 0x0, 0x35, 0x0, 0xff, 0xe0,
    0xd, 0x80, 0x56, 0x1, 0xff, 0xc1, 0x54, 0x0,
    0xf, 0x0, 0x7f, 0xf0, 0x68, 0x2, 0x50, 0xf,
    0xfe, 0x8, 0xc8, 0x7, 0xff, 0x15, 0x8c, 0x3,
    0xff, 0x8b, 0xc0, 0x1f, 0xfc, 0x52, 0x70, 0xf,
    0xfe, 0x2c, 0x10, 0x6,

    /* U+004F "O" */
    0x0, 0xf1, 0xce, 0x7f, 0xdb, 0x26, 0x1, 0xfe,
    0x1b, 0xc6, 0x30, 0x8, 0x9b, 0x30, 0x40, 0x1f,
    0x1f, 0xa0, 0x7, 0xf1, 0xe9, 0x80, 0x70, 0xe8,
    0x80, 0x62, 0x43, 0x0, 0xec, 0x20, 0xd, 0x42,
    0x1, 0x2f, 0x6d, 0xe7, 0x30, 0x6, 0xe0, 0x8,
    0xd0, 0x2, 0x6a, 0x10, 0x8, 0x65, 0xc0, 0x23,
    0x40, 0x5, 0x0, 0x43, 0x20, 0x1f, 0x41, 0x0,
    0x5a, 0x0, 0x50, 0x9, 0x80, 0x3f, 0xa8, 0x2,
    0x40, 0x1, 0x80, 0x5a, 0x1, 0xfc, 0x80, 0x11,
    0x0, 0x79, 0x80, 0x3f, 0x84, 0x3, 0x8, 0x7,
    0xff, 0x39, 0x80, 0x3f, 0x84, 0x3, 0x8, 0x18,
    0x5, 0xa0, 0x1f, 0xc8, 0x1, 0x10, 0x1, 0x40,
    0x26, 0x0, 0xfe, 0xa0, 0x9, 0x0, 0x14, 0x1,
    0xc, 0x80, 0x7d, 0x4, 0x1, 0x68, 0x0, 0xd0,
    0x2, 0x6a, 0x10, 0x8, 0x65, 0xc0, 0x23, 0x40,
    0xa, 0x84, 0x2, 0x5e, 0xdb, 0xce, 0x60, 0xd,
    0xc0, 0x18, 0x74, 0x40, 0x31, 0x21, 0x80, 0x76,
    0x10, 0x7, 0x1f, 0xa0, 0x7, 0xf1, 0xe9, 0x80,
    0x7c, 0x37, 0x8c, 0x60, 0x11, 0x36, 0x60, 0x80,
    0x30,

    /* U+0050 "P" */
    0x6f, 0xff, 0xed, 0x93, 0x0, 0xff, 0xe1, 0x13,
    0x65, 0x0, 0x7f, 0xf1, 0x16, 0xc0, 0x3c, 0x2e,
    0xf9, 0x40, 0x32, 0x28, 0x7, 0x14, 0x46, 0xae,
    0x20, 0xb, 0x80, 0x3f, 0xe1, 0x80, 0x9, 0x0,
    0x3f, 0xf8, 0xe, 0x1, 0xff, 0xc4, 0x70, 0xf,
    0xfe, 0x18, 0xc0, 0x4, 0x80, 0x1c, 0x51, 0x1a,
    0xb8, 0x80, 0x2e, 0x0, 0xe1, 0x77, 0xca, 0x1,
    0x95, 0x40, 0x1f, 0xfc, 0x26, 0xa0, 0xf, 0xfe,
    0x1, 0x36, 0x48, 0x7, 0xc7, 0xff, 0xdb, 0x26,
    0x1, 0xff, 0xff, 0x0, 0xff, 0xe9, 0x80,

    /* U+0051 "Q" */
    0x0, 0xf1, 0xce, 0x7f, 0xdb, 0x26, 0x1, 0xfe,
    0x1b, 0xc6, 0x30, 0x8, 0x9b, 0x30, 0x40, 0x1f,
    0x1f, 0xa0, 0x7, 0xf1, 0xe9, 0x80, 0x70, 0xe8,
    0x80, 0x62, 0x43, 0x0, 0xec, 0x20, 0xd, 0x42,
    0x1, 0x2f, 0x6d, 0xe7, 0x30, 0x6, 0xe0, 0x8,
    0xd0, 0x2, 0x6a, 0x10, 0x8, 0x65, 0xc0, 0x23,
    0x40, 0x5, 0x0, 0x43, 0x20, 0x1f, 0x41, 0x0,
    0x5a, 0x0, 0x50, 0x9, 0x80, 0x3f, 0xa8, 0x2,
    0x40, 0x1, 0x80, 0x5a, 0x1, 0xfc, 0x80, 0x11,
    0x0, 0x79, 0x80, 0x3f, 0x84, 0x3, 0x8, 0x7,
    0xff, 0x39, 0x80, 0x3f, 0x84, 0x3, 0x8, 0x18,
    0x5, 0xa0, 0x10, 0x8c, 0x1, 0x20, 0x4, 0x40,
    0x5, 0x0, 0x98, 0x2, 0x8e, 0xe8, 0x42, 0x80,
    0x24, 0x0, 0x50, 0x4, 0x32, 0x0, 0x93, 0x1,
    0xd8, 0x20, 0xb, 0x40, 0x6, 0x80, 0x13, 0x50,
    0x86, 0x88, 0x1b, 0x80, 0x46, 0x80, 0x15, 0x8,
    0x4, 0xbd, 0xb4, 0x1, 0xf7, 0x0, 0x61, 0xd1,
    0x0, 0xc4, 0x82, 0x1, 0xd8, 0x40, 0x1c, 0x7e,
    0x80, 0x1f, 0xf0, 0x80, 0x7c, 0x37, 0x8c, 0x60,
    0x11, 0x31, 0x0, 0x3c, 0x40, 0x3f, 0x1c, 0xe7,
    0xfd, 0xb3, 0xe0, 0x2, 0xa0, 0xf, 0xfe, 0x21,
    0x63, 0xb8, 0xc8, 0x0,

    /* U+0052 "R" */
    0x6f, 0xff, 0xed, 0x94, 0x0, 0xff, 0xe1, 0x13,
    0x5d, 0x84, 0x3, 0xff, 0x86, 0x9a, 0x1, 0xe1,
    0x77, 0xca, 0x20, 0x11, 0xb8, 0x7, 0x14, 0x46,
    0xaf, 0x30, 0xa, 0x80, 0x3f, 0xe1, 0xf0, 0x8,
    0x80, 0x3f, 0xf8, 0x6, 0x1, 0x84, 0x3, 0xfe,
    0x20, 0xc, 0x20, 0x1f, 0xf4, 0x80, 0x44, 0x1,
    0xc2, 0xcd, 0xa3, 0x50, 0x2, 0xa0, 0xe, 0x29,
    0x9c, 0xe4, 0x1, 0x1b, 0x80, 0x7f, 0xf0, 0x97,
    0x0, 0x3f, 0xf8, 0x49, 0x40, 0x1f, 0x1f, 0xfd,
    0x60, 0x12, 0x10, 0x7, 0xfc, 0x86, 0x1, 0x48,
    0x7, 0xff, 0x2, 0x0, 0x24, 0x30, 0xf, 0xf9,
    0x10, 0x1, 0x78, 0x7, 0xff, 0x2, 0x0, 0x23,
    0x40, 0xf, 0xf8, 0xd0, 0x2, 0x90, 0xf, 0xfe,
    0x4, 0x0, 0x44, 0xc0,

    /* U+0053 "S" */
    0x0, 0xcd, 0x7d, 0xfe, 0xec, 0x71, 0x0, 0xf2,
    0xf4, 0xa0, 0x80, 0x4, 0xe3, 0x9c, 0x3, 0x2d,
    0x8, 0x7, 0xf4, 0x38, 0x0, 0x68, 0x3, 0x23,
    0xb9, 0x40, 0x34, 0x10, 0x38, 0x6, 0xbb, 0x44,
    0x2b, 0x88, 0x2, 0xa0, 0xe0, 0x9, 0x10, 0x1,
    0x86, 0x40, 0x24, 0x0, 0xe6, 0x0, 0xf2, 0x5d,
    0xde, 0x18, 0x1, 0x15, 0xa0, 0x7, 0x22, 0x46,
    0x8, 0x80, 0x9, 0x2f, 0xee, 0x10, 0x3, 0xeb,
    0x50, 0xe, 0x47, 0xbf, 0xb4, 0x0, 0xea, 0xc5,
    0x10, 0xf, 0x25, 0xc8, 0x7, 0x1d, 0x76, 0xcb,
    0x10, 0x6, 0x68, 0x0, 0xf8, 0x9a, 0x77, 0xc,
    0x2, 0x70, 0xaa, 0xc2, 0x1, 0xc7, 0x80, 0x18,
    0xd1, 0x56, 0x40, 0xf, 0xf9, 0xd0, 0x2, 0xb2,
    0x0, 0xe8, 0x0, 0xcb, 0x20, 0x10, 0xed, 0xc3,
    0xce, 0xb8, 0x4, 0x82, 0x6e, 0x1, 0x91, 0xe1,
    0x88, 0x2, 0x19, 0x0, 0x44, 0x0, 0x3f, 0xc5,
    0x84, 0x1, 0x3f, 0x42, 0x8, 0x4, 0x4d, 0x7a,
    0x40, 0x0,

    /* U+0054 "T" */
    0x4f, 0xff, 0xfe, 0x22, 0x0, 0x7f, 0xf6, 0x19,
    0xbe, 0x0, 0xca, 0xcd, 0xe2, 0x99, 0xe8, 0x0,
    0xd7, 0x33, 0xc4, 0x1, 0xff, 0xff, 0x0, 0xff,
    0xff, 0x80, 0x7f, 0xff, 0xc0, 0x3f, 0xfc, 0x20,

    /* U+0055 "U" */
    0x7f, 0xfa, 0xc0, 0x3f, 0x67, 0xfc, 0xa0, 0x1f,
    0xff, 0xf0, 0xf, 0xff, 0xf8, 0x7, 0xff, 0xd8,
    0x40, 0x26, 0x0, 0xfc, 0x60, 0x10, 0xa8, 0x4,
    0x48, 0x1, 0xe6, 0x0, 0xcc, 0x62, 0x1, 0x52,
    0x0, 0x66, 0x90, 0x8, 0x88, 0x10, 0x1, 0xd,
    0xed, 0x5f, 0x48, 0x6, 0x80, 0x3, 0x28, 0x6,
    0x25, 0x41, 0x0, 0xce, 0xa0, 0x15, 0x40, 0x7,
    0xfa, 0x60, 0x3, 0x9f, 0xa1, 0x4, 0x0, 0x29,
    0x3c, 0xc0, 0x10,

    /* U+0056 "V" */
    0x9f, 0xfc, 0x1, 0xfe, 0xef, 0xfa, 0x68, 0x3,
    0x28, 0x7, 0xe4, 0x10, 0xa, 0x8c, 0x80, 0x2e,
    0x0, 0xfd, 0xa0, 0x10, 0x98, 0x28, 0x4, 0x80,
    0x1f, 0x9c, 0x2, 0x60, 0x5, 0x0, 0x65, 0x0,
    0xf1, 0x88, 0x5, 0x60, 0x2, 0x30, 0xb, 0x80,
    0x3d, 0x40, 0x11, 0x18, 0x5, 0x40, 0x12, 0x8,
    0x7, 0x38, 0x5, 0x40, 0x19, 0xc0, 0x33, 0x80,
    0x63, 0x10, 0x9, 0x40, 0x30, 0xa0, 0x5, 0xa0,
    0x1a, 0xc0, 0x23, 0x20, 0xe, 0xe0, 0x9, 0x4,
    0x2, 0x60, 0xa, 0xc0, 0x3c, 0xa0, 0x19, 0xc0,
    0x6, 0x20, 0x13, 0x0, 0x7c, 0xa0, 0x16, 0x0,
    0x10, 0x2, 0x41, 0x0, 0xfb, 0x80, 0x25, 0x0,
    0x58, 0x5, 0xa0, 0x1f, 0x90, 0x40, 0x24, 0x13,
    0x0, 0x9c, 0x3, 0xf9, 0xc0, 0x2d, 0x40, 0x9,
    0x4, 0x3, 0xfa, 0x80, 0x27, 0xf0, 0xb, 0x80,
    0x3f, 0xc6, 0x40, 0x1, 0x50, 0x9, 0x40, 0x3f,
    0xe5, 0x0, 0xf2, 0x80, 0x7f, 0xf0, 0x28, 0x3,
    0xdc, 0x1, 0xff, 0xc0, 0x23, 0x0, 0xc2, 0x80,
    0x1e,

    /* U+0057 "W" */
    0x9f, 0xfb, 0x80, 0x3c, 0x7f, 0xf9, 0x40, 0x3d,
    0x7f, 0xf6, 0x60, 0x2, 0x11, 0x0, 0x72, 0x0,
    0x6c, 0x0, 0xf2, 0x0, 0x48, 0x80, 0xc, 0x80,
    0x1d, 0x80, 0x19, 0x0, 0x38, 0xc0, 0x35, 0x89,
    0x80, 0x58, 0x1, 0xc8, 0x1, 0x88, 0x40, 0x32,
    0x0, 0x63, 0x4, 0x0, 0x90, 0x3, 0x18, 0x7,
    0x9c, 0x3, 0x68, 0x4, 0x80, 0xb, 0x0, 0x88,
    0x40, 0x24, 0x0, 0xf6, 0x0, 0x64, 0x0, 0xb4,
    0x0, 0x60, 0x19, 0x0, 0x2c, 0x0, 0xa, 0x0,
    0x10, 0x2, 0x21, 0x0, 0x90, 0x2, 0x40, 0xb,
    0x0, 0x24, 0x0, 0x21, 0x80, 0x4, 0x80, 0x8,
    0x1, 0x11, 0x0, 0x2d, 0x0, 0x94, 0x0, 0x60,
    0x16, 0xe8, 0x2, 0x40, 0x6, 0x0, 0x48, 0x1,
    0x90, 0x2, 0x30, 0x2, 0x0, 0x48, 0x80, 0xb,
    0x0, 0x8, 0x1, 0x60, 0x6, 0x21, 0x0, 0x90,
    0x30, 0x0, 0x26, 0x26, 0x0, 0x70, 0x11, 0x0,
    0x4a, 0x1, 0xce, 0x1, 0x18, 0x20, 0x1, 0x0,
    0x8, 0x0, 0x21, 0x40, 0x8, 0xc0, 0x3d, 0x80,
    0x16, 0x10, 0x5, 0x80, 0xc, 0x0, 0x93, 0x40,
    0x2b, 0x0, 0xf2, 0x0, 0x4a, 0x80, 0x12, 0x0,
    0x10, 0x2, 0xd3, 0x0, 0x90, 0x3, 0xc2, 0x60,
    0x1, 0xc0, 0x0, 0x90, 0x4, 0x80, 0x3, 0x50,
    0x0, 0x98, 0x7, 0xc8, 0x1, 0x28, 0x1, 0x0,
    0x36, 0x0, 0x10, 0x40, 0x8, 0x1, 0xfa, 0xc0,
    0x3d, 0xe0, 0x19, 0x0, 0x3d, 0x80, 0x1f, 0x8c,
    0x3, 0xc8, 0x1, 0x8c, 0x40, 0x39, 0xc0, 0x3f,
    0x90, 0x3, 0x10, 0x80, 0x72, 0x0, 0x62, 0x10,
    0xf, 0xed, 0x0, 0xc8, 0x1, 0xec, 0x0, 0xc8,
    0x1, 0xc0,

    /* U+0058 "X" */
    0xb, 0xff, 0xc2, 0x1, 0xe2, 0xff, 0xd0, 0x0,
    0xa0, 0xd, 0x40, 0x1e, 0xe0, 0x8, 0xa0, 0x0,
    0x34, 0x1, 0x23, 0x0, 0x67, 0x30, 0xb, 0x80,
    0x32, 0xa8, 0x2, 0x91, 0x0, 0x14, 0x0, 0x4e,
    0x60, 0x1d, 0x62, 0x1, 0x58, 0x3, 0x80, 0x23,
    0x80, 0xf, 0xd, 0x80, 0x4a, 0x8c, 0x60, 0x17,
    0x0, 0x7e, 0x55, 0x0, 0x53, 0x0, 0x14, 0x10,
    0x7, 0xf5, 0x88, 0x0, 0x84, 0x0, 0x6e, 0x1,
    0xfe, 0x1a, 0x0, 0xf7, 0x0, 0x7f, 0xf0, 0x11,
    0x40, 0x34, 0x10, 0x7, 0xff, 0x5, 0xc0, 0x35,
    0x0, 0x7f, 0xf0, 0x68, 0x80, 0x31, 0x48, 0x7,
    0xfc, 0xaa, 0x0, 0xf3, 0x20, 0x7, 0xf1, 0x50,
    0x5, 0x8, 0x1, 0x50, 0x80, 0x7e, 0xe0, 0x8,
    0x9e, 0x40, 0x21, 0xb0, 0xf, 0xa0, 0xc0, 0x2e,
    0x2, 0x90, 0x9, 0x54, 0x1, 0xc6, 0xe0, 0x14,
    0x18, 0x1, 0x90, 0x2, 0xa2, 0x0, 0xdc, 0x1,
    0x1b, 0x80, 0x69, 0x0, 0xdc, 0x1, 0x51, 0x0,
    0x5c, 0x1, 0xc5, 0x20, 0x11, 0xb8, 0x2a, 0x80,
    0x29, 0x20, 0xf, 0x32, 0x0, 0x50, 0x40,

    /* U+0059 "Y" */
    0x7f, 0xfc, 0xc0, 0x1f, 0xb3, 0xff, 0xb, 0x90,
    0x5, 0x0, 0x1f, 0x29, 0x80, 0x52, 0x21, 0xc0,
    0x10, 0xc0, 0x7, 0xa0, 0x2, 0x26, 0x0, 0x1a,
    0x80, 0x4e, 0x40, 0x19, 0x88, 0x2, 0x90, 0xd,
    0x60, 0x1a, 0x0, 0x34, 0x0, 0x4a, 0x80, 0x18,
    0x64, 0x2, 0x53, 0x0, 0x40, 0x80, 0x56, 0x1,
    0xe6, 0x20, 0xb, 0xc0, 0x5c, 0x2, 0x81, 0x0,
    0xfb, 0x80, 0x23, 0x58, 0x0, 0x89, 0xc0, 0x3f,
    0x1a, 0x80, 0x56, 0xc0, 0x14, 0x80, 0x7f, 0xac,
    0x40, 0x2, 0x1, 0x22, 0x0, 0x3f, 0xc3, 0x0,
    0x1e, 0x90, 0xf, 0xfe, 0x3, 0x18, 0x6, 0x72,
    0x0, 0xff, 0xe0, 0xc0, 0x6, 0x80, 0xf, 0xfe,
    0x13, 0x80, 0x42, 0x1, 0xff, 0xff, 0x0, 0xff,
    0xf4, 0x80,

    /* U+005A "Z" */
    0xd, 0xff, 0xff, 0xe1, 0x80, 0x7f, 0xf6, 0xa9,
    0x9b, 0xf9, 0x0, 0x32, 0x80, 0x1e, 0x67, 0xf4,
    0x30, 0x4, 0x74, 0x1, 0xff, 0x69, 0x0, 0x7,
    0x40, 0x3f, 0xea, 0x30, 0xb, 0x44, 0x3, 0xfc,
    0xea, 0x1, 0x49, 0x80, 0x7f, 0x92, 0x0, 0x26,
    0x60, 0x7, 0xf8, 0xac, 0x2, 0x39, 0x0, 0xff,
    0xbc, 0x2, 0x1d, 0x0, 0xff, 0xac, 0x80, 0x2d,
    0x10, 0xf, 0xf4, 0x20, 0x5, 0x26, 0x1, 0xfe,
    0x57, 0x0, 0x99, 0x80, 0x1f, 0xe2, 0xa0, 0x9,
    0x24, 0x3, 0xfc, 0x3e, 0x1, 0x15, 0x0, 0x7f,
    0xd4, 0x40, 0x13, 0x44, 0xcf, 0xf0, 0xa, 0x0,
    0x64, 0x66, 0xff, 0x0, 0x7f, 0xf6, 0x40,

    /* U+005B "[" */
    0x2, 0x2f, 0x8, 0x6e, 0xfa, 0x40, 0x3f, 0xf9,
    0x3f, 0xe8, 0x0, 0xff, 0xff, 0x80, 0x7f, 0xfd,
    0x88, 0x82, 0x1, 0xdb, 0xa9, 0x0, 0xff, 0xe2,
    0x0,

    /* U+005C "\\" */
    0x68, 0x82, 0x80, 0x7d, 0xee, 0xeb, 0x0, 0xfb,
    0x0, 0x2, 0x60, 0x1e, 0x40, 0x9, 0x0, 0x3c,
    0x26, 0x0, 0xc0, 0xf, 0x90, 0x0, 0x80, 0x1f,
    0x60, 0x4, 0x80, 0x1e, 0x40, 0xb, 0x0, 0x3e,
    0x40, 0x2, 0x0, 0x7d, 0x80, 0x3, 0x10, 0xf,
    0x20, 0x4, 0x80, 0x1e, 0x31, 0x0, 0x60, 0x7,
    0xc8, 0x0, 0x40, 0xf, 0xb0, 0x0, 0x44, 0x0,
    0xf2, 0x0, 0x48, 0x1, 0xe2, 0x20, 0x3, 0x0,
    0x3e, 0x40, 0x2, 0x0, 0x7d, 0x80, 0x1, 0x30,
    0xf, 0x20, 0x4, 0x80, 0x1e, 0x13, 0x0, 0x60,
    0x7, 0xc8, 0x0, 0x40, 0xf, 0xb0, 0x2, 0x40,
    0xf, 0x20, 0x5, 0x80, 0x1f, 0x20, 0x1, 0x40,
    0x3e, 0xc0, 0x1, 0x8,

    /* U+005D "]" */
    0x22, 0xf0, 0xee, 0xfa, 0x0, 0x3f, 0xf8, 0x5f,
    0xe9, 0x0, 0xff, 0xff, 0x80, 0x7f, 0xf9, 0x8,
    0x82, 0x1, 0xb7, 0x50, 0x1, 0xff, 0xc6,

    /* U+005E "^" */
    0x0, 0xc9, 0xbb, 0x28, 0x7, 0xe8, 0x22, 0xa0,
    0x3, 0xe3, 0x30, 0x4, 0x4a, 0x1, 0xe9, 0x0,
    0x38, 0x2, 0x40, 0x38, 0x94, 0xa, 0xc, 0xd,
    0x0, 0x35, 0x80, 0x2c, 0x24, 0x1, 0xe0, 0x10,
    0xb0, 0x1, 0x81, 0x48, 0x10, 0xc0, 0x12, 0x0,
    0x70, 0xa, 0x80, 0x12, 0x0, 0x70, 0x5, 0x0,
    0x4e, 0x0, 0x52, 0xd, 0xd7, 0x10, 0x6, 0xed,
    0xd1, 0x0,

    /* U+005F "_" */
    0x22, 0xff, 0xe0, 0x86, 0xef, 0xff, 0x5, 0x40,
    0x3f, 0xfa, 0x0,

    /* U+0060 "`" */
    0x34, 0x48, 0x3, 0x5d, 0xd0, 0x0, 0x39, 0x0,
    0x38, 0x80, 0x19, 0x40, 0x10, 0x1, 0x51, 0x3,
    0x10,

    /* U+0061 "a" */
    0x0, 0xcd, 0x7d, 0xfe, 0xda, 0x40, 0xe, 0x2d,
    0x94, 0x10, 0x1, 0x2d, 0xd0, 0x6, 0xf2, 0x0,
    0xfc, 0xae, 0x0, 0x52, 0x0, 0x15, 0xff, 0x30,
    0x5, 0x20, 0x2, 0x33, 0xb9, 0x0, 0x64, 0x40,
    0x2, 0x20, 0x7c, 0xc8, 0xc0, 0x24, 0x10, 0x8,
    0xc0, 0x21, 0x69, 0xcd, 0xfb, 0x0, 0xfa, 0x7a,
    0x58, 0xc8, 0x3, 0xf4, 0x30, 0x4, 0x4d, 0x18,
    0x40, 0x1c, 0xe0, 0x15, 0xec, 0xb9, 0x80, 0x70,
    0x80, 0x46, 0x80, 0x10, 0x90, 0x6, 0x10, 0x8,
    0xcc, 0x0, 0x2d, 0x0, 0xf1, 0x80, 0x59, 0xdb,
    0xa3, 0x0, 0xf7, 0x8, 0x4, 0x24, 0xc, 0x60,
    0x1c, 0x5e, 0xc4, 0x0, 0x39, 0x90, 0x7, 0x0,

    /* U+0062 "b" */
    0x8f, 0xfa, 0x0, 0x3f, 0xff, 0xe0, 0x1e, 0x7d,
    0xff, 0x63, 0x0, 0x7f, 0x5c, 0x10, 0x0, 0xe6,
    0xc0, 0x3e, 0x64, 0x0, 0xf2, 0x50, 0x7, 0x84,
    0x1e, 0xa4, 0x80, 0x25, 0x30, 0xf, 0x5c, 0x2b,
    0x69, 0x0, 0x52, 0x1, 0xc8, 0x80, 0xd, 0x0,
    0x12, 0x0, 0x76, 0x0, 0x72, 0x0, 0x42, 0x1,
    0xc2, 0x1, 0xc2, 0x1, 0x84, 0x3, 0x8, 0x7,
    0x8, 0x6, 0x10, 0xd, 0x80, 0x1c, 0x80, 0x10,
    0x80, 0x72, 0x20, 0x3, 0x40, 0x4, 0x80, 0x1e,
    0xb8, 0x46, 0xd2, 0x0, 0xb8, 0x3, 0x84, 0x1e,
    0xe4, 0x80, 0x24, 0x40, 0x7, 0x32, 0x0, 0x78,
    0xec, 0x3, 0xdf, 0x70, 0x40, 0x3, 0x9c, 0x0,
    0x80,

    /* U+0063 "c" */
    0x0, 0xc5, 0x3b, 0xfe, 0xea, 0x40, 0xf, 0x3e,
    0xb1, 0x0, 0x5, 0x6e, 0xc0, 0x19, 0xe0, 0x3,
    0xf2, 0x58, 0x0, 0xa0, 0x2, 0x3a, 0xb7, 0x0,
    0x91, 0x42, 0xc0, 0x23, 0xc5, 0x48, 0x90, 0xb,
    0x81, 0xc0, 0x28, 0x0, 0xcc, 0xd8, 0xc4, 0x40,
    0x12, 0x0, 0x74, 0xcd, 0x6, 0x1, 0xff, 0xc2,
    0x30, 0xf, 0xfe, 0x10, 0x88, 0x2, 0x40, 0xe,
    0xaa, 0xa4, 0x10, 0x2, 0x80, 0xc, 0xca, 0xb1,
    0x4, 0x0, 0x47, 0x8a, 0x91, 0x20, 0x17, 0x1,
    0x40, 0x4, 0x75, 0x6e, 0x1, 0x22, 0x80, 0x1e,
    0x0, 0x3f, 0x25, 0x80, 0x67, 0xd6, 0x20, 0x0,
    0xad, 0xd8, 0x0,

    /* U+0064 "d" */
    0x0, 0xff, 0xa7, 0xfe, 0x70, 0xf, 0xff, 0xc3,
    0x67, 0xfb, 0x58, 0x3, 0xfb, 0x24, 0xc0, 0x5,
    0x34, 0x1, 0xf5, 0x98, 0x7, 0x95, 0xc0, 0x39,
    0x10, 0x1, 0x1d, 0x51, 0x80, 0x40, 0x3b, 0xc0,
    0x23, 0xc5, 0x54, 0xd0, 0x7, 0x90, 0x2, 0x80,
    0xc, 0xa6, 0x1, 0x84, 0x3, 0x20, 0x7, 0x20,
    0x6, 0x30, 0xf, 0xf7, 0x80, 0x63, 0x0, 0xff,
    0x78, 0x6, 0x10, 0xc, 0x80, 0x1c, 0x80, 0x1c,
    0x80, 0x14, 0x0, 0x65, 0x30, 0xe, 0xe0, 0x8,
    0xf1, 0x55, 0x34, 0x1, 0xe5, 0x40, 0x8, 0xea,
    0x8c, 0x2, 0x1, 0xea, 0x30, 0xf, 0x23, 0x0,
    0x78, 0x72, 0x4c, 0x0, 0x51, 0x60, 0x1c,

    /* U+0065 "e" */
    0x0, 0xc5, 0x3b, 0xfe, 0xd9, 0x20, 0xf, 0x9f,
    0x58, 0x80, 0x4, 0xdb, 0x0, 0x1c, 0xf0, 0x1,
    0xf9, 0xe0, 0x2, 0x28, 0x0, 0xa3, 0x7a, 0x84,
    0x0, 0xe6, 0x0, 0xb0, 0xa, 0x9c, 0x85, 0x74,
    0x2, 0x90, 0x3, 0x80, 0x5, 0x40, 0x31, 0x98,
    0x0, 0x80, 0x22, 0x0, 0xf, 0xff, 0x8c, 0x0,
    0x22, 0x30, 0xf, 0xfe, 0x19, 0x80, 0x66, 0x6f,
    0xf0, 0x8, 0x80, 0x29, 0x9f, 0xf0, 0x82, 0x0,
    0x4c, 0x1, 0xd5, 0x76, 0x90, 0x4, 0x0, 0x52,
    0xe4, 0x27, 0x6a, 0x88, 0x10, 0x1, 0x40, 0x5,
    0x1b, 0xd8, 0x80, 0x2, 0x80, 0x9, 0xe0, 0x3,
    0xf1, 0xe0, 0x7, 0x3e, 0xb1, 0x0, 0x5, 0x6b,
    0x4, 0x0,

    /* U+0066 "f" */
    0x0, 0xc7, 0x7d, 0xff, 0x0, 0x64, 0xc4, 0x10,
    0xf, 0xa4, 0x3, 0xf8, 0x48, 0x2, 0x8c, 0xd0,
    0xf, 0xce, 0x64, 0x19, 0xfc, 0x1, 0xbf, 0xdc,
    0x1, 0xff, 0xcb, 0xed, 0xb0, 0xd, 0xba, 0xc0,
    0x22, 0x28, 0x4, 0x24, 0x50, 0x7, 0xff, 0xfc,
    0x3, 0xff, 0xb0,

    /* U+0067 "g" */
    0x0, 0xcd, 0x9f, 0xed, 0x60, 0x8f, 0xf9, 0xc0,
    0x2b, 0x93, 0x0, 0x14, 0xd8, 0x7, 0xd4, 0x80,
    0x1e, 0x46, 0x0, 0xe4, 0x50, 0x8, 0xea, 0xdc,
    0x4, 0x3, 0xb8, 0x2, 0x3c, 0x54, 0x8b, 0x0,
    0xf2, 0x80, 0x50, 0x1, 0x90, 0xc0, 0x30, 0x80,
    0x64, 0x0, 0xe4, 0x0, 0xc6, 0x1, 0xfe, 0xf0,
    0xc, 0x60, 0x1f, 0xef, 0x0, 0xc2, 0x1, 0x90,
    0x3, 0x90, 0x3, 0x90, 0x2, 0xf0, 0xc, 0x86,
    0x1, 0xdc, 0x1, 0x25, 0xa1, 0xbd, 0x80, 0x79,
    0x50, 0x2, 0x4b, 0xc8, 0x1, 0x0, 0xf5, 0x18,
    0x7, 0x91, 0xc0, 0x3c, 0x39, 0x26, 0x0, 0x28,
    0xb0, 0xf, 0xe6, 0xcf, 0xf6, 0xb8, 0x7, 0x8,
    0x1c, 0xcc, 0x80, 0x1c, 0xe0, 0x12, 0x80, 0xb3,
    0x56, 0xa0, 0x2, 0xb1, 0x0, 0x11, 0x81, 0x30,
    0x5, 0x5f, 0xed, 0x40, 0xa, 0x0, 0x29, 0x50,
    0xf, 0xe9, 0x50, 0xd, 0x58, 0xa4, 0x0, 0x13,
    0x7e, 0x60, 0x0,

    /* U+0068 "h" */
    0x8f, 0xfa, 0x0, 0x3f, 0xff, 0xe0, 0xb9, 0xfe,
    0xc6, 0x0, 0xfc, 0xf4, 0x60, 0x3, 0x9b, 0x0,
    0xf2, 0x40, 0x7, 0x91, 0x80, 0x38, 0xc1, 0x5d,
    0x0, 0x35, 0x0, 0x7b, 0x2a, 0x2e, 0x0, 0x23,
    0x0, 0xe4, 0x30, 0x9, 0xc0, 0x30, 0x80, 0x63,
    0x0, 0xe1, 0x0, 0x8c, 0x3, 0xff, 0xfe, 0x1,
    0xff, 0xe1,

    /* U+0069 "i" */
    0x1c, 0xfc, 0x2b, 0x30, 0x38, 0x10, 0x9, 0xbc,
    0x2, 0x84, 0xeb, 0xe4, 0x8e, 0xbe, 0x80, 0xf,
    0xff, 0xd0,

    /* U+006A "j" */
    0x0, 0xe, 0x7e, 0x10, 0x2, 0xcc, 0xe, 0x40,
    0x2, 0x1, 0x38, 0x3, 0xc0, 0x29, 0x0, 0x27,
    0x5f, 0x28, 0x2, 0x3a, 0xfa, 0x0, 0x3f, 0xff,
    0xe0, 0x1f, 0xfd, 0x93, 0x46, 0x0, 0xbb, 0x6c,
    0x40, 0x24, 0x0, 0xe8, 0x20, 0x0, 0xa5, 0x38,
    0x0,

    /* U+006B "k" */
    0x8f, 0xfa, 0x0, 0x3f, 0xff, 0xe0, 0x1a, 0xff,
    0xee, 0x10, 0xf, 0xd2, 0x80, 0x16, 0x8, 0x7,
    0xce, 0xc0, 0x15, 0x90, 0x7, 0xc9, 0x0, 0x14,
    0xa0, 0x7, 0xc7, 0x60, 0x13, 0x30, 0x3, 0xe2,
    0xd0, 0x9, 0x24, 0x3, 0xf2, 0x88, 0x0, 0x6c,
    0x3, 0xff, 0x82, 0x2a, 0x1, 0xff, 0xc2, 0xa1,
    0x0, 0xfe, 0x91, 0x0, 0xb4, 0x3, 0xf3, 0x32,
    0x80, 0x23, 0x70, 0xf, 0x84, 0x11, 0xc0, 0x28,
    0x30, 0xf, 0xe8, 0x30, 0xb, 0x80, 0x3f, 0xdc,
    0x1, 0x15, 0x0, 0x7f, 0x14, 0x80, 0x4a, 0xa0,

    /* U+006C "l" */
    0x8f, 0xfa, 0x0, 0x3f, 0xff, 0xe0, 0x1f, 0xfc,
    0x80,

    /* U+006D "m" */
    0x8f, 0xf9, 0x41, 0xb7, 0xfa, 0x88, 0x0, 0x33,
    0xdf, 0xd4, 0x40, 0x1e, 0x3a, 0x92, 0x1, 0x5c,
    0x23, 0xf6, 0x10, 0x15, 0xd3, 0x0, 0xed, 0x50,
    0xe, 0x19, 0xe1, 0x0, 0xf7, 0x0, 0x72, 0xc,
    0x49, 0x80, 0x48, 0x47, 0x30, 0x40, 0x11, 0x18,
    0x6, 0x1f, 0x76, 0xc2, 0x0, 0x8b, 0x19, 0xf0,
    0x40, 0x25, 0x0, 0xce, 0x20, 0x12, 0x80, 0x54,
    0x1, 0xa, 0x0, 0x7e, 0x10, 0xd, 0xe0, 0x10,
    0x80, 0x63, 0x0, 0xff, 0xff, 0x80, 0x7f, 0xff,
    0xc0, 0x3f, 0xfb, 0x40,

    /* U+006E "n" */
    0x8f, 0xf9, 0xc1, 0xb3, 0xfd, 0x8c, 0x1, 0xfa,
    0xe4, 0xc0, 0x7, 0x36, 0x1, 0xe9, 0x40, 0xf,
    0x23, 0x0, 0x70, 0x82, 0xba, 0x0, 0x6a, 0x0,
    0xf6, 0x54, 0x5c, 0x0, 0x46, 0x1, 0xc8, 0x60,
    0x13, 0x80, 0x61, 0x0, 0xc6, 0x1, 0xc2, 0x1,
    0x18, 0x7, 0xff, 0xfc, 0x3, 0xff, 0xc2,

    /* U+006F "o" */
    0x0, 0xc5, 0x1b, 0xfe, 0xeb, 0x50, 0xf, 0x9f,
    0x5c, 0x80, 0x2, 0x95, 0x82, 0x1, 0x9e, 0x0,
    0x3f, 0x1e, 0x8, 0x0, 0xa0, 0x2, 0x39, 0xb7,
    0x0, 0x8a, 0x0, 0x16, 0x1, 0x1e, 0x32, 0x45,
    0x0, 0x4c, 0x20, 0xe0, 0x14, 0x0, 0x65, 0x20,
    0x9, 0x4, 0x40, 0x12, 0x0, 0x72, 0x0, 0x5a,
    0x60, 0x1f, 0xee, 0x0, 0x84, 0xc0, 0x3f, 0xdc,
    0x1, 0x8, 0xc0, 0x12, 0x0, 0x72, 0x0, 0x5c,
    0x8, 0x1, 0x40, 0x6, 0x52, 0x0, 0x9c, 0x20,
    0x2, 0x3c, 0x64, 0x8a, 0x0, 0x98, 0x40, 0xa0,
    0x2, 0x39, 0xb7, 0x0, 0x8a, 0x0, 0x27, 0x80,
    0xf, 0xc7, 0x82, 0x1, 0x9f, 0x5c, 0x80, 0x2,
    0x95, 0x82, 0x0,

    /* U+0070 "p" */
    0x8f, 0xf9, 0xc1, 0xf7, 0xfd, 0x8c, 0x1, 0xfb,
    0xf2, 0x8, 0x0, 0x73, 0x60, 0x1f, 0x39, 0x80,
    0x79, 0x28, 0x3, 0xf3, 0xd4, 0x90, 0x4, 0xa6,
    0x1, 0xeb, 0x85, 0x6d, 0x20, 0xa, 0x40, 0x39,
    0x10, 0x1, 0xa0, 0x2, 0x40, 0xe, 0xc0, 0xe,
    0x40, 0x8, 0x40, 0x38, 0x40, 0x38, 0x40, 0x30,
    0x80, 0x61, 0x0, 0xe1, 0x0, 0xc2, 0x1, 0xb0,
    0x3, 0x90, 0x2, 0x10, 0xe, 0x44, 0x0, 0x68,
    0x0, 0x90, 0x3, 0xd7, 0x8, 0xda, 0x40, 0x17,
    0x0, 0x70, 0x83, 0xdc, 0x90, 0x4, 0x88, 0x0,
    0xe6, 0x40, 0xf, 0x1d, 0x80, 0x7d, 0x70, 0x40,
    0x3, 0x9c, 0x0, 0xfe, 0x7d, 0xff, 0x63, 0x0,
    0x7f, 0xff, 0xc0, 0x3f, 0x80,

    /* U+0071 "q" */
    0x0, 0xcd, 0x9f, 0xed, 0x60, 0x8f, 0xf9, 0xc0,
    0x2c, 0x93, 0x0, 0x14, 0xd8, 0x80, 0x7a, 0xcc,
    0x3, 0xc8, 0xc0, 0x1c, 0x88, 0x0, 0x8e, 0xa8,
    0xc0, 0x1f, 0x78, 0x4, 0x78, 0xaa, 0x9a, 0x0,
    0xf2, 0x0, 0x50, 0x1, 0x94, 0xc0, 0x30, 0x80,
    0x64, 0x0, 0xe4, 0x0, 0xc6, 0x1, 0xfe, 0xf0,
    0xc, 0x60, 0x1f, 0xef, 0x0, 0xc2, 0x1, 0x90,
    0x3, 0x90, 0x3, 0x90, 0x2, 0x80, 0xc, 0xa6,
    0x1, 0xdc, 0x1, 0x1e, 0x2a, 0xa6, 0x80, 0x3c,
    0xa8, 0x1, 0x1d, 0x51, 0x80, 0x40, 0x3d, 0x46,
    0x1, 0xe5, 0x70, 0xf, 0xe, 0x49, 0x80, 0xa,
    0x68, 0x3, 0xf9, 0xb3, 0xfd, 0xac, 0x1, 0xff,
    0xff, 0x0, 0xff, 0x80,

    /* U+0072 "r" */
    0x0, 0xff, 0x47, 0xfc, 0xc7, 0x7f, 0xe3, 0x0,
    0xdd, 0x88, 0x1, 0xf3, 0x0, 0x7f, 0x8, 0x3d,
    0x50, 0x80, 0x3b, 0x21, 0x54, 0x20, 0x19, 0xc,
    0x3, 0xf1, 0x80, 0x7f, 0xff, 0xc0, 0x3f, 0xc0,

    /* U+0073 "s" */
    0x0, 0x8a, 0x77, 0xfd, 0xd8, 0xe0, 0x1e, 0x7d,
    0x62, 0x0, 0x9, 0xc7, 0x10, 0x4, 0x90, 0x1,
    0x84, 0x2, 0x1c, 0x0, 0xbc, 0x2, 0x5f, 0xee,
    0x20, 0x0, 0x58, 0x0, 0xc0, 0x14, 0x80, 0x6,
    0x91, 0x21, 0x0, 0x30, 0x5, 0xe8, 0x0, 0x1b,
    0xb9, 0xc0, 0x1e, 0x1, 0x1d, 0xfe, 0xd3, 0x90,
    0x6, 0x49, 0x0, 0xe2, 0x58, 0xd9, 0x0, 0xcd,
    0xd2, 0xa4, 0x1, 0xcd, 0x0, 0x18, 0x5a, 0xb7,
    0xed, 0x0, 0x26, 0x1, 0xdd, 0xac, 0x2, 0x49,
    0x0, 0x84, 0x4, 0x8, 0x89, 0x0, 0x1, 0xb0,
    0x8, 0x80, 0x10, 0x1, 0x3f, 0xf7, 0x18, 0x2,
    0x80, 0x2, 0xc8, 0x6, 0x10, 0xd, 0xa, 0x1,
    0x36, 0xb9, 0x80, 0x46, 0xfa, 0xe0, 0x0,

    /* U+0074 "t" */
    0x0, 0x14, 0x44, 0xa0, 0x1c, 0xef, 0xb8, 0x3,
    0xff, 0x97, 0x9f, 0x40, 0x12, 0x7f, 0xa8, 0x3,
    0xff, 0x91, 0xdb, 0x0, 0x11, 0xee, 0xac, 0x8a,
    0x0, 0x9c, 0x88, 0x20, 0x1f, 0xff, 0x65, 0x43,
    0x10, 0x3, 0x80, 0x43, 0x79, 0x0, 0x2, 0x50,
    0xe, 0x30, 0xa, 0xa0, 0xc0, 0x30,

    /* U+0075 "u" */
    0x8f, 0xfa, 0x0, 0x3b, 0xbf, 0xe2, 0x0, 0xff,
    0xff, 0x80, 0x7f, 0xf8, 0x7c, 0x2, 0x20, 0xc,
    0x22, 0x0, 0xc2, 0x1, 0x29, 0x0, 0x50, 0x1,
    0xc8, 0x1, 0xb2, 0x63, 0x18, 0x3, 0x88, 0xc0,
    0x21, 0x67, 0x30, 0x10, 0xe, 0xe1, 0x0, 0xf5,
    0x18, 0x7, 0x17, 0xb0, 0x80, 0xa6, 0x28, 0x7,
    0x0,

    /* U+0076 "v" */
    0x9f, 0xfa, 0x80, 0x3d, 0x9f, 0xf3, 0x50, 0x4,
    0x80, 0x1c, 0x26, 0x1, 0x39, 0x88, 0x0, 0x50,
    0x3, 0x38, 0x4, 0xa2, 0xc, 0x1, 0x68, 0x6,
    0xd0, 0xb, 0xc0, 0x14, 0x1, 0x38, 0x4, 0x28,
    0x0, 0x15, 0x0, 0x11, 0x80, 0x5, 0x0, 0xe,
    0x1, 0x38, 0x6, 0xa0, 0xb, 0x40, 0x1a, 0x1,
    0x50, 0x6, 0x70, 0x9, 0xc0, 0x8, 0x0, 0x23,
    0x0, 0xc2, 0x80, 0x1, 0x34, 0x0, 0x94, 0x3,
    0xdc, 0x1, 0x26, 0x80, 0x54, 0x1, 0xe5, 0x0,
    0xad, 0x0, 0x6, 0x40, 0x1f, 0x28, 0x0, 0xc8,
    0x1, 0x40, 0x1f, 0xb8, 0x3, 0xce, 0x1, 0xf9,
    0x4, 0x3, 0x20, 0x80, 0x7f, 0x30, 0x6, 0xe0,
    0xe,

    /* U+0077 "w" */
    0xaf, 0xfa, 0x40, 0x33, 0x7f, 0xd0, 0x1, 0xa3,
    0xfe, 0xcf, 0x0, 0x90, 0x3, 0x60, 0x4, 0x80,
    0x19, 0x0, 0x2b, 0x40, 0x8, 0x84, 0x2, 0x40,
    0x8, 0xc0, 0x31, 0x80, 0x4a, 0x28, 0x1, 0x20,
    0x0, 0x84, 0x3, 0x20, 0x1, 0x0, 0x22, 0x20,
    0x60, 0x5, 0x80, 0x5, 0x0, 0xec, 0x0, 0x60,
    0x4, 0x80, 0x5, 0x0, 0x90, 0x1, 0x80, 0x3,
    0x0, 0x20, 0x1, 0x0, 0x2d, 0x0, 0x11, 0x0,
    0x4, 0x20, 0x80, 0x8, 0x0, 0x18, 0x0, 0xc0,
    0x24, 0x0, 0x94, 0x2, 0x53, 0x0, 0x90, 0x80,
    0x8, 0x60, 0x12, 0x80, 0x6c, 0x0, 0xb1, 0x0,
    0x8, 0x8, 0x0, 0xc5, 0x0, 0xbc, 0x3, 0x20,
    0x4, 0x7a, 0x0, 0xd0, 0xd0, 0x2, 0x60, 0x4,
    0x80, 0x1c, 0xa0, 0x5, 0x40, 0x2, 0x2, 0x0,
    0xd, 0xc0, 0x6, 0x20, 0x1d, 0xe0, 0x1, 0x10,
    0x11, 0x0, 0x8, 0x0, 0x20, 0x5, 0x80, 0x79,
    0x0, 0x39, 0x40, 0x2c, 0x0, 0xe5, 0x0, 0xf0,
    0x98, 0x6, 0xc0, 0x9, 0x40, 0x31, 0x10, 0x3,
    0xeb, 0x0, 0xc8, 0x1, 0x10, 0x80, 0x48, 0x1,
    0x80,

    /* U+0078 "x" */
    0x1f, 0xfc, 0x80, 0x1b, 0x7f, 0xe7, 0x1, 0x90,
    0xa, 0x40, 0x27, 0x20, 0x1, 0xb8, 0x1, 0x8c,
    0x0, 0x4e, 0x3, 0x0, 0x17, 0x80, 0x6e, 0x0,
    0xa0, 0x60, 0x2, 0x73, 0x0, 0xc5, 0x0, 0x15,
    0x30, 0x0, 0xa0, 0x3, 0xce, 0x40, 0x4, 0x0,
    0xb8, 0x3, 0xf7, 0x0, 0x73, 0x98, 0x7, 0xe3,
    0x20, 0xd, 0x40, 0x1f, 0xcc, 0x40, 0x1b, 0x80,
    0x3f, 0x14, 0x80, 0x71, 0xb8, 0x7, 0xd2, 0x1,
    0x48, 0x5, 0x4, 0x1, 0xcc, 0x80, 0x3, 0x68,
    0x0, 0xb8, 0x3, 0x14, 0x80, 0x5e, 0xe, 0x40,
    0x3, 0x60, 0xa, 0x40, 0x26, 0x30, 0x4, 0x80,
    0x52, 0x20, 0xc8, 0x0, 0x18, 0x0, 0x91, 0x40,
    0x2a, 0x0,

    /* U+0079 "y" */
    0x9f, 0xfa, 0x80, 0x3d, 0x9f, 0xf3, 0x50, 0x4,
    0x80, 0x1c, 0x26, 0x1, 0x39, 0x90, 0x0, 0x50,
    0x3, 0x38, 0x4, 0xa2, 0x14, 0x1, 0x68, 0x6,
    0xa0, 0xb, 0x80, 0xa, 0x1, 0x38, 0x4, 0x26,
    0x0, 0x14, 0x0, 0x11, 0x80, 0x5, 0x0, 0xe,
    0x1, 0x38, 0x6, 0xa0, 0xb, 0x40, 0x1a, 0x1,
    0x50, 0x6, 0x60, 0x9, 0xc0, 0x50, 0x0, 0x46,
    0x1, 0xca, 0x0, 0x13, 0x40, 0xa, 0x80, 0x3d,
    0xc0, 0x12, 0x78, 0x4, 0xc0, 0x1e, 0x41, 0x0,
    0x5a, 0x80, 0x10, 0x40, 0x3e, 0x60, 0x1, 0x80,
    0x5c, 0x1, 0xfa, 0x80, 0x3c, 0xa0, 0x1f, 0x88,
    0xc0, 0x33, 0x0, 0x7f, 0xa8, 0x3, 0x50, 0x7,
    0xf8, 0x80, 0x22, 0x30, 0xf, 0xf6, 0x80, 0x54,
    0x1, 0xf8, 0xcc, 0xcc, 0x0, 0x94, 0x3, 0xe1,
    0xcc, 0x48, 0x4, 0xa4, 0x1, 0xf1, 0x80, 0x71,
    0x58, 0x7, 0xe1, 0x0, 0x85, 0xb0, 0x40, 0x3e,

    /* U+007A "z" */
    0x9f, 0xff, 0xf9, 0x80, 0x3f, 0xf9, 0xd7, 0x7f,
    0x18, 0x4, 0x4c, 0x48, 0x9c, 0x26, 0x1, 0x78,
    0x7, 0x8e, 0x80, 0x2a, 0x20, 0xe, 0x1d, 0x0,
    0x9d, 0x40, 0x3d, 0x42, 0x0, 0x48, 0x0, 0xf4,
    0x20, 0x0, 0x68, 0x3, 0xca, 0xe0, 0x16, 0x88,
    0x7, 0x1d, 0x0, 0x52, 0x60, 0x1c, 0x3a, 0x1,
    0x19, 0x22, 0x71, 0x40, 0x80, 0x47, 0x77, 0xf1,
    0x80, 0x7f, 0xf3, 0x40,

    /* U+007B "{" */
    0x0, 0xfe, 0x10, 0xf, 0x14, 0xf7, 0xf3, 0x80,
    0x63, 0xd6, 0x10, 0xf, 0xb8, 0x3, 0xf8, 0x48,
    0x2, 0x9e, 0x70, 0x9, 0x40, 0x23, 0x61, 0x0,
    0xfc, 0xa0, 0x1f, 0xfd, 0x2, 0x0, 0xff, 0x58,
    0x4, 0x20, 0x12, 0x67, 0x90, 0x5, 0x60, 0x11,
    0x18, 0x6, 0x83, 0x0, 0x84, 0x2, 0x1b, 0x70,
    0xc, 0x20, 0x10, 0xdb, 0x80, 0x66, 0xea, 0x0,
    0xa0, 0xc0, 0x30, 0xab, 0x80, 0x56, 0x1, 0xec,
    0x0, 0x84, 0x3, 0xff, 0xb6, 0xe0, 0x12, 0x80,
    0x78, 0x80, 0x23, 0x83, 0x0, 0xc2, 0x80, 0x13,
    0xe3, 0x80, 0x6a, 0x10, 0xf, 0xe1, 0xe8, 0x41,
    0x0, 0x0,

    /* U+007C "|" */
    0xaa, 0xa1, 0x57, 0x0, 0x7f, 0xff, 0xc0, 0x3f,
    0xfd, 0x20,

    /* U+007D "}" */
    0x11, 0x0, 0x7e, 0xee, 0x7e, 0x30, 0x7, 0xe3,
    0x9a, 0x0, 0xfe, 0x54, 0x0, 0xbf, 0xc, 0x2,
    0xd0, 0xc, 0x70, 0x1, 0x10, 0x7, 0x30, 0x4,
    0xe0, 0x1c, 0x60, 0x1f, 0xfc, 0xb2, 0x0, 0xe1,
    0x0, 0x85, 0x40, 0x38, 0xc0, 0x2a, 0xda, 0x0,
    0xb8, 0x80, 0x22, 0x40, 0x8, 0xb5, 0x40, 0x3e,
    0x1d, 0x50, 0xf, 0xa8, 0x80, 0xb, 0xbc, 0x1,
    0x20, 0x5, 0x44, 0x1, 0x8, 0x4, 0x60, 0x1f,
    0xfc, 0xd3, 0x0, 0xfe, 0x70, 0x9, 0xc0, 0x22,
    0x58, 0x0, 0x8c, 0x2, 0xda, 0x20, 0xa, 0x80,
    0x3f, 0x41, 0x0, 0x71, 0x36, 0x38, 0x6,

    /* U+007E "~" */
    0x0, 0x15, 0x7f, 0xb1, 0x40, 0x32, 0xc4, 0x14,
    0x7, 0x14, 0x0, 0x75, 0x40, 0xb, 0x9d, 0xda,
    0x10, 0x20, 0x1c, 0xbc, 0xf2, 0x80, 0xe, 0x7,
    0x0, 0x14, 0x28, 0x0, 0x61, 0x80, 0x27, 0x11,
    0x0, 0x39, 0xea, 0x80, 0x1e, 0x81, 0x13, 0x34,
    0x60, 0x5, 0xd5, 0x10, 0x29, 0x70,

    /* U+00A0 " " */

    /* U+00A1 "¡" */
    0x9, 0xfd, 0x40, 0x66, 0x1, 0x50, 0x78, 0x4,
    0x22, 0xd0, 0x8, 0x85, 0x29, 0x5b, 0x0, 0xb,
    0x52, 0x20, 0x3, 0x38, 0x40, 0x73, 0x2b, 0x0,
    0xf8, 0xc0, 0x3f, 0x84, 0x4, 0x3, 0xf9, 0xc0,
    0x3e, 0x70, 0xf, 0xe1, 0x1, 0x0, 0xfe, 0x30,
    0xf, 0x8c, 0x3, 0xf8, 0x40,

    /* U+00A2 "¢" */
    0x0, 0xfa, 0xbc, 0x3, 0xff, 0x9a, 0x51, 0xaa,
    0x1d, 0x48, 0x1, 0xe6, 0xd7, 0x20, 0x0, 0xad,
    0xd0, 0x6, 0x69, 0x0, 0xfc, 0xb6, 0x0, 0x29,
    0x0, 0x8c, 0x81, 0xc0, 0x24, 0x50, 0xb0, 0x8,
    0xf1, 0xc2, 0x24, 0x2, 0xe0, 0x70, 0xa, 0x0,
    0x33, 0x2a, 0xc4, 0x22, 0x0, 0x90, 0x3, 0xaa,
    0xa9, 0x30, 0xf, 0xfe, 0x11, 0x80, 0x7f, 0xf0,
    0x84, 0x3, 0x18, 0x7, 0x3b, 0xcc, 0x8, 0x1,
    0x48, 0x6, 0x48, 0x8a, 0x83, 0xc0, 0x25, 0x81,
    0x4, 0xa0, 0xa, 0xc1, 0x14, 0x2, 0x74, 0xb,
    0x10, 0x1, 0x38, 0x2, 0x90, 0x3, 0xf0, 0xf8,
    0x6, 0xba, 0x20, 0xc, 0x2f, 0xc4, 0x1, 0xcb,
    0xbc, 0x81, 0xbd, 0x0, 0x1f, 0xc2, 0x20, 0x20,
    0xf, 0xfe, 0x40,

    /* U+00A3 "£" */
    0x0, 0xf3, 0x5f, 0x7f, 0xb1, 0xc0, 0x3f, 0x1e,
    0xca, 0x8, 0x0, 0xe3, 0x8c, 0x3, 0x8b, 0x8,
    0x3, 0xe1, 0xc2, 0x0, 0xd2, 0x1, 0x96, 0x1c,
    0x40, 0x29, 0x0, 0x85, 0x0, 0x2a, 0xa3, 0xc7,
    0x88, 0x1, 0x4, 0x0, 0xa0, 0x11, 0x28, 0x4,
    0x28, 0x1, 0x10, 0x7, 0x84, 0x3, 0xab, 0xfe,
    0x30, 0x3, 0x80, 0x7f, 0xf0, 0xff, 0x0, 0x23,
    0xff, 0xd4, 0x1, 0xff, 0xdc, 0xee, 0x0, 0x6e,
    0xed, 0x40, 0x1e, 0x11, 0x0, 0x61, 0x1c, 0x1,
    0xfc, 0x20, 0x1f, 0xfc, 0x43, 0x0, 0xfe, 0x11,
    0x80, 0x31, 0x0, 0x10, 0x3, 0x9f, 0xba, 0x50,
    0x8d, 0x0, 0x8d, 0xdf, 0xac, 0x2, 0x10, 0x72,
    0x0, 0x9e, 0x23, 0x8c, 0x2, 0x50, 0xf, 0xfe,
    0x1b, 0x88, 0x7, 0xff, 0x4, 0xa6, 0x0,

    /* U+00A4 "¤" */
    0x0, 0x10, 0x7, 0xff, 0x4, 0x80, 0x26, 0xd6,
    0x1, 0x7c, 0xff, 0x75, 0xb0, 0x2, 0x35, 0x0,
    0xa4, 0x26, 0x5d, 0x6, 0x0, 0x14, 0x9e, 0xa7,
    0xb, 0x12, 0x80, 0x3, 0x0, 0x9, 0x9d, 0x44,
    0x5, 0x40, 0x14, 0x20, 0xea, 0x0, 0x1b, 0xd9,
    0x8a, 0xe8, 0x0, 0xa1, 0x40, 0x2, 0x80, 0x38,
    0x80, 0x1c, 0xf6, 0x0, 0xb0, 0x9, 0x84, 0x2c,
    0x80, 0x3e, 0x46, 0x3, 0x30, 0x3, 0x0, 0x94,
    0x3, 0xfa, 0x0, 0x16, 0x0, 0x50, 0x70, 0xf,
    0xf0, 0x90, 0x10, 0x0, 0x40, 0x80, 0x3f, 0xe1,
    0x1, 0x0, 0x8, 0x10, 0x7, 0xfc, 0x40, 0x20,
    0x5, 0x4, 0x0, 0xff, 0x10, 0x81, 0x0, 0x30,
    0x5, 0x40, 0x3f, 0xac, 0x1, 0x60, 0x7, 0x10,
    0xb2, 0x0, 0xf9, 0x58, 0xc, 0xc0, 0x11, 0x0,
    0xe2, 0x80, 0x74, 0x50, 0x1, 0x80, 0x2c, 0x30,
    0x0, 0xd7, 0x54, 0xdf, 0xb8, 0x4, 0xb4, 0x2,
    0x40, 0x30, 0x0, 0x15, 0x64, 0x0, 0x14, 0x80,
    0x18, 0x7, 0xf, 0x1f, 0xa0, 0xc0, 0x2, 0x93,
    0xad, 0x87, 0xa0, 0x2, 0xc2, 0x1, 0x7c, 0xff,
    0x75, 0xb0, 0x0, 0xf0, 0x40,

    /* U+00A5 "¥" */
    0x9f, 0xfa, 0x80, 0x38, 0xbf, 0xf0, 0xd8, 0x4,
    0xa2, 0x1, 0xac, 0x2, 0x61, 0x25, 0x0, 0x98,
    0x3, 0x30, 0x5, 0x60, 0x9, 0x0, 0xa4, 0x2,
    0x60, 0x9, 0x48, 0x0, 0x68, 0x0, 0x15, 0x0,
    0x58, 0x5, 0x20, 0x1a, 0x0, 0x29, 0x4, 0x20,
    0x2, 0x18, 0x6, 0x33, 0x0, 0xc, 0xde, 0x1,
    0x40, 0x7, 0xa0, 0x2, 0x84, 0x0, 0x19, 0x80,
    0x3c, 0x84, 0x0, 0x40, 0xa, 0x0, 0x39, 0x19,
    0xa0, 0xf, 0x13, 0x28, 0x5, 0xf3, 0x24, 0x0,
    0xf4, 0xcc, 0x1, 0xff, 0xc7, 0xbf, 0xfa, 0x80,
    0x24, 0xff, 0xb0, 0x2, 0x46, 0x6b, 0xc0, 0x26,
    0x6c, 0xa0, 0x17, 0xcc, 0xca, 0x1, 0x14, 0xce,
    0x0, 0xff, 0xe3, 0xdf, 0xfd, 0x40, 0x12, 0x7f,
    0xd8, 0x1, 0xff, 0xe6,

    /* U+00A6 "¦" */
    0x5f, 0xf9, 0x0, 0x3f, 0xfb, 0x8f, 0x11, 0x31,
    0x3b, 0xc4, 0x1, 0xff, 0xc8, 0x5f, 0xf9, 0x0,
    0x3f, 0xfb, 0x8e, 0xf9, 0x80,

    /* U+00A7 "§" */
    0x0, 0xcd, 0x9d, 0xfe, 0xc6, 0x0, 0xfb, 0x24,
    0xc4, 0x0, 0x73, 0x80, 0x1d, 0x26, 0x1, 0xf1,
    0xc8, 0x6, 0x60, 0xa, 0x2e, 0x0, 0x26, 0x10,
    0x1, 0x0, 0x4e, 0xe4, 0x79, 0x0, 0x94, 0x3,
    0xfc, 0xd9, 0x92, 0x80, 0x8, 0x40, 0xe, 0xa0,
    0x11, 0x9c, 0x20, 0x14, 0x80, 0x55, 0xac, 0x1,
    0xf9, 0xd4, 0x2, 0x29, 0xf9, 0x20, 0xe, 0xb5,
    0x0, 0xf3, 0x6c, 0x80, 0x54, 0x80, 0xdf, 0xac,
    0x1, 0x9a, 0x0, 0xa, 0x0, 0xb0, 0x29, 0xe8,
    0x10, 0x3, 0x88, 0x6, 0x70, 0x8, 0x5f, 0x40,
    0x25, 0x2, 0x0, 0x52, 0x80, 0x63, 0x0, 0x9c,
    0x20, 0x2, 0xae, 0x81, 0x4, 0x0, 0x11, 0x82,
    0xc8, 0x4, 0x2f, 0xdb, 0x60, 0x5e, 0x1, 0x36,
    0xb0, 0x6, 0x20, 0x2d, 0x20, 0xc, 0x53, 0xf2,
    0x40, 0x11, 0x50, 0x7, 0xe6, 0xdb, 0x10, 0x2,
    0x90, 0x0, 0x91, 0x20, 0x9, 0x2c, 0x2, 0x40,
    0x2, 0xdd, 0xc6, 0x1, 0xfe, 0x40, 0xb, 0x59,
    0x1a, 0xc0, 0x25, 0x0, 0x1a, 0x0, 0x6, 0x6e,
    0x44, 0x0, 0x66, 0x0, 0xa8, 0xc0, 0x3e, 0x2e,
    0x0, 0xc3, 0x92, 0x62, 0x2, 0x71, 0xa4, 0x0,

    /* U+00A8 "¨" */
    0x1, 0x20, 0xc, 0x24, 0x0, 0x5e, 0xdd, 0x0,
    0x13, 0xb7, 0x43, 0x0, 0x2, 0x60, 0x80, 0x1,
    0x30, 0x80, 0x46, 0xe, 0x1, 0xf, 0x90, 0x32,
    0x84, 0x90, 0x2b, 0x0,

    /* U+00A9 "©" */
    0x0, 0xf1, 0xc6, 0x7f, 0xdb, 0x26, 0x1, 0xff,
    0x15, 0xe3, 0x98, 0x4, 0x4d, 0x98, 0x20, 0xf,
    0xc9, 0xa8, 0x1, 0xfc, 0x7a, 0xa0, 0x1e, 0x4b,
    0x0, 0x89, 0xef, 0x2e, 0x8, 0x2, 0xa5, 0x0,
    0xc3, 0x60, 0x14, 0x6c, 0x21, 0xa3, 0xec, 0x80,
    0x54, 0x60, 0x15, 0x80, 0x56, 0xe3, 0x3d, 0xfd,
    0x46, 0xd8, 0x1, 0x78, 0x0, 0x94, 0x1, 0x8,
    0x8f, 0x61, 0x1, 0x5c, 0x63, 0xa0, 0x1, 0xa0,
    0x50, 0x0, 0x5c, 0x6c, 0x40, 0x4, 0x20, 0x9,
    0x45, 0x30, 0x6, 0x82, 0x0, 0x18, 0x20, 0x0,
    0x9d, 0xbc, 0xe0, 0xf, 0xb, 0x0, 0x20, 0x10,
    0x3, 0x41, 0xc0, 0x16, 0x20, 0x8, 0x8b, 0x41,
    0x0, 0x4, 0x2, 0x0, 0x10, 0x10, 0x30, 0xe,
    0x77, 0x30, 0x8, 0x6, 0x10, 0x0, 0x80, 0x81,
    0x80, 0x73, 0xb9, 0x40, 0x40, 0x31, 0x0, 0x34,
    0x1c, 0x1, 0x62, 0x0, 0x98, 0x87, 0x82, 0x0,
    0x8, 0x10, 0x0, 0xc1, 0x60, 0x4, 0xec, 0xe6,
    0x0, 0x48, 0x58, 0x1, 0x2, 0x80, 0x2, 0xe5,
    0x60, 0x11, 0x88, 0x2, 0x4d, 0x4c, 0x1, 0xa0,
    0x4a, 0x0, 0x84, 0x47, 0x30, 0x80, 0xa6, 0x31,
    0xd0, 0x0, 0xd0, 0x1, 0x62, 0x0, 0xb7, 0x19,
    0xef, 0xeb, 0x36, 0xc0, 0xb, 0x80, 0x21, 0xa0,
    0xa, 0x36, 0x10, 0xd1, 0xf6, 0x40, 0x2a, 0x20,
    0xc, 0x96, 0x1, 0x13, 0xde, 0x5c, 0x10, 0x5,
    0x4a, 0x1, 0xe4, 0xd4, 0x0, 0xfe, 0x3d, 0x50,
    0xf, 0xc5, 0x78, 0xe6, 0x1, 0x13, 0x66, 0x8,
    0x3, 0x80,

    /* U+00AA "ª" */
    0x0, 0x9f, 0x3f, 0xdd, 0x6a, 0x1, 0xe, 0xc1,
    0x80, 0x5, 0x2a, 0x0, 0x10, 0x40, 0x31, 0x28,
    0x0, 0x72, 0x1, 0x66, 0x63, 0xb5, 0x88, 0x1,
    0xc2, 0x26, 0x42, 0xaf, 0x42, 0x1, 0x8a, 0xff,
    0x2a, 0x14, 0x3, 0xb1, 0x1, 0x27, 0x38, 0x80,
    0x24, 0x10, 0x1b, 0x63, 0x12, 0x0, 0x9c, 0x0,
    0x2e, 0x6b, 0x80, 0x18, 0xc8, 0x1, 0x19, 0x44,
    0x20, 0x1b, 0x18, 0x40, 0xb, 0xe6, 0x1, 0x0,

    /* U+00AB "«" */
    0x0, 0xe5, 0xff, 0xb8, 0x87, 0x7f, 0xe7, 0x0,
    0xc7, 0x40, 0x15, 0x16, 0x90, 0x1, 0x5c, 0x2,
    0x2d, 0x0, 0xa5, 0x28, 0xc0, 0x7, 0x40, 0x1b,
    0xc4, 0x0, 0xcc, 0x75, 0x0, 0xe, 0x80, 0x6b,
    0x20, 0x1, 0xca, 0xc0, 0x5, 0xa2, 0x1, 0x4a,
    0x0, 0xb, 0x4e, 0x80, 0x29, 0x30, 0xc, 0xa0,
    0x13, 0xb, 0x0, 0x65, 0x0, 0xed, 0x20, 0x2,
    0x4a, 0xb8, 0x5, 0xa2, 0x1, 0x87, 0xc0, 0x26,
    0x64, 0x20, 0x0, 0x74, 0x3, 0x8a, 0xc0, 0x29,
    0x3b, 0x30, 0x1, 0xd0, 0x7, 0x24, 0x80, 0x5a,
    0x3a, 0x20, 0x5, 0x70, 0xe, 0x66, 0x0, 0x7,
    0x7, 0x40, 0x28, 0x40, 0xe, 0x9b, 0xba, 0x44,
    0xf6, 0xee, 0x70,

    /* U+00AC "¬" */
    0x4, 0x4f, 0xfe, 0x0, 0x95, 0xdf, 0xff, 0x0,
    0x80, 0x3f, 0xfa, 0x5, 0xff, 0xfb, 0x0, 0x3f,
    0xfa, 0x80,

    /* U+00AE "®" */
    0x0, 0xc5, 0x3b, 0xfe, 0xd9, 0x20, 0xf, 0xa7,
    0x58, 0x80, 0x4, 0xdb, 0x20, 0x1d, 0x6c, 0x9,
    0x5b, 0xaa, 0x50, 0x6b, 0x0, 0xa1, 0x2, 0xec,
    0xa4, 0x45, 0xab, 0x4, 0x80, 0x27, 0xb, 0x4a,
    0xac, 0xe2, 0x96, 0xe, 0x54, 0x8, 0x80, 0x55,
    0xd1, 0x80, 0x88, 0xa, 0x40, 0xe0, 0xd, 0xdc,
    0x12, 0x30, 0xe0, 0x42, 0x7, 0x0, 0xff, 0x38,
    0x10, 0x7, 0xdd, 0xc1, 0x33, 0x0, 0x62, 0x7,
    0x0, 0xcc, 0x41, 0x20, 0x7, 0x2, 0x40, 0xe0,
    0xd, 0x12, 0x10, 0x0, 0xf0, 0x4a, 0x4, 0x40,
    0x21, 0x8a, 0x28, 0x9a, 0x28, 0x51, 0x38, 0x5a,
    0x5e, 0x0, 0x2b, 0x1e, 0xc1, 0xc8, 0x21, 0x2,
    0xe9, 0x8, 0x52, 0xac, 0x12, 0x0, 0x2b, 0x60,
    0x5b, 0xde, 0xb5, 0x6, 0xb0, 0xe, 0x9d, 0x62,
    0x0, 0x13, 0x6c, 0x80, 0x40,

    /* U+00AF "¯" */
    0x39, 0x9f, 0x95, 0x9b, 0xf6, 0x0, 0x7f, 0x0,

    /* U+00B0 "°" */
    0x0, 0x9e, 0xed, 0x24, 0x1, 0x8b, 0xa1, 0x10,
    0xda, 0xc0, 0x17, 0x88, 0x7, 0x4a, 0x3, 0x10,
    0x1e, 0xfb, 0x80, 0x20, 0x3c, 0x1, 0xe4, 0x10,
    0x40, 0x60, 0x60, 0x1, 0x0, 0x84, 0x2, 0xd0,
    0x4, 0x0, 0x10, 0xc0, 0x81, 0x80, 0xb, 0xd9,
    0x60, 0xb, 0x1, 0xa0, 0x0, 0x98, 0x1, 0x58,
    0x0, 0xb8, 0x80, 0x3, 0x9a, 0x0, 0x0,

    /* U+00B1 "±" */
    0x0, 0xe7, 0xff, 0x80, 0x3f, 0xfb, 0x4, 0x67,
    0xb8, 0x2, 0x33, 0xe0, 0x9c, 0xcc, 0xc0, 0x16,
    0x67, 0x18, 0x7, 0xff, 0x4a, 0xff, 0xf4, 0x0,
    0x5f, 0xfc, 0x60, 0x1f, 0xfd, 0x75, 0xaa, 0x58,
    0x7, 0x8d, 0x13, 0x30, 0x88, 0x11, 0x38, 0x22,
    0xef, 0xff, 0x82, 0x60, 0x1f, 0xfd, 0x20,

    /* U+00B2 "²" */
    0x0, 0x15, 0x77, 0xfb, 0x18, 0x2, 0x3d, 0x51,
    0x0, 0x1c, 0xd0, 0x3, 0xc0, 0x7, 0x2e, 0x0,
    0x53, 0x3, 0x0, 0x63, 0x42, 0x80, 0x18, 0x3f,
    0xe0, 0x0, 0xa0, 0x1, 0xc0, 0x39, 0x3c, 0x41,
    0xc8, 0x3, 0x45, 0x88, 0x44, 0x0, 0x23, 0xd7,
    0x3, 0xd7, 0x0, 0x9f, 0x8, 0x6, 0xd5, 0xdc,
    0x61, 0x20, 0x10, 0xc4, 0x64, 0x0, 0xff, 0x80,

    /* U+00B3 "³" */
    0x1, 0x9d, 0xff, 0x6c, 0x88, 0x17, 0xb1, 0x0,
    0x9, 0xbc, 0xa0, 0x41, 0x2a, 0x86, 0x3, 0x51,
    0x98, 0xb5, 0x45, 0x0, 0x71, 0x19, 0x9f, 0xf9,
    0x8a, 0x58, 0x3, 0xe2, 0xd1, 0x0, 0x9f, 0xf5,
    0x41, 0x2b, 0xfe, 0x20, 0x2e, 0x0, 0x2a, 0x80,
    0x1e, 0xcf, 0x20, 0x2, 0xb1, 0x2, 0x98, 0x20,
    0x7, 0x8f, 0xb9, 0x0, 0x9, 0xb8, 0xc0,

    /* U+00B4 "´" */
    0x0, 0x12, 0x24, 0x20, 0xf, 0xbb, 0x48, 0x82,
    0x90, 0x3, 0xc0, 0x10, 0x0, 0xa2, 0x6, 0x20,
    0x75, 0x0, 0x0,

    /* U+00B5 "µ" */
    0x8f, 0xfa, 0x0, 0x3b, 0xbf, 0xe2, 0x0, 0xff,
    0xff, 0x80, 0x7f, 0xfb, 0x84, 0x3, 0x84, 0x3,
    0xf9, 0xc0, 0x32, 0x0, 0x7f, 0x86, 0xcc, 0x56,
    0x80, 0x32, 0x8, 0x7, 0x26, 0x75, 0x8, 0x6,
    0x9f, 0x0, 0xc6, 0x1, 0xd4, 0x1, 0xfc, 0x94,
    0x40, 0x78, 0xb6, 0x60, 0x1f, 0x97, 0x7f, 0xc,
    0x13, 0x3f, 0xdc, 0x1, 0xff, 0xff, 0x0, 0xe0,

    /* U+00B6 "¶" */
    0x0, 0xcf, 0x9d, 0xff, 0xf4, 0x80, 0xf, 0xa0,
    0xc4, 0x3, 0xf8, 0xb4, 0x40, 0x3f, 0xf8, 0x10,
    0x20, 0x1c, 0x59, 0x83, 0x0, 0xca, 0x1, 0xf1,
    0x99, 0xc0, 0x23, 0x0, 0xff, 0xe8, 0x88, 0x7,
    0xff, 0x8, 0x84, 0x3, 0xff, 0x85, 0x20, 0x1f,
    0xfc, 0x27, 0x40, 0xf, 0xfe, 0x15, 0xb0, 0x7,
    0xff, 0xa, 0x7a, 0x5d, 0x94, 0x3, 0xfc, 0x2d,
    0x13, 0x0, 0x1f, 0xff, 0xf0, 0xf, 0xfe, 0x48,

    /* U+00B7 "·" */
    0x5, 0xa8, 0x0, 0x25, 0x2b, 0xd8, 0x68, 0x4,
    0x81, 0xc0, 0x11, 0x3, 0xa8, 0x17, 0x0,

    /* U+00B8 "¸" */
    0x0, 0xfb, 0xe8, 0x2, 0x30, 0x63, 0x0, 0x30,
    0x1e, 0x58, 0x2f, 0xe0, 0x21, 0xd5, 0x38, 0x0,
    0x4a, 0xa2, 0x25, 0x8,

    /* U+00B9 "¹" */
    0x0, 0x26, 0xff, 0xac, 0x6e, 0xc4, 0x1, 0x12,
    0x0, 0x80, 0x62, 0xbb, 0x0, 0x47, 0xa8, 0x1,
    0xff, 0xe2,

    /* U+00BA "º" */
    0x0, 0x92, 0xfb, 0xfb, 0x18, 0x3, 0xa6, 0xd0,
    0x40, 0x4e, 0x70, 0x2, 0x76, 0x0, 0x12, 0x98,
    0x0, 0xe8, 0x1, 0x0, 0x5, 0xda, 0xc8, 0x0,
    0x29, 0x18, 0x5, 0x0, 0x13, 0x88, 0x1, 0x1c,
    0x2, 0x20, 0xc, 0x60, 0x1, 0x70, 0x8, 0x80,
    0x31, 0x80, 0x4, 0xc0, 0x28, 0x0, 0x9c, 0x40,
    0x8, 0x10, 0x0, 0x5d, 0x9c, 0x80, 0x2, 0x90,
    0x3a, 0x80, 0x9, 0x8c, 0x0, 0x74, 0x1, 0x55,
    0xa0, 0x80, 0xe, 0x70, 0x0,

    /* U+00BB "»" */
    0x1d, 0xff, 0xa0, 0x23, 0xfe, 0xd1, 0x0, 0xc3,
    0xe0, 0x13, 0xac, 0x20, 0x0, 0xb4, 0x3, 0x8a,
    0xc0, 0x2a, 0x3b, 0x20, 0x1, 0xc8, 0x7, 0x24,
    0x0, 0x5a, 0x3e, 0x20, 0x6, 0x70, 0xe, 0x75,
    0x0, 0xe, 0x16, 0x80, 0x50, 0x80, 0x1d, 0x46,
    0x0, 0x2b, 0x39, 0x0, 0xac, 0x80, 0x39, 0x40,
    0x26, 0x5, 0x0, 0xce, 0x1, 0x99, 0x80, 0x1,
    0xf1, 0xd0, 0x9, 0xd4, 0x2, 0x49, 0x0, 0xa8,
    0xb4, 0x40, 0xb, 0x0, 0x11, 0x50, 0x5, 0x29,
    0x46, 0x0, 0x3a, 0x0, 0xde, 0x20, 0x6, 0x63,
    0xa8, 0x0, 0x74, 0x3, 0x59, 0x0, 0x12, 0x56,
    0x0, 0x2d, 0x10, 0x8, 0x7e, 0xef, 0x3, 0x5d,
    0xda, 0x60, 0x18,

    /* U+00BC "¼" */
    0x0, 0x95, 0x60, 0xf, 0xf2, 0xa9, 0x0, 0x31,
    0x65, 0x54, 0x1, 0xfd, 0x35, 0x41, 0x0, 0x8f,
    0x4c, 0x3, 0xfe, 0x46, 0x5, 0x50, 0x4, 0xe0,
    0xa6, 0x1, 0xfc, 0x34, 0x3, 0x60, 0x19, 0xea,
    0x8e, 0x1, 0xfd, 0x62, 0x14, 0x20, 0x18, 0xd4,
    0x3, 0xfc, 0xaa, 0x6, 0x40, 0xf, 0xfe, 0x20,
    0xd0, 0x14, 0x80, 0x7f, 0xf1, 0x68, 0x1, 0xc0,
    0x1f, 0xfc, 0x56, 0x40, 0x73, 0x0, 0xff, 0xe2,
    0x14, 0x81, 0x40, 0x7, 0xff, 0x17, 0x80, 0x1e,
    0x1, 0x3f, 0xfc, 0x80, 0x1f, 0xce, 0x61, 0x4,
    0x0, 0x28, 0x0, 0xfd, 0x7f, 0xe0, 0x38, 0x3,
    0x70, 0xb, 0xc0, 0x3f, 0xf8, 0x3c, 0x0, 0xe0,
    0xa, 0x8, 0x20, 0x3, 0xfd, 0x4, 0x12, 0x40,
    0x3, 0x70, 0x92, 0x0, 0xfe, 0x37, 0x4, 0x60,
    0xb, 0x81, 0x18, 0x3, 0xfd, 0xc0, 0x34, 0x1,
    0x41, 0x7, 0x91, 0x80, 0x8, 0x40, 0x34, 0x90,
    0x58, 0x80, 0x48, 0x0, 0xbd, 0x90, 0x4, 0xd8,
    0x4, 0x8c, 0xa, 0xa0, 0xf, 0xfe, 0x20, 0xd0,
    0xd, 0x80, 0x76, 0x7f, 0xea, 0x0, 0x5d, 0x0,
    0x2c, 0x42, 0x84, 0x3, 0xff, 0x86,

    /* U+00BD "½" */
    0x0, 0x95, 0x60, 0xf, 0xf2, 0xa9, 0x0, 0x38,
    0xb2, 0xaa, 0x0, 0xfe, 0x9a, 0xa0, 0x80, 0x63,
    0xd3, 0x0, 0xff, 0x91, 0x81, 0x54, 0x1, 0x9c,
    0x14, 0xc0, 0x3f, 0x86, 0x80, 0x6c, 0x3, 0x9e,
    0xa8, 0xe0, 0x1f, 0xd6, 0x21, 0x42, 0x1, 0xc6,
    0xa0, 0x1f, 0xe5, 0x50, 0x32, 0x0, 0x7f, 0xf1,
    0x46, 0x80, 0xa4, 0x3, 0xff, 0x8d, 0x40, 0xe,
    0x0, 0xff, 0xe3, 0x32, 0x3, 0x98, 0x7, 0xff,
    0x14, 0xa4, 0xa, 0x0, 0x21, 0x20, 0xf, 0xfe,
    0xf, 0x0, 0x3c, 0x0, 0xdd, 0xcd, 0xfa, 0x10,
    0xf, 0xe7, 0x30, 0x82, 0x6, 0x91, 0x0, 0x97,
    0x0, 0x35, 0xff, 0x80, 0xe0, 0xd, 0xc0, 0x10,
    0x3, 0xbe, 0xa0, 0x48, 0x1, 0xf7, 0x0, 0x38,
    0x2, 0x76, 0xb2, 0xe, 0x0, 0x8, 0x7, 0xa0,
    0x82, 0x48, 0x2, 0x99, 0x28, 0x3, 0x80, 0x8,
    0x1, 0xc6, 0xe0, 0x8c, 0x1, 0xfa, 0x54, 0x20,
    0x40, 0x3b, 0x80, 0x68, 0x3, 0xe1, 0xc6, 0x7,
    0x70, 0x7, 0x49, 0x5, 0x88, 0x7, 0x8b, 0xc,
    0x26, 0x0, 0x39, 0x18, 0x15, 0x40, 0x1e, 0x4d,
    0x20, 0x85, 0x33, 0x8, 0x0, 0x68, 0x6, 0xc0,
    0x3e, 0xa0, 0xa, 0x33, 0x27, 0x0, 0x58, 0x85,
    0x8, 0x7, 0xff, 0x10,

    /* U+00BE "¾" */
    0x0, 0xe1, 0x0, 0xff, 0xe0, 0x8, 0xc0, 0x1e,
    0x5d, 0xfe, 0xfb, 0x20, 0xf, 0xc5, 0xdc, 0xc0,
    0xe, 0x5a, 0x20, 0x9, 0x30, 0x40, 0x3e, 0xe0,
    0x7, 0x0, 0x74, 0x80, 0xef, 0xc0, 0xb, 0x80,
    0x79, 0xcc, 0x20, 0xc0, 0x3b, 0x7b, 0xc8, 0x3,
    0x28, 0x7, 0x14, 0x1, 0xb8, 0x7, 0x84, 0x6f,
    0xf4, 0x15, 0x18, 0x7, 0x78, 0x3, 0x80, 0x3f,
    0xf8, 0x25, 0xe0, 0x1d, 0x4, 0x12, 0x40, 0x1f,
    0xef, 0xf4, 0x2, 0xc0, 0x4, 0x8e, 0x8, 0xc0,
    0x1f, 0xa6, 0x4c, 0x0, 0x70, 0x2, 0x0, 0x54,
    0x3, 0x40, 0x1f, 0xce, 0xd0, 0x60, 0xe0, 0x6,
    0x0, 0x50, 0x85, 0x88, 0x7, 0xf4, 0x0, 0xe7,
    0xc0, 0x2, 0x41, 0x54, 0xa, 0xa0, 0x1, 0x7f,
    0xd4, 0x1, 0x34, 0x88, 0x4, 0x78, 0x63, 0x60,
    0x34, 0x1, 0x70, 0x7, 0xe6, 0xed, 0xd7, 0x61,
    0x85, 0x8, 0x68, 0x4, 0xe6, 0x1, 0xfe, 0x22,
    0x8, 0x1, 0x90, 0x1c, 0xc0, 0x5, 0x1, 0x2,
    0x1, 0xff, 0xc0, 0x29, 0x2, 0x80, 0xb, 0x80,
    0xdc, 0x3, 0xff, 0x83, 0xc0, 0xf, 0x0, 0x9c,
    0xc3, 0x80, 0x3f, 0xf8, 0x30, 0x61, 0x4, 0x0,
    0x38, 0x6, 0x2, 0x10, 0x12, 0x0, 0xf8, 0xdc,
    0x11, 0xc0, 0x25, 0x0, 0x36, 0xe8, 0x0, 0x9a,
    0x1, 0xf7, 0x0, 0x28, 0x3, 0xff, 0x91, 0x24,
    0x14, 0x20, 0x19, 0xbf, 0xf8, 0x0, 0xbe, 0x1,
    0xc8, 0xc0, 0xaa, 0x0, 0xff, 0xe2, 0x0,

    /* U+00BF "¿" */
    0x0, 0xe2, 0xdf, 0xb0, 0xf, 0xf7, 0x90, 0x24,
    0x0, 0x7f, 0x10, 0x4, 0x40, 0x1f, 0xca, 0x1,
    0x78, 0x7, 0xf5, 0x42, 0xd2, 0x80, 0x7f, 0x9e,
    0x94, 0x3, 0xfc, 0x95, 0x51, 0x0, 0x7f, 0x1a,
    0xac, 0x20, 0x1f, 0xd6, 0x1, 0x10, 0x7, 0xe8,
    0x30, 0x0, 0x88, 0x3, 0xc5, 0x8e, 0x1, 0x58,
    0x7, 0x8f, 0xc, 0x2, 0xa5, 0x0, 0xf6, 0x88,
    0x1, 0x39, 0x40, 0x3c, 0xe2, 0x0, 0x3b, 0x10,
    0xf, 0xb0, 0x2, 0x80, 0xe, 0x66, 0xce, 0x1,
    0x38, 0x6, 0x19, 0x9a, 0xdc, 0x2, 0xb0, 0xd,
    0x20, 0x13, 0xe8, 0x4, 0xf4, 0xaa, 0xa7, 0x0,
    0xb9, 0x88, 0x2, 0x5a, 0xa2, 0x80, 0x4a, 0x81,
    0x86, 0x1, 0xf9, 0xa8, 0x0, 0x39, 0x4a, 0x20,
    0x2, 0x6c, 0x90, 0x0,

    /* U+00C0 "À" */
    0x0, 0xe1, 0x44, 0x88, 0x3, 0xff, 0x86, 0x33,
    0x76, 0xf0, 0xf, 0xfe, 0x27, 0x80, 0x9, 0x40,
    0x3f, 0xf8, 0x65, 0x40, 0x8, 0x0, 0xff, 0xe2,
    0x2b, 0x81, 0x30, 0x7, 0xff, 0x12, 0x3f, 0xcc,
    0x1, 0xff, 0xd7, 0xdf, 0xfd, 0xc0, 0x1f, 0xfc,
    0x12, 0x20, 0x6, 0x15, 0x0, 0xff, 0xe0, 0x50,
    0x7, 0xbc, 0x3, 0xff, 0x80, 0xc0, 0x1e, 0x51,
    0x0, 0xff, 0x18, 0x80, 0xd, 0x40, 0x27, 0x0,
    0xff, 0x50, 0x4, 0x98, 0x1, 0x50, 0x7, 0xf9,
    0xc0, 0x2b, 0x70, 0x8, 0xc4, 0x3, 0xf2, 0x8,
    0x0, 0x4c, 0x4c, 0x2, 0x60, 0xf, 0xdc, 0x1,
    0x38, 0x2, 0xc0, 0x2a, 0x0, 0xfc, 0xa0, 0x16,
    0x80, 0x14, 0x2, 0x22, 0x0, 0x79, 0x40, 0x32,
    0x0, 0x8, 0x80, 0x15, 0x0, 0x7b, 0x80, 0x25,
    0x0, 0xca, 0x1, 0x30, 0x7, 0xa, 0x0, 0x4b,
    0xff, 0x9c, 0x2, 0x14, 0x0, 0xcc, 0x1, 0xff,
    0xc2, 0xd0, 0xd, 0x60, 0x1f, 0xfc, 0x26, 0x0,
    0x88, 0xc0, 0x27, 0xaa, 0xf4, 0x0, 0x65, 0x0,
    0x50, 0x6, 0x85, 0x5f, 0x38, 0x80, 0x5e, 0x0,
    0x50, 0x9, 0x40, 0x3f, 0x30, 0x4, 0xa2, 0x64,
    0x1, 0x70, 0x7, 0xeb, 0x0, 0xcf, 0x40, 0x19,
    0x0, 0x3f, 0x18, 0x80, 0x54,

    /* U+00C1 "Á" */
    0x0, 0xff, 0xa, 0x24, 0x40, 0x1f, 0xfc, 0x3b,
    0xbc, 0x1, 0xff, 0xc3, 0x25, 0x0, 0x51, 0x0,
    0x7f, 0xf0, 0xa4, 0x0, 0xea, 0x1, 0xff, 0xc2,
    0x34, 0x3, 0x80, 0xf, 0xfe, 0x19, 0xff, 0xb0,
    0x3, 0xff, 0xaf, 0xbf, 0xfb, 0x80, 0x3f, 0xf8,
    0x24, 0x40, 0xc, 0x2a, 0x1, 0xff, 0xc0, 0xa0,
    0xf, 0x78, 0x7, 0xff, 0x1, 0x80, 0x3c, 0xa2,
    0x1, 0xfe, 0x31, 0x0, 0x1a, 0x80, 0x4e, 0x1,
    0xfe, 0xa0, 0x9, 0x30, 0x2, 0xa0, 0xf, 0xf3,
    0x80, 0x56, 0xe0, 0x11, 0x88, 0x7, 0xe4, 0x10,
    0x0, 0x98, 0x98, 0x4, 0xc0, 0x1f, 0xb8, 0x2,
    0x70, 0x5, 0x80, 0x54, 0x1, 0xf9, 0x40, 0x2d,
    0x0, 0x28, 0x4, 0x44, 0x0, 0xf2, 0x80, 0x64,
    0x0, 0x11, 0x0, 0x2a, 0x0, 0xf7, 0x0, 0x4a,
    0x1, 0x94, 0x2, 0x60, 0xe, 0x14, 0x0, 0x97,
    0xff, 0x38, 0x4, 0x28, 0x1, 0x98, 0x3, 0xff,
    0x85, 0xa0, 0x1a, 0xc0, 0x3f, 0xf8, 0x4c, 0x1,
    0x11, 0x80, 0x4f, 0x55, 0xe8, 0x0, 0xca, 0x0,
    0xa0, 0xd, 0xa, 0xbe, 0x71, 0x0, 0xbc, 0x0,
    0xa0, 0x12, 0x80, 0x7e, 0x60, 0x9, 0x44, 0xc8,
    0x2, 0xe0, 0xf, 0xd6, 0x1, 0x9e, 0x80, 0x32,
    0x0, 0x7e, 0x31, 0x0, 0xa8,

    /* U+00C2 "Â" */
    0x0, 0xfc, 0xd1, 0x7, 0x0, 0xff, 0xe1, 0xb4,
    0xbb, 0xa2, 0x0, 0x1f, 0xfc, 0x14, 0x90, 0x24,
    0x7, 0x60, 0xf, 0xf8, 0xec, 0x1, 0xf4, 0x41,
    0x2a, 0x1, 0xfe, 0x57, 0x76, 0x10, 0xfb, 0xb8,
    0x80, 0x3f, 0xcd, 0x10, 0x30, 0x1, 0x44, 0x1c,
    0x3, 0xff, 0xa9, 0xbf, 0xfb, 0x80, 0x3f, 0xf8,
    0x24, 0x40, 0xc, 0x2a, 0x1, 0xff, 0xc0, 0xa0,
    0xf, 0x78, 0x7, 0xff, 0x1, 0x80, 0x3c, 0xa2,
    0x1, 0xfe, 0x31, 0x0, 0x1a, 0x80, 0x4e, 0x1,
    0xfe, 0xa0, 0x9, 0x30, 0x2, 0xa0, 0xf, 0xf3,
    0x80, 0x56, 0xe0, 0x11, 0x88, 0x7, 0xe4, 0x10,
    0x0, 0x98, 0x98, 0x4, 0xc0, 0x1f, 0xb8, 0x2,
    0x70, 0x5, 0x80, 0x54, 0x1, 0xf9, 0x40, 0x2d,
    0x0, 0x28, 0x4, 0x44, 0x0, 0xf2, 0x80, 0x64,
    0x0, 0x11, 0x0, 0x2a, 0x0, 0xf7, 0x0, 0x4a,
    0x1, 0x94, 0x2, 0x60, 0xe, 0x14, 0x0, 0x97,
    0xff, 0x38, 0x4, 0x28, 0x1, 0x98, 0x3, 0xff,
    0x85, 0xa0, 0x1a, 0xc0, 0x3f, 0xf8, 0x4c, 0x1,
    0x11, 0x80, 0x4f, 0x55, 0xe8, 0x0, 0xca, 0x0,
    0xa0, 0xd, 0xa, 0xbe, 0x71, 0x0, 0xbc, 0x0,
    0xa0, 0x12, 0x80, 0x7e, 0x60, 0x9, 0x44, 0xc8,
    0x2, 0xe0, 0xf, 0xd6, 0x1, 0x9e, 0x80, 0x32,
    0x0, 0x7e, 0x31, 0x0, 0xa8,

    /* U+00C3 "Ã" */
    0x0, 0xf8, 0x90, 0x2, 0x14, 0x30, 0xf, 0xfa,
    0x76, 0xfe, 0x2, 0x2f, 0xc0, 0x3f, 0xc8, 0xc0,
    0x13, 0xfb, 0x2, 0x0, 0x7f, 0xb0, 0xb, 0xe4,
    0x40, 0x7, 0x0, 0x1f, 0xea, 0xbe, 0x6, 0xec,
    0xc8, 0x3, 0xfe, 0x24, 0x30, 0x8, 0xcc, 0x1,
    0xff, 0xd6, 0xdf, 0xfd, 0xc0, 0x1f, 0xfc, 0x12,
    0x20, 0x6, 0x15, 0x0, 0xff, 0xe0, 0x50, 0x7,
    0xbc, 0x3, 0xff, 0x80, 0xc0, 0x1e, 0x51, 0x0,
    0xff, 0x18, 0x80, 0xd, 0x40, 0x27, 0x0, 0xff,
    0x50, 0x4, 0x98, 0x1, 0x50, 0x7, 0xf9, 0xc0,
    0x2b, 0x70, 0x8, 0xc4, 0x3, 0xf2, 0x8, 0x0,
    0x4c, 0x4c, 0x2, 0x60, 0xf, 0xdc, 0x1, 0x38,
    0x2, 0xc0, 0x2a, 0x0, 0xfc, 0xa0, 0x16, 0x80,
    0x14, 0x2, 0x22, 0x0, 0x79, 0x40, 0x32, 0x0,
    0x8, 0x80, 0x15, 0x0, 0x7b, 0x80, 0x25, 0x0,
    0xca, 0x1, 0x30, 0x7, 0xa, 0x0, 0x4b, 0xff,
    0x9c, 0x2, 0x14, 0x0, 0xcc, 0x1, 0xff, 0xc2,
    0xd0, 0xd, 0x60, 0x1f, 0xfc, 0x26, 0x0, 0x88,
    0xc0, 0x27, 0xaa, 0xf4, 0x0, 0x65, 0x0, 0x50,
    0x6, 0x85, 0x5f, 0x38, 0x80, 0x5e, 0x0, 0x50,
    0x9, 0x40, 0x3f, 0x30, 0x4, 0xa2, 0x64, 0x1,
    0x70, 0x7, 0xeb, 0x0, 0xcf, 0x40, 0x19, 0x0,
    0x3f, 0x18, 0x80, 0x54,

    /* U+00C4 "Ä" */
    0x0, 0xf0, 0x90, 0x6, 0x12, 0x0, 0xff, 0xa3,
    0xb6, 0x80, 0xf, 0xdb, 0x60, 0x1f, 0xc2, 0xe0,
    0x5, 0x30, 0x80, 0x2, 0x20, 0x3, 0xf0, 0x80,
    0x61, 0x1, 0x0, 0x9c, 0x3, 0xfa, 0x84, 0x20,
    0x82, 0x84, 0x1c, 0xc0, 0x3f, 0x97, 0xbd, 0xc0,
    0x9, 0xdf, 0x0, 0x1f, 0xfd, 0x4d, 0xff, 0xdc,
    0x1, 0xff, 0xc1, 0x22, 0x0, 0x61, 0x50, 0xf,
    0xfe, 0x5, 0x0, 0x7b, 0xc0, 0x3f, 0xf8, 0xc,
    0x1, 0xe5, 0x10, 0xf, 0xf1, 0x88, 0x0, 0xd4,
    0x2, 0x70, 0xf, 0xf5, 0x0, 0x49, 0x80, 0x15,
    0x0, 0x7f, 0x9c, 0x2, 0xb7, 0x0, 0x8c, 0x40,
    0x3f, 0x20, 0x80, 0x4, 0xc4, 0xc0, 0x26, 0x0,
    0xfd, 0xc0, 0x13, 0x80, 0x2c, 0x2, 0xa0, 0xf,
    0xca, 0x1, 0x68, 0x1, 0x40, 0x22, 0x20, 0x7,
    0x94, 0x3, 0x20, 0x0, 0x88, 0x1, 0x50, 0x7,
    0xb8, 0x2, 0x50, 0xc, 0xa0, 0x13, 0x0, 0x70,
    0xa0, 0x4, 0xbf, 0xf9, 0xc0, 0x21, 0x40, 0xc,
    0xc0, 0x1f, 0xfc, 0x2d, 0x0, 0xd6, 0x1, 0xff,
    0xc2, 0x60, 0x8, 0x8c, 0x2, 0x7a, 0xaf, 0x40,
    0x6, 0x50, 0x5, 0x0, 0x68, 0x55, 0xf3, 0x88,
    0x5, 0xe0, 0x5, 0x0, 0x94, 0x3, 0xf3, 0x0,
    0x4a, 0x26, 0x40, 0x17, 0x0, 0x7e, 0xb0, 0xc,
    0xf4, 0x1, 0x90, 0x3, 0xf1, 0x88, 0x5, 0x40,

    /* U+00C5 "Å" */
    0x0, 0xf8, 0x6b, 0xfd, 0x64, 0x1, 0xff, 0xc2,
    0xd5, 0x1, 0x4c, 0x10, 0xf, 0xfe, 0x2, 0x18,
    0xf7, 0x10, 0x58, 0x3, 0xff, 0x80, 0x40, 0x82,
    0x18, 0x1c, 0x1, 0xff, 0xc0, 0x50, 0x42, 0x1a,
    0xe, 0x0, 0xff, 0xe0, 0x1a, 0xe, 0xf1, 0x11,
    0xc0, 0x3f, 0xf8, 0x37, 0x6, 0x67, 0xc0, 0xf,
    0xfe, 0x1b, 0xe6, 0x20, 0x40, 0x3f, 0xf8, 0x5b,
    0xff, 0xb8, 0x3, 0xff, 0x82, 0x44, 0x0, 0xc2,
    0xa0, 0x1f, 0xfc, 0xa, 0x0, 0xf7, 0x80, 0x7f,
    0xf0, 0x18, 0x3, 0xca, 0x20, 0x1f, 0xe3, 0x10,
    0x1, 0xa8, 0x4, 0xe0, 0x1f, 0xea, 0x0, 0x93,
    0x0, 0x2a, 0x0, 0xff, 0x38, 0x5, 0x6e, 0x1,
    0x18, 0x80, 0x7e, 0x41, 0x0, 0x9, 0x89, 0x80,
    0x4c, 0x1, 0xfb, 0x80, 0x27, 0x0, 0x58, 0x5,
    0x40, 0x1f, 0x94, 0x2, 0xd0, 0x2, 0x80, 0x44,
    0x40, 0xf, 0x28, 0x6, 0x40, 0x1, 0x10, 0x2,
    0xa0, 0xf, 0x70, 0x4, 0xa0, 0x19, 0x40, 0x26,
    0x0, 0xe1, 0x40, 0x9, 0x7f, 0xf3, 0x80, 0x42,
    0x80, 0x19, 0x80, 0x3f, 0xf8, 0x5a, 0x1, 0xac,
    0x3, 0xff, 0x84, 0xc0, 0x11, 0x18, 0x4, 0xf5,
    0x5e, 0x80, 0xc, 0xa0, 0xa, 0x0, 0xd0, 0xab,
    0xe7, 0x10, 0xb, 0xc0, 0xa, 0x1, 0x28, 0x7,
    0xe6, 0x0, 0x94, 0x4c, 0x80, 0x2e, 0x0, 0xfd,
    0x60, 0x19, 0xe8, 0x3, 0x20, 0x7, 0xe3, 0x10,
    0xa, 0x80,

    /* U+00C6 "Æ" */
    0x0, 0xfc, 0xdf, 0xff, 0xfc, 0x67, 0x0, 0xfd,
    0x60, 0x1f, 0xfc, 0xe3, 0x20, 0xf, 0xfe, 0x74,
    0x80, 0x46, 0xc2, 0x1, 0x23, 0x37, 0xf1, 0x80,
    0x78, 0x54, 0x2, 0xf9, 0x20, 0xb, 0xe6, 0x7f,
    0x90, 0x3, 0xd2, 0x1, 0x19, 0x80, 0x3f, 0xf9,
    0x4c, 0x1, 0x48, 0x7, 0xff, 0x29, 0x84, 0x0,
    0x2a, 0x1, 0xff, 0xca, 0xb0, 0x9, 0x80, 0x3e,
    0xbf, 0xff, 0xd6, 0x1, 0xc6, 0x40, 0x14, 0x80,
    0x7f, 0xf2, 0xa4, 0x2, 0x51, 0x0, 0xff, 0xe4,
    0x8a, 0x80, 0x52, 0x1, 0xf9, 0x5d, 0xff, 0x70,
    0x6, 0x90, 0xd, 0x9f, 0xf8, 0xc0, 0x2e, 0x88,
    0xfc, 0xa0, 0x19, 0x80, 0x3f, 0xf9, 0xcc, 0x20,
    0x1f, 0xfc, 0xeb, 0x0, 0x9b, 0x33, 0xc4, 0x1,
    0xff, 0xc3, 0x42, 0x0, 0xac, 0xcf, 0xc2, 0x1,
    0x7c, 0xcf, 0xf2, 0x7, 0x0, 0x48, 0x40, 0x1f,
    0xe4, 0x66, 0xfe, 0x31, 0x50, 0xb, 0xc0, 0x3f,
    0xf9, 0x52, 0x1, 0x12, 0x0, 0x7f, 0xf2, 0x80,

    /* U+00C7 "Ç" */
    0x0, 0xf1, 0xce, 0x7f, 0xdb, 0x28, 0x1, 0xfc,
    0x37, 0x8c, 0x60, 0x11, 0x35, 0xe1, 0x0, 0x78,
    0xfd, 0x0, 0x3f, 0x8f, 0x50, 0x3, 0xe, 0x88,
    0x6, 0x24, 0x30, 0xe, 0xb2, 0x0, 0xa8, 0x40,
    0x25, 0xdd, 0x5e, 0x7b, 0x80, 0x68, 0x0, 0x1a,
    0x0, 0x4d, 0x44, 0x1, 0xa2, 0x0, 0x12, 0x88,
    0x50, 0x4, 0x32, 0x1, 0xf3, 0x88, 0x4, 0xe0,
    0x80, 0x13, 0x0, 0x7f, 0x66, 0xec, 0xe0, 0x40,
    0x16, 0x80, 0x7f, 0x11, 0x61, 0x0, 0xe6, 0x0,
    0xff, 0xed, 0xb0, 0x7, 0xff, 0xc, 0x80, 0x2d,
    0x0, 0xfe, 0x12, 0x28, 0x41, 0x0, 0x26, 0x0,
    0xfe, 0xfd, 0xd9, 0xc2, 0x80, 0x21, 0x90, 0xf,
    0x9c, 0x40, 0x27, 0x3, 0x40, 0x9, 0xa8, 0x80,
    0x34, 0x40, 0x2, 0x51, 0x0, 0x50, 0x80, 0x4b,
    0xba, 0xbc, 0xf7, 0x0, 0x86, 0xc0, 0x21, 0xd1,
    0x0, 0xc4, 0x86, 0x1, 0xda, 0x20, 0x18, 0xfd,
    0x0, 0x3f, 0x8f, 0x4c, 0x3, 0xc3, 0x78, 0xc6,
    0x1, 0x13, 0x5e, 0x10, 0x7, 0xf1, 0xce, 0x30,
    0x5e, 0xca, 0x0, 0x7f, 0xf0, 0x88, 0x2f, 0x4,
    0x3, 0xff, 0x87, 0xd0, 0x47, 0x60, 0x1f, 0xfc,
    0x35, 0x74, 0x6, 0x0, 0xff, 0xe1, 0x25, 0xd9,
    0x81, 0x0, 0x3f, 0xf8, 0x44, 0x88, 0x16, 0x80,
    0xf, 0x0,

    /* U+00C8 "È" */
    0x0, 0x8d, 0x12, 0x0, 0xff, 0xe0, 0x5d, 0xd0,
    0x1, 0xfe, 0x39, 0x0, 0x38, 0x80, 0x7f, 0x99,
    0x40, 0x10, 0x1, 0xff, 0x51, 0x3, 0x8, 0x7,
    0xfd, 0xbf, 0xe1, 0x0, 0xff, 0xe4, 0x37, 0xff,
    0xff, 0x8, 0x3, 0xff, 0xac, 0x2c, 0xdf, 0xe0,
    0xc, 0x53, 0x3f, 0xe0, 0xf, 0xff, 0x29, 0xff,
    0xff, 0x18, 0x7, 0xff, 0x58, 0x5d, 0xff, 0x88,
    0x3, 0x14, 0x47, 0xf0, 0x80, 0x7f, 0xf9, 0x4a,
    0x67, 0xfc, 0x1, 0x85, 0x9b, 0xfc, 0x1, 0xff,
    0xd2,

    /* U+00C9 "É" */
    0x0, 0xfc, 0x48, 0x90, 0x80, 0x7f, 0xb2, 0xed,
    0x2, 0x1, 0xfc, 0xe2, 0x3, 0xa0, 0x1f, 0xc3,
    0x0, 0xd, 0x10, 0xf, 0xe9, 0x0, 0x41, 0x80,
    0x7f, 0xa3, 0xfc, 0xe0, 0x1f, 0xfc, 0x86, 0xff,
    0xff, 0xe1, 0x0, 0x7f, 0xf5, 0x85, 0x9b, 0xfc,
    0x1, 0x8a, 0x67, 0xfc, 0x1, 0xff, 0xe5, 0x3f,
    0xff, 0xe3, 0x0, 0xff, 0xeb, 0xb, 0xbf, 0xf1,
    0x0, 0x62, 0x88, 0xfe, 0x10, 0xf, 0xff, 0x29,
    0x4c, 0xff, 0x80, 0x30, 0xb3, 0x7f, 0x80, 0x3f,
    0xfa, 0x40,

    /* U+00CA "Ê" */
    0x0, 0xf3, 0xc4, 0x10, 0x3, 0xfd, 0x70, 0xee,
    0xb4, 0x0, 0xfd, 0x28, 0xa, 0x21, 0x66, 0x1,
    0xe7, 0x60, 0x3a, 0xd0, 0x6, 0x88, 0x6, 0x10,
    0x77, 0x68, 0x1d, 0xbb, 0x20, 0x6, 0x17, 0x88,
    0x8, 0x1, 0x22, 0xa, 0x1, 0xff, 0xc5, 0x6f,
    0xff, 0xfe, 0x10, 0x7, 0xff, 0x58, 0x59, 0xbf,
    0xc0, 0x18, 0xa6, 0x7f, 0xc0, 0x1f, 0xfe, 0x53,
    0xff, 0xfe, 0x30, 0xf, 0xfe, 0xb0, 0xbb, 0xff,
    0x10, 0x6, 0x28, 0x8f, 0xe1, 0x0, 0xff, 0xf2,
    0x94, 0xcf, 0xf8, 0x3, 0xb, 0x37, 0xf8, 0x3,
    0xff, 0xa4,

    /* U+00CB "Ë" */
    0x0, 0xc4, 0x20, 0x18, 0x84, 0x3, 0xd9, 0xbc,
    0xc0, 0xb, 0xde, 0x60, 0xc, 0xc6, 0x0, 0x80,
    0x44, 0x0, 0x24, 0x3, 0x18, 0x4, 0x60, 0xe0,
    0x10, 0x80, 0x65, 0x60, 0x2e, 0x3, 0x70, 0x1a,
    0x0, 0xe9, 0xfd, 0x30, 0x4, 0x7f, 0x20, 0x7,
    0xff, 0x15, 0xbf, 0xff, 0xf8, 0x40, 0x1f, 0xfd,
    0x61, 0x66, 0xff, 0x0, 0x62, 0x99, 0xff, 0x0,
    0x7f, 0xf9, 0x4f, 0xff, 0xf8, 0xc0, 0x3f, 0xfa,
    0xc2, 0xef, 0xfc, 0x40, 0x18, 0xa2, 0x3f, 0x84,
    0x3, 0xff, 0xca, 0x53, 0x3f, 0xe0, 0xc, 0x2c,
    0xdf, 0xe0, 0xf, 0xfe, 0x90,

    /* U+00CC "Ì" */
    0x34, 0x48, 0x2, 0x7b, 0xb9, 0x80, 0x8, 0xe0,
    0x8, 0x0, 0xa1, 0x0, 0x5c, 0x2, 0xa1, 0x9,
    0x10, 0x0, 0xf7, 0xf0, 0x80, 0x7f, 0x37, 0xfd,
    0x80, 0x1f, 0xff, 0xf0, 0xf, 0xff, 0x70,

    /* U+00CD "Í" */
    0x0, 0x8d, 0x12, 0x0, 0x87, 0x2e, 0xdc, 0x1,
    0x40, 0x0, 0xa8, 0x0, 0x4c, 0x0, 0xf0, 0xa,
    0x0, 0x14, 0x40, 0x15, 0x7f, 0x94, 0x3, 0xfe,
    0x6f, 0xfb, 0x0, 0x3f, 0xff, 0xe0, 0x1f, 0xff,
    0xf0, 0xe,

    /* U+00CE "Î" */
    0x0, 0x85, 0xe2, 0x8, 0x1, 0xed, 0x87, 0x75,
    0x98, 0x6, 0xa3, 0x6, 0x0, 0x69, 0x0, 0x21,
    0x41, 0x66, 0x80, 0x7c, 0x44, 0xf, 0x14, 0xb,
    0x4e, 0xaa, 0x18, 0x83, 0x80, 0x4b, 0x10, 0x40,
    0xf, 0xfe, 0x13, 0x7f, 0xd8, 0x1, 0xff, 0xff,
    0x0, 0xff, 0xff, 0x80, 0x7f, 0xfc, 0x80,

    /* U+00CF "Ï" */
    0x0, 0x10, 0x80, 0x62, 0x10, 0x1d, 0xd7, 0x20,
    0x3, 0x37, 0x95, 0x88, 0x1, 0x0, 0xc6, 0x0,
    0x81, 0x0, 0x9c, 0xc, 0x2, 0x16, 0x50, 0x29,
    0x5, 0x60, 0x2f, 0xa, 0xfd, 0x20, 0x4, 0xfe,
    0x98, 0x7, 0xff, 0x9, 0xbf, 0xec, 0x0, 0xff,
    0xff, 0x80, 0x7f, 0xff, 0xc0, 0x3f, 0xfe, 0x40,

    /* U+00D0 "Ð" */
    0x0, 0x17, 0xff, 0xee, 0xc8, 0x30, 0xf, 0xfe,
    0x28, 0x9b, 0xe5, 0x90, 0x7, 0xff, 0x1d, 0x35,
    0x0, 0x3f, 0xcc, 0xd9, 0x0, 0x3a, 0xc8, 0x3,
    0xfa, 0x26, 0x6b, 0xf8, 0x0, 0xdc, 0x1, 0xff,
    0xc3, 0x79, 0x0, 0x8d, 0x0, 0x3f, 0xf8, 0x6c,
    0x60, 0x16, 0x80, 0x7f, 0xf1, 0x28, 0x2, 0x40,
    0xae, 0xc0, 0xd, 0xfd, 0xd2, 0x80, 0x4a, 0x1,
    0x10, 0x8, 0xc0, 0x18, 0x47, 0x18, 0x4, 0x20,
    0x18, 0x40, 0x3f, 0xf9, 0x37, 0xfa, 0x1, 0xbb,
    0xfe, 0x60, 0x8, 0x40, 0x30, 0x80, 0x7f, 0xf0,
    0xd4, 0x2, 0x20, 0xf, 0xfe, 0x25, 0x0, 0x48,
    0x1, 0xff, 0xc3, 0x63, 0x0, 0xb4, 0x3, 0xff,
    0x84, 0xf2, 0x1, 0x1a, 0x0, 0x7e, 0x89, 0x9a,
    0xfe, 0x0, 0x37, 0x0, 0x7f, 0x33, 0x64, 0x0,
    0xeb, 0x20, 0xf, 0xfe, 0x2a, 0x6a, 0x0, 0x7f,
    0xf0, 0x84, 0xdf, 0x2c, 0x80, 0x30,

    /* U+00D1 "Ñ" */
    0x0, 0xf1, 0x20, 0x80, 0x48, 0x80, 0xf, 0xe7,
    0xdb, 0xe9, 0x16, 0xbb, 0x0, 0x7e, 0x18, 0x0,
    0x9b, 0xa4, 0x14, 0x3, 0xf2, 0x0, 0x3a, 0xc8,
    0x0, 0x30, 0x1, 0xf9, 0xef, 0x5, 0x37, 0x2f,
    0x88, 0x3, 0xf1, 0x21, 0x80, 0x46, 0x80, 0x1f,
    0xfc, 0xc6, 0xff, 0xcc, 0x1, 0xf2, 0x7f, 0xe0,
    0xe, 0x91, 0x0, 0xff, 0xe2, 0xd8, 0x7, 0xff,
    0x15, 0x54, 0x1, 0xff, 0xc5, 0xb0, 0xf, 0xfe,
    0x28, 0xc8, 0x7, 0xff, 0x4, 0xc4, 0x0, 0xc6,
    0x1, 0xff, 0xc0, 0x78, 0x0, 0xb8, 0x3, 0xff,
    0x80, 0xec, 0x40, 0x2, 0x80, 0xf, 0xfe, 0xf,
    0x0, 0x4e, 0x40, 0x1f, 0xe1, 0x3, 0x50, 0xb,
    0x80, 0x3f, 0xf8, 0x36, 0x20, 0x3, 0x50, 0xf,
    0xfe, 0x0, 0xd8, 0x5, 0x60, 0x1f, 0xfc, 0x15,
    0x40, 0x0, 0xf0, 0x7, 0xff, 0x6, 0x80, 0x25,
    0x0, 0xff, 0xe0, 0x8c, 0x80, 0x7f, 0xf1, 0x58,
    0xc0, 0x3f, 0xf8, 0xbc, 0x1, 0xff, 0xc5, 0x27,
    0x0, 0xff, 0xe2, 0xc1, 0x0, 0x60,

    /* U+00D2 "Ò" */
    0x0, 0xf5, 0x7f, 0xc4, 0x1, 0xff, 0xc4, 0xa2,
    0x0, 0x40, 0x7, 0xff, 0x17, 0xc0, 0xa, 0x40,
    0x1f, 0xfc, 0x42, 0xa0, 0x4, 0x80, 0x7f, 0xf1,
    0x56, 0xed, 0xe0, 0x1f, 0xfc, 0x64, 0x48, 0x3,
    0xff, 0xb0, 0x73, 0x9f, 0xf6, 0xc9, 0x80, 0x7f,
    0x86, 0xf1, 0x8c, 0x2, 0x26, 0xcc, 0x10, 0x7,
    0xc7, 0xe8, 0x1, 0xfc, 0x7a, 0x60, 0x1c, 0x3a,
    0x20, 0x18, 0x90, 0xc0, 0x3b, 0x8, 0x3, 0x50,
    0x80, 0x4b, 0xdb, 0x79, 0xcc, 0x1, 0xb8, 0x2,
    0x34, 0x0, 0x9a, 0x84, 0x2, 0x19, 0x70, 0x8,
    0xd0, 0x1, 0x40, 0x10, 0xc8, 0x7, 0xd0, 0x40,
    0x16, 0x80, 0x14, 0x2, 0x60, 0xf, 0xea, 0x0,
    0x90, 0x0, 0x60, 0x16, 0x80, 0x7f, 0x20, 0x4,
    0x40, 0x1e, 0x60, 0xf, 0xe1, 0x0, 0xc2, 0x1,
    0xff, 0xce, 0x60, 0xf, 0xe1, 0x0, 0xc2, 0x6,
    0x1, 0x68, 0x7, 0xf2, 0x0, 0x44, 0x0, 0x50,
    0x9, 0x80, 0x3f, 0xa8, 0x2, 0x40, 0x5, 0x0,
    0x43, 0x20, 0x1f, 0x41, 0x0, 0x5a, 0x0, 0x34,
    0x0, 0x9a, 0x84, 0x2, 0x19, 0x70, 0x8, 0xd0,
    0x2, 0xa1, 0x0, 0x97, 0xb6, 0xf3, 0x98, 0x3,
    0x70, 0x6, 0x1d, 0x10, 0xc, 0x48, 0x60, 0x1d,
    0x84, 0x1, 0xc7, 0xe8, 0x1, 0xfc, 0x7a, 0x60,
    0x1f, 0xd, 0xe3, 0x18, 0x4, 0x4d, 0x98, 0x20,
    0xc,

    /* U+00D3 "Ó" */
    0x0, 0xff, 0xf, 0xfd, 0x60, 0x1f, 0xfc, 0x48,
    0x0, 0xd, 0x0, 0x7f, 0xf0, 0xc9, 0x80, 0x1a,
    0x20, 0x1f, 0xfc, 0x38, 0x0, 0x49, 0x80, 0x7f,
    0xf1, 0x3a, 0xec, 0xc0, 0x1f, 0xfc, 0x54, 0x48,
    0x3, 0xff, 0xb0, 0x73, 0x9f, 0xf6, 0xc9, 0x80,
    0x7f, 0x86, 0xf1, 0x8c, 0x2, 0x26, 0xcc, 0x10,
    0x7, 0xc7, 0xe8, 0x1, 0xfc, 0x7a, 0x60, 0x1c,
    0x3a, 0x20, 0x18, 0x90, 0xc0, 0x3b, 0x8, 0x3,
    0x50, 0x80, 0x4b, 0xdb, 0x79, 0xcc, 0x1, 0xb8,
    0x2, 0x34, 0x0, 0x9a, 0x84, 0x2, 0x19, 0x70,
    0x8, 0xd0, 0x1, 0x40, 0x10, 0xc8, 0x7, 0xd0,
    0x40, 0x16, 0x80, 0x14, 0x2, 0x60, 0xf, 0xea,
    0x0, 0x90, 0x0, 0x60, 0x16, 0x80, 0x7f, 0x20,
    0x4, 0x40, 0x1e, 0x60, 0xf, 0xe1, 0x0, 0xc2,
    0x1, 0xff, 0xce, 0x60, 0xf, 0xe1, 0x0, 0xc2,
    0x6, 0x1, 0x68, 0x7, 0xf2, 0x0, 0x44, 0x0,
    0x50, 0x9, 0x80, 0x3f, 0xa8, 0x2, 0x40, 0x5,
    0x0, 0x43, 0x20, 0x1f, 0x41, 0x0, 0x5a, 0x0,
    0x34, 0x0, 0x9a, 0x84, 0x2, 0x19, 0x70, 0x8,
    0xd0, 0x2, 0xa1, 0x0, 0x97, 0xb6, 0xf3, 0x98,
    0x3, 0x70, 0x6, 0x1d, 0x10, 0xc, 0x48, 0x60,
    0x1d, 0x84, 0x1, 0xc7, 0xe8, 0x1, 0xfc, 0x7a,
    0x60, 0x1f, 0xd, 0xe3, 0x18, 0x4, 0x4d, 0x98,
    0x20, 0xc,

    /* U+00D4 "Ô" */
    0x0, 0xfc, 0xff, 0xf3, 0x80, 0x7f, 0xf0, 0xd2,
    0x0, 0x28, 0x40, 0xf, 0xfe, 0x8, 0xd0, 0x2,
    0x80, 0x14, 0x40, 0x1f, 0xfc, 0xd, 0x10, 0x95,
    0x90, 0x1e, 0x0, 0xff, 0x8d, 0x1e, 0x18, 0x1a,
    0x5d, 0xc, 0x3, 0xfc, 0x71, 0x7, 0x0, 0x9a,
    0x20, 0x60, 0x1f, 0xfd, 0x43, 0x9c, 0xff, 0xb6,
    0x4c, 0x3, 0xfc, 0x37, 0x8c, 0x60, 0x11, 0x36,
    0x60, 0x80, 0x3e, 0x3f, 0x40, 0xf, 0xe3, 0xd3,
    0x0, 0xe1, 0xd1, 0x0, 0xc4, 0x86, 0x1, 0xd8,
    0x40, 0x1a, 0x84, 0x2, 0x5e, 0xdb, 0xce, 0x60,
    0xd, 0xc0, 0x11, 0xa0, 0x4, 0xd4, 0x20, 0x10,
    0xcb, 0x80, 0x46, 0x80, 0xa, 0x0, 0x86, 0x40,
    0x3e, 0x82, 0x0, 0xb4, 0x0, 0xa0, 0x13, 0x0,
    0x7f, 0x50, 0x4, 0x80, 0x3, 0x0, 0xb4, 0x3,
    0xf9, 0x0, 0x22, 0x0, 0xf3, 0x0, 0x7f, 0x8,
    0x6, 0x10, 0xf, 0xfe, 0x73, 0x0, 0x7f, 0x8,
    0x6, 0x10, 0x30, 0xb, 0x40, 0x3f, 0x90, 0x2,
    0x20, 0x2, 0x80, 0x4c, 0x1, 0xfd, 0x40, 0x12,
    0x0, 0x28, 0x2, 0x19, 0x0, 0xfa, 0x8, 0x2,
    0xd0, 0x1, 0xa0, 0x4, 0xd4, 0x20, 0x10, 0xcb,
    0x80, 0x46, 0x80, 0x15, 0x8, 0x4, 0xbd, 0xb7,
    0x9c, 0xc0, 0x1b, 0x80, 0x30, 0xe8, 0x80, 0x62,
    0x43, 0x0, 0xec, 0x20, 0xe, 0x3f, 0x40, 0xf,
    0xe3, 0xd3, 0x0, 0xf8, 0x6f, 0x18, 0xc0, 0x22,
    0x6c, 0xc1, 0x0, 0x60,

    /* U+00D5 "Õ" */
    0x0, 0xf0, 0xdf, 0xea, 0x0, 0x3f, 0xc6, 0x1,
    0xff, 0x5a, 0x1, 0x5c, 0x38, 0x0, 0x80, 0x3f,
    0xe5, 0x6, 0x80, 0x78, 0x4, 0x10, 0xf, 0xf1,
    0x0, 0x21, 0xf0, 0xc1, 0x28, 0x3, 0xfe, 0x2f,
    0xf0, 0x81, 0xe7, 0xd8, 0x80, 0x7f, 0xfa, 0x8e,
    0x73, 0xfe, 0xd9, 0x30, 0xf, 0xf0, 0xde, 0x31,
    0x80, 0x44, 0xd9, 0x82, 0x0, 0xf8, 0xfd, 0x0,
    0x3f, 0x8f, 0x4c, 0x3, 0x87, 0x44, 0x3, 0x12,
    0x18, 0x7, 0x61, 0x0, 0x6a, 0x10, 0x9, 0x7b,
    0x6f, 0x39, 0x80, 0x37, 0x0, 0x46, 0x80, 0x13,
    0x50, 0x80, 0x43, 0x2e, 0x1, 0x1a, 0x0, 0x28,
    0x2, 0x19, 0x0, 0xfa, 0x8, 0x2, 0xd0, 0x2,
    0x80, 0x4c, 0x1, 0xfd, 0x40, 0x12, 0x0, 0xc,
    0x2, 0xd0, 0xf, 0xe4, 0x0, 0x88, 0x3, 0xcc,
    0x1, 0xfc, 0x20, 0x18, 0x40, 0x3f, 0xf9, 0xcc,
    0x1, 0xfc, 0x20, 0x18, 0x40, 0xc0, 0x2d, 0x0,
    0xfe, 0x40, 0x8, 0x80, 0xa, 0x1, 0x30, 0x7,
    0xf5, 0x0, 0x48, 0x0, 0xa0, 0x8, 0x64, 0x3,
    0xe8, 0x20, 0xb, 0x40, 0x6, 0x80, 0x13, 0x50,
    0x80, 0x43, 0x2e, 0x1, 0x1a, 0x0, 0x54, 0x20,
    0x12, 0xf6, 0xde, 0x73, 0x0, 0x6e, 0x0, 0xc3,
    0xa2, 0x1, 0x89, 0xc, 0x3, 0xb0, 0x80, 0x38,
    0xfd, 0x0, 0x3f, 0x8f, 0x4c, 0x3, 0xe1, 0xbc,
    0x63, 0x0, 0x89, 0xb3, 0x4, 0x1, 0x80,

    /* U+00D6 "Ö" */
    0x0, 0xe1, 0xbf, 0xc1, 0x0, 0x5f, 0xe1, 0x0,
    0x7f, 0xa1, 0x0, 0xe0, 0x1d, 0x0, 0xe0, 0x3,
    0xfc, 0x60, 0x11, 0x87, 0x80, 0x42, 0x1, 0xfe,
    0x81, 0x1, 0x80, 0x91, 0x0, 0x40, 0x7, 0xf8,
    0xbb, 0x78, 0x80, 0x7b, 0x7c, 0xc0, 0x3f, 0xf8,
    0x4, 0x1, 0xc4, 0x1, 0xff, 0xd6, 0x39, 0xcf,
    0xfb, 0x64, 0xc0, 0x3f, 0xc3, 0x78, 0xc6, 0x1,
    0x13, 0x66, 0x8, 0x3, 0xe3, 0xf4, 0x0, 0xfe,
    0x3d, 0x30, 0xe, 0x1d, 0x10, 0xc, 0x48, 0x60,
    0x1d, 0x84, 0x1, 0xa8, 0x40, 0x25, 0xed, 0xbc,
    0xe6, 0x0, 0xdc, 0x1, 0x1a, 0x0, 0x4d, 0x42,
    0x1, 0xc, 0xb8, 0x4, 0x68, 0x0, 0xa0, 0x8,
    0x64, 0x3, 0xe8, 0x20, 0xb, 0x40, 0xa, 0x1,
    0x30, 0x7, 0xf5, 0x0, 0x48, 0x0, 0x30, 0xb,
    0x40, 0x3f, 0x90, 0x2, 0x20, 0xf, 0x30, 0x7,
    0xf0, 0x80, 0x61, 0x0, 0xff, 0xe7, 0x30, 0x7,
    0xf0, 0x80, 0x61, 0x3, 0x0, 0xb4, 0x3, 0xf9,
    0x0, 0x22, 0x0, 0x28, 0x4, 0xc0, 0x1f, 0xd4,
    0x1, 0x20, 0x2, 0x80, 0x21, 0x90, 0xf, 0xa0,
    0x80, 0x2d, 0x0, 0x1a, 0x0, 0x4d, 0x42, 0x1,
    0xc, 0xb8, 0x4, 0x68, 0x1, 0x50, 0x80, 0x4b,
    0xdb, 0x79, 0xcc, 0x1, 0xb8, 0x3, 0xe, 0x88,
    0x6, 0x24, 0x30, 0xe, 0xc2, 0x0, 0xe3, 0xf4,
    0x0, 0xfe, 0x3d, 0x30, 0xf, 0x86, 0xf1, 0x8c,
    0x2, 0x26, 0xcc, 0x10, 0x6,

    /* U+00D7 "×" */
    0x0, 0x10, 0x7, 0xe1, 0x0, 0xc9, 0xae, 0x1,
    0xe1, 0xcb, 0x0, 0x25, 0x84, 0x38, 0x6, 0x1c,
    0x24, 0xb0, 0xd0, 0xa, 0x18, 0x0, 0x38, 0x40,
    0x5, 0x29, 0x60, 0xa, 0x58, 0x70, 0x80, 0x3,
    0x84, 0x12, 0xc0, 0x14, 0xf9, 0x0, 0x7, 0x8,
    0x2, 0x96, 0x0, 0x84, 0x0, 0x38, 0x40, 0x1d,
    0x2a, 0x1, 0xd8, 0x40, 0x1e, 0x17, 0x0, 0xe4,
    0x0, 0xf0, 0xe1, 0x0, 0x74, 0xb0, 0x6, 0x1c,
    0x20, 0x0, 0xa0, 0x5, 0x2c, 0x0, 0x1c, 0x20,
    0x0, 0xed, 0xb0, 0x5, 0x2c, 0x16, 0x40, 0x1,
    0xd3, 0x9, 0x60, 0xa, 0x4a, 0xc8, 0x7, 0x4c,
    0x2, 0x96, 0x0, 0x41, 0xe, 0x1e, 0x98, 0x7,
    0x4b, 0x43, 0x80, 0x7, 0xc, 0x3, 0xe9, 0x70,
    0x0,

    /* U+00D8 "Ø" */
    0x0, 0xff, 0xe2, 0xa1, 0x80, 0x7e, 0x39, 0xcf,
    0xfb, 0x64, 0xc0, 0xef, 0x10, 0x3, 0x86, 0xf1,
    0x8c, 0x2, 0x26, 0xcc, 0x68, 0x2, 0x0, 0x31,
    0xfa, 0x0, 0x7f, 0x18, 0x80, 0xe8, 0x4, 0x3a,
    0x20, 0x18, 0x90, 0xc0, 0x3d, 0x62, 0x1, 0x50,
    0x80, 0x4b, 0xdb, 0x79, 0xc2, 0x1, 0xa4, 0x2,
    0x34, 0x0, 0x9a, 0x84, 0x2, 0x61, 0x0, 0xc6,
    0x80, 0xa, 0x0, 0x86, 0x40, 0x32, 0xc0, 0x7,
    0xb4, 0x0, 0xa0, 0x13, 0x0, 0x63, 0xa0, 0x2,
    0xc0, 0x4, 0x80, 0x3, 0x0, 0xb4, 0x2, 0x2d,
    0x0, 0x1d, 0x20, 0x4, 0x40, 0x1e, 0x60, 0x0,
    0xf8, 0x81, 0x68, 0x8, 0x6, 0x10, 0xf, 0xda,
    0x40, 0x3e, 0x20, 0x1f, 0xfc, 0x6, 0xa, 0x30,
    0x6, 0x90, 0x0, 0x40, 0x30, 0x81, 0x80, 0x5b,
    0xa, 0x0, 0xa3, 0x0, 0x90, 0x2, 0x20, 0x2,
    0x80, 0x4e, 0xe0, 0x4, 0x28, 0x6, 0xa0, 0x9,
    0x0, 0x14, 0x1, 0xe6, 0x70, 0xd, 0x4, 0x1,
    0x68, 0x0, 0xd0, 0x3, 0xd, 0x80, 0x43, 0x2e,
    0x1, 0x1a, 0x0, 0x50, 0x1, 0x87, 0x75, 0x79,
    0xcc, 0x1, 0xb8, 0x2, 0x1e, 0x0, 0xf1, 0x21,
    0x80, 0x76, 0x10, 0x5, 0x44, 0x0, 0x40, 0xf,
    0xe3, 0xd3, 0x0, 0xd0, 0x21, 0x76, 0xc6, 0x30,
    0x8, 0x9b, 0x30, 0x40, 0x1c, 0x79, 0x48, 0x7,
    0x39, 0xff, 0x6c, 0x98, 0x7, 0x80,

    /* U+00D9 "Ù" */
    0x0, 0xc9, 0xff, 0x40, 0x7, 0xff, 0x5, 0x20,
    0x0, 0xe2, 0x1, 0xff, 0xc1, 0x74, 0x0, 0x40,
    0x7, 0xff, 0xa, 0x84, 0x18, 0x40, 0x3f, 0xf8,
    0x23, 0x97, 0x63, 0x0, 0xff, 0xe1, 0x12, 0x20,
    0x80, 0x3f, 0xf9, 0xaf, 0xff, 0x58, 0x7, 0xec,
    0xff, 0x94, 0x3, 0xff, 0xfe, 0x1, 0xff, 0xff,
    0x0, 0xff, 0xfb, 0x8, 0x4, 0xc0, 0x1f, 0x8c,
    0x2, 0x15, 0x0, 0x89, 0x0, 0x3c, 0xc0, 0x19,
    0x8c, 0x40, 0x2a, 0x40, 0xc, 0xd2, 0x1, 0x11,
    0x2, 0x0, 0x21, 0xbd, 0xab, 0xe9, 0x0, 0xd0,
    0x0, 0x65, 0x0, 0xc4, 0xa8, 0x20, 0x19, 0xd4,
    0x2, 0xa8, 0x0, 0xff, 0x4c, 0x0, 0x73, 0xf4,
    0x20, 0x80, 0x5, 0x27, 0x98, 0x2,

    /* U+00DA "Ú" */
    0x0, 0xfe, 0xaf, 0xf8, 0x80, 0x3f, 0xf8, 0x4,
    0xa0, 0xa, 0x20, 0xf, 0xfe, 0x4, 0x80, 0x19,
    0x40, 0x3f, 0xf8, 0x6, 0x80, 0x72, 0x1, 0xff,
    0xc1, 0x1b, 0xb6, 0x80, 0x7f, 0xf0, 0x89, 0x10,
    0x20, 0x1f, 0xfc, 0xd7, 0xff, 0xac, 0x3, 0xf6,
    0x7f, 0xca, 0x1, 0xff, 0xff, 0x0, 0xff, 0xff,
    0x80, 0x7f, 0xfd, 0x84, 0x2, 0x60, 0xf, 0xc6,
    0x1, 0xa, 0x80, 0x44, 0x80, 0x1e, 0x60, 0xc,
    0xc6, 0x20, 0x15, 0x20, 0x6, 0x69, 0x0, 0x88,
    0x81, 0x0, 0x10, 0xde, 0xd5, 0xf4, 0x80, 0x68,
    0x0, 0x32, 0x80, 0x62, 0x54, 0x10, 0xc, 0xea,
    0x1, 0x54, 0x0, 0x7f, 0xa6, 0x0, 0x39, 0xfa,
    0x10, 0x40, 0x2, 0x93, 0xcc, 0x1, 0x0,

    /* U+00DB "Û" */
    0x0, 0xf1, 0x7f, 0xda, 0x20, 0x1f, 0xfc, 0xf,
    0x0, 0x8a, 0x80, 0x3f, 0xe9, 0x20, 0x64, 0x4,
    0x70, 0xf, 0xe6, 0x60, 0x1c, 0xd0, 0x84, 0x20,
    0x7, 0xe1, 0x77, 0x70, 0xe, 0xbb, 0x88, 0x3,
    0xf3, 0xc4, 0x8, 0x0, 0x71, 0x6, 0x0, 0xff,
    0xe5, 0x3f, 0xfd, 0x60, 0x1f, 0xb3, 0xfe, 0x50,
    0xf, 0xff, 0xf8, 0x7, 0xff, 0xfc, 0x3, 0xff,
    0xec, 0x20, 0x13, 0x0, 0x7e, 0x30, 0x8, 0x54,
    0x2, 0x24, 0x0, 0xf3, 0x0, 0x66, 0x31, 0x0,
    0xa9, 0x0, 0x33, 0x48, 0x4, 0x44, 0x8, 0x0,
    0x86, 0xf6, 0xaf, 0xa4, 0x3, 0x40, 0x1, 0x94,
    0x3, 0x12, 0xa0, 0x80, 0x67, 0x50, 0xa, 0xa0,
    0x3, 0xfd, 0x30, 0x1, 0xcf, 0xd0, 0x82, 0x0,
    0x14, 0x9e, 0x60, 0x8,

    /* U+00DC "Ü" */
    0x0, 0xcf, 0xfc, 0xa0, 0x6, 0xee, 0x30, 0x7,
    0xc5, 0x0, 0x34, 0x3, 0x22, 0x29, 0x10, 0xf,
    0x8, 0x7, 0x18, 0x7, 0xfc, 0x6a, 0x0, 0x70,
    0x26, 0x0, 0x30, 0x80, 0x7d, 0x5b, 0xd0, 0x0,
    0x9d, 0xd4, 0x80, 0x7f, 0x10, 0x80, 0x62, 0x20,
    0x7, 0xff, 0x2d, 0xff, 0xeb, 0x0, 0xfd, 0x9f,
    0xf2, 0x80, 0x7f, 0xff, 0xc0, 0x3f, 0xff, 0xe0,
    0x1f, 0xff, 0x61, 0x0, 0x98, 0x3, 0xf1, 0x80,
    0x42, 0xa0, 0x11, 0x20, 0x7, 0x98, 0x3, 0x31,
    0x88, 0x5, 0x48, 0x1, 0x9a, 0x40, 0x22, 0x20,
    0x40, 0x4, 0x37, 0xb5, 0x7d, 0x20, 0x1a, 0x0,
    0xc, 0xa0, 0x18, 0x95, 0x4, 0x3, 0x3a, 0x80,
    0x55, 0x0, 0x1f, 0xe9, 0x80, 0xe, 0x7e, 0x84,
    0x10, 0x0, 0xa4, 0xf3, 0x0, 0x40,

    /* U+00DD "Ý" */
    0x0, 0xff, 0x12, 0x24, 0x20, 0x1f, 0xfc, 0x3c,
    0xbb, 0x40, 0x80, 0x7f, 0xf0, 0x9c, 0x40, 0x74,
    0x3, 0xff, 0x84, 0x30, 0x0, 0xd1, 0x0, 0xff,
    0xe1, 0x48, 0x2, 0xc, 0x3, 0xff, 0x87, 0x1f,
    0xe7, 0x0, 0xff, 0xe8, 0x3f, 0xfe, 0x60, 0xf,
    0xd9, 0xff, 0x85, 0xc8, 0x2, 0x80, 0xf, 0x94,
    0xc0, 0x29, 0x10, 0xe0, 0x8, 0x60, 0x3, 0xd0,
    0x1, 0x13, 0x0, 0xd, 0x40, 0x27, 0x20, 0xc,
    0xc4, 0x1, 0x48, 0x6, 0xb0, 0xd, 0x0, 0x1a,
    0x0, 0x25, 0x40, 0xc, 0x32, 0x1, 0x29, 0x80,
    0x20, 0x40, 0x2b, 0x0, 0xf3, 0x10, 0x5, 0xe0,
    0x2e, 0x1, 0x40, 0x80, 0x7d, 0xc0, 0x11, 0xac,
    0x0, 0x44, 0xe0, 0x1f, 0x8d, 0x40, 0x2b, 0x60,
    0xa, 0x40, 0x3f, 0xd6, 0x20, 0x1, 0x0, 0x91,
    0x0, 0x1f, 0xe1, 0x80, 0xf, 0x48, 0x7, 0xff,
    0x1, 0x8c, 0x3, 0x39, 0x0, 0x7f, 0xf0, 0x60,
    0x3, 0x40, 0x7, 0xff, 0x9, 0xc0, 0x21, 0x0,
    0xff, 0xff, 0x80, 0x7f, 0xfa, 0x40,

    /* U+00DE "Þ" */
    0x7f, 0xfa, 0xc0, 0x3f, 0xfc, 0x69, 0xff, 0xb6,
    0x90, 0x3, 0xff, 0x82, 0x4b, 0x76, 0x10, 0xf,
    0xfe, 0x12, 0x60, 0x7, 0x8e, 0xee, 0xa6, 0x0,
    0x8a, 0x0, 0x39, 0xd1, 0x25, 0x9a, 0x0, 0x98,
    0x3, 0xfe, 0x52, 0x0, 0x9, 0x0, 0x7f, 0xcc,
    0x1, 0x30, 0x7, 0xfc, 0xe0, 0x13, 0x80, 0x7f,
    0x90, 0xc0, 0x23, 0x0, 0xce, 0x67, 0x24, 0x58,
    0x4, 0xc0, 0x1c, 0x79, 0x95, 0xb8, 0x4, 0x50,
    0x1, 0xff, 0xc1, 0x3c, 0x10, 0xf, 0xf1, 0x2d,
    0xe0, 0x80, 0x79, 0x3f, 0xf6, 0xd2, 0x0, 0x7f,
    0xfa, 0x0,

    /* U+00DF "ß" */
    0x0, 0x8a, 0x77, 0xfe, 0xd9, 0x30, 0xf, 0xa3,
    0x58, 0x80, 0x22, 0x6c, 0xb1, 0x0, 0xce, 0xe0,
    0xf, 0xe4, 0xd0, 0x8, 0x60, 0x3, 0x34, 0x38,
    0x80, 0x46, 0xa0, 0x4, 0x0, 0xd9, 0x2f, 0x1e,
    0x40, 0x16, 0x0, 0xc, 0x2, 0x43, 0x0, 0x85,
    0x40, 0x3f, 0xc2, 0x1, 0xc4, 0x1, 0x78, 0x7,
    0xfc, 0xea, 0x0, 0x26, 0x0, 0xfe, 0xff, 0x40,
    0x1, 0x70, 0x3, 0xff, 0x84, 0x20, 0xa0, 0x1f,
    0xfc, 0x21, 0x5b, 0x80, 0xf, 0xec, 0xc5, 0xa8,
    0x4, 0xea, 0x1, 0xf8, 0xcc, 0x94, 0xc0, 0x14,
    0x80, 0x7f, 0xf0, 0x2c, 0x2, 0x30, 0xf, 0xfe,
    0x8d, 0x80, 0x42, 0x1, 0xf9, 0x54, 0xd6, 0xc0,
    0x12, 0x0, 0x7c, 0x55, 0x49, 0x40, 0xd, 0x0,
    0x1f, 0xfc, 0x21, 0xb2, 0x0, 0xff, 0xe0, 0x1c,
    0x7a, 0x0, 0x0,

    /* U+00E0 "à" */
    0x0, 0x9f, 0xfe, 0x50, 0xf, 0xf3, 0xa8, 0x2,
    0x0, 0x3f, 0xea, 0x20, 0x26, 0x0, 0xff, 0xbc,
    0x1, 0x0, 0x1f, 0xf1, 0x65, 0xd0, 0x80, 0x7f,
    0x35, 0xed, 0xdb, 0x29, 0x0, 0x38, 0xb6, 0x50,
    0x40, 0x4, 0xb7, 0x40, 0x1b, 0xc8, 0x3, 0xf2,
    0xb8, 0x1, 0x48, 0x0, 0x57, 0xfc, 0xc0, 0x14,
    0x80, 0x8, 0xce, 0xe4, 0x1, 0x91, 0x0, 0x8,
    0x81, 0xf3, 0x23, 0x0, 0x90, 0x40, 0x23, 0x0,
    0x85, 0xa7, 0x37, 0xec, 0x3, 0xe9, 0xe9, 0x63,
    0x20, 0xf, 0xd0, 0xc0, 0x11, 0x34, 0x61, 0x0,
    0x73, 0x80, 0x57, 0xb2, 0xe6, 0x1, 0xc2, 0x1,
    0x1a, 0x0, 0x42, 0x40, 0x18, 0x40, 0x23, 0x30,
    0x0, 0xb4, 0x3, 0xc6, 0x1, 0x67, 0x6e, 0x8c,
    0x3, 0xdc, 0x20, 0x10, 0x90, 0x31, 0x80, 0x71,
    0x7b, 0x10, 0x0, 0xe6, 0x40, 0x1c,

    /* U+00E1 "á" */
    0x0, 0xfd, 0xbf, 0xee, 0x10, 0xf, 0xe5, 0x20,
    0x6, 0x88, 0x7, 0xf4, 0x0, 0x24, 0xc0, 0x3f,
    0x98, 0x81, 0x58, 0x3, 0xfc, 0xb7, 0x6a, 0x0,
    0xfe, 0x6b, 0xdb, 0xb6, 0xd2, 0x0, 0x71, 0x6c,
    0xa0, 0x80, 0x9, 0x6e, 0x80, 0x37, 0x90, 0x7,
    0xe5, 0x70, 0x2, 0x90, 0x0, 0xaf, 0xf9, 0x80,
    0x29, 0x0, 0x11, 0x9d, 0xc8, 0x3, 0x22, 0x0,
    0x11, 0x3, 0xe6, 0x46, 0x1, 0x20, 0x80, 0x46,
    0x1, 0xb, 0x4e, 0x6f, 0xd8, 0x7, 0xd3, 0xd2,
    0xc6, 0x40, 0x1f, 0xa1, 0x80, 0x22, 0x68, 0xc2,
    0x0, 0xe7, 0x0, 0xaf, 0x65, 0xcc, 0x3, 0x84,
    0x2, 0x34, 0x0, 0x84, 0x80, 0x30, 0x80, 0x46,
    0x60, 0x1, 0x68, 0x7, 0x8c, 0x2, 0xce, 0xdd,
    0x18, 0x7, 0xb8, 0x40, 0x21, 0x20, 0x63, 0x0,
    0xe2, 0xf6, 0x20, 0x1, 0xcc, 0x80, 0x38,

    /* U+00E2 "â" */
    0x0, 0xe6, 0xff, 0xb0, 0x3, 0xf9, 0x64, 0x8,
    0xf, 0x0, 0x3e, 0x5a, 0x2, 0xc9, 0x3, 0xc0,
    0xe, 0x1d, 0x77, 0x60, 0xb5, 0x3a, 0x28, 0x6,
    0x18, 0x88, 0x40, 0xb, 0x10, 0x50, 0xf, 0x35,
    0xf7, 0xfb, 0x69, 0x0, 0x38, 0xb6, 0x50, 0x40,
    0x4, 0xb7, 0x40, 0x1b, 0xc8, 0x3, 0xf2, 0xb8,
    0x1, 0x48, 0x0, 0x57, 0xfc, 0xc0, 0x14, 0x80,
    0x8, 0xce, 0xe4, 0x1, 0x91, 0x0, 0x8, 0x81,
    0xf3, 0x23, 0x0, 0x90, 0x40, 0x23, 0x0, 0x85,
    0xa7, 0x37, 0xec, 0x3, 0xe9, 0xe9, 0x63, 0x20,
    0xf, 0xd0, 0xc0, 0x11, 0x34, 0x61, 0x0, 0x73,
    0x80, 0x57, 0xb2, 0xe6, 0x1, 0xc2, 0x1, 0x1a,
    0x0, 0x42, 0x40, 0x18, 0x40, 0x23, 0x30, 0x0,
    0xb4, 0x3, 0xc6, 0x1, 0x67, 0x6e, 0x8c, 0x3,
    0xdc, 0x20, 0x10, 0x90, 0x31, 0x80, 0x71, 0x7b,
    0x10, 0x0, 0xe6, 0x40, 0x1c,

    /* U+00E3 "ã" */
    0x0, 0x86, 0xbf, 0xd8, 0xeb, 0xde, 0xc0, 0x1d,
    0x6a, 0x0, 0x38, 0xa1, 0x4, 0x0, 0xe4, 0x6,
    0xa6, 0x10, 0x2a, 0x20, 0xe, 0xef, 0x95, 0x9e,
    0xfd, 0x50, 0xf, 0xfe, 0x53, 0x5f, 0x7f, 0xb6,
    0x90, 0x3, 0x8b, 0x65, 0x4, 0x0, 0x4b, 0x74,
    0x1, 0xbc, 0x80, 0x3f, 0x2b, 0x80, 0x14, 0x80,
    0x5, 0x7f, 0xcc, 0x1, 0x48, 0x0, 0x8c, 0xee,
    0x40, 0x19, 0x10, 0x0, 0x88, 0x1f, 0x32, 0x30,
    0x9, 0x4, 0x2, 0x30, 0x8, 0x5a, 0x73, 0x7e,
    0xc0, 0x3e, 0x9e, 0x96, 0x32, 0x0, 0xfd, 0xc,
    0x1, 0x13, 0x46, 0x10, 0x7, 0x38, 0x5, 0x7b,
    0x2e, 0x60, 0x1c, 0x20, 0x11, 0xa0, 0x4, 0x24,
    0x1, 0x84, 0x2, 0x33, 0x0, 0xb, 0x40, 0x3c,
    0x60, 0x16, 0x76, 0xe8, 0xc0, 0x3d, 0xc2, 0x1,
    0x9, 0x3, 0x18, 0x7, 0x17, 0xb1, 0x0, 0xe,
    0x64, 0x1, 0xc0,

    /* U+00E4 "ä" */
    0x0, 0xab, 0xf4, 0xc0, 0x13, 0xfa, 0x80, 0x19,
    0x54, 0x5, 0xe0, 0x8c, 0x5, 0x20, 0x18, 0xc0,
    0x21, 0x1, 0x0, 0x8c, 0x3, 0x39, 0x0, 0x20,
    0x14, 0xc0, 0x10, 0x1, 0x87, 0x75, 0xca, 0x0,
    0xcd, 0xe6, 0x0, 0xf2, 0x57, 0x7f, 0xb6, 0x14,
    0x3, 0x8b, 0x65, 0x4, 0x0, 0x4b, 0x74, 0x1,
    0xbc, 0x80, 0x3f, 0x2b, 0x80, 0x14, 0x80, 0x5,
    0x7f, 0xcc, 0x1, 0x48, 0x0, 0x8c, 0xee, 0x40,
    0x19, 0x10, 0x0, 0x88, 0x1f, 0x32, 0x30, 0x9,
    0x4, 0x2, 0x30, 0x8, 0x5a, 0x73, 0x7e, 0xc0,
    0x3e, 0x9e, 0x96, 0x32, 0x0, 0xfd, 0xc, 0x1,
    0x13, 0x46, 0x10, 0x7, 0x38, 0x5, 0x7b, 0x2e,
    0x60, 0x1c, 0x20, 0x11, 0xa0, 0x4, 0x24, 0x1,
    0x84, 0x2, 0x33, 0x0, 0xb, 0x40, 0x3c, 0x60,
    0x16, 0x76, 0xe8, 0xc0, 0x3d, 0xc2, 0x1, 0x9,
    0x3, 0x18, 0x7, 0x17, 0xb1, 0x0, 0xe, 0x64,
    0x1, 0xc0,

    /* U+00E5 "å" */
    0x0, 0xe2, 0x9d, 0xc6, 0x0, 0xfe, 0x2c, 0x62,
    0x39, 0x90, 0x7, 0xeb, 0x14, 0xeb, 0x6, 0x10,
    0xf, 0x88, 0x38, 0x50, 0x81, 0x40, 0x3e, 0x20,
    0xe1, 0x32, 0x6, 0x0, 0xfa, 0xc5, 0x3b, 0x1,
    0x88, 0x3, 0xe2, 0xc5, 0x23, 0x99, 0x0, 0x7f,
    0x15, 0x6e, 0x30, 0x7, 0xf3, 0x5f, 0x7f, 0xb6,
    0x90, 0x3, 0x8b, 0x65, 0x4, 0x0, 0x4b, 0x74,
    0x1, 0xbc, 0x80, 0x3f, 0x2b, 0x80, 0x14, 0x80,
    0x5, 0x7f, 0xcc, 0x1, 0x48, 0x0, 0x8c, 0xee,
    0x40, 0x19, 0x10, 0x0, 0x88, 0x1f, 0x32, 0x30,
    0x9, 0x4, 0x2, 0x30, 0x8, 0x5a, 0x73, 0x7e,
    0xc0, 0x3e, 0x9e, 0x96, 0x32, 0x0, 0xfd, 0xc,
    0x1, 0x13, 0x46, 0x10, 0x7, 0x38, 0x5, 0x7b,
    0x2e, 0x60, 0x1c, 0x20, 0x11, 0xa0, 0x4, 0x24,
    0x1, 0x84, 0x2, 0x33, 0x0, 0xb, 0x40, 0x3c,
    0x60, 0x16, 0x76, 0xe8, 0xc0, 0x3d, 0xc2, 0x1,
    0x9, 0x3, 0x18, 0x7, 0x17, 0xb1, 0x0, 0xe,
    0x64, 0x1, 0xc0,

    /* U+00E6 "æ" */
    0x0, 0xcb, 0x7d, 0xfe, 0xc7, 0x0, 0xc, 0x6f,
    0xfb, 0x64, 0x80, 0x3c, 0x39, 0x48, 0x20, 0x3,
    0x8d, 0x5f, 0x72, 0x0, 0x13, 0x6c, 0x0, 0x76,
    0x98, 0x7, 0xc5, 0x42, 0x1, 0xf3, 0xc0, 0x4,
    0xa6, 0x0, 0x2b, 0xed, 0x60, 0xe, 0x8d, 0xea,
    0x10, 0x3, 0x90, 0x0, 0x8c, 0xee, 0x41, 0x29,
    0x10, 0xa, 0x9c, 0x85, 0x74, 0x2, 0xb0, 0x3,
    0xe6, 0x46, 0x1, 0x8c, 0x0, 0x2a, 0x1, 0x8c,
    0x80, 0xe, 0x1, 0x8a, 0x33, 0xbf, 0xe2, 0x0,
    0xf, 0xff, 0x88, 0x0, 0x22, 0x0, 0x4e, 0xb9,
    0x88, 0x7, 0xff, 0x1d, 0xd8, 0x2, 0x46, 0x68,
    0x3, 0x33, 0x7f, 0x80, 0x12, 0x1, 0x65, 0xcc,
    0xc4, 0x1, 0x4c, 0xff, 0x84, 0x60, 0x1, 0x98,
    0x2, 0x22, 0x0, 0x4a, 0x1, 0xd5, 0x76, 0xa0,
    0x10, 0x8, 0xd4, 0x0, 0x9e, 0x1, 0xa9, 0x84,
    0xa, 0x95, 0x10, 0x60, 0x4, 0x0, 0xab, 0xfd,
    0x64, 0x4, 0x1, 0x4f, 0x7e, 0xa8, 0x0, 0xa0,
    0x1, 0x22, 0x1, 0xf1, 0xe5, 0x80, 0x7e, 0x3c,
    0x10, 0x1, 0x7b, 0x90, 0x0, 0x52, 0x70, 0x53,
    0x9c, 0x80, 0x2, 0xb5, 0x82, 0x0,

    /* U+00E7 "ç" */
    0x0, 0xc5, 0x3b, 0xfe, 0xea, 0x40, 0xf, 0x3e,
    0xb1, 0x0, 0x5, 0x6e, 0xc0, 0x19, 0xe0, 0x3,
    0xf2, 0x58, 0x0, 0xa0, 0x2, 0x3a, 0xb7, 0x0,
    0x91, 0x42, 0xc0, 0x23, 0xc5, 0x48, 0x90, 0xb,
    0x81, 0xc0, 0x28, 0x0, 0xcc, 0xd8, 0xc4, 0x40,
    0x12, 0x0, 0x74, 0xcd, 0x6, 0x1, 0xff, 0xc2,
    0x30, 0xf, 0xfe, 0x10, 0x88, 0x2, 0x40, 0xe,
    0xaa, 0xa4, 0x10, 0x2, 0x80, 0xc, 0xca, 0xb1,
    0x4, 0x0, 0x47, 0x8a, 0x91, 0x20, 0x17, 0x1,
    0x40, 0x4, 0x75, 0x6e, 0x1, 0x22, 0x80, 0x1e,
    0x0, 0x3f, 0x25, 0x80, 0x67, 0xd6, 0x20, 0x0,
    0xad, 0xd8, 0x3, 0xc5, 0x3a, 0x41, 0xd4, 0x80,
    0x1f, 0xe2, 0xf, 0xa0, 0xf, 0xfa, 0x1c, 0x15,
    0x80, 0x3f, 0xcf, 0x6, 0x1c, 0x1, 0xfc, 0xd5,
    0x66, 0x1a, 0x1, 0xfd, 0xea, 0x85, 0xa, 0x1,
    0x0,

    /* U+00E8 "è" */
    0x0, 0x8f, 0xfe, 0x80, 0xf, 0xf8, 0xe0, 0x0,
    0xe2, 0x1, 0xff, 0x3a, 0x80, 0x20, 0x3, 0xff,
    0x81, 0x44, 0xc, 0x40, 0x1f, 0xfc, 0xc, 0xbb,
    0x0, 0x7f, 0xc5, 0x39, 0x76, 0xf9, 0x20, 0xf,
    0x9f, 0x58, 0x80, 0x4, 0xdb, 0x0, 0x1c, 0xf0,
    0x1, 0xf9, 0xe0, 0x2, 0x28, 0x0, 0xa3, 0x7a,
    0x84, 0x0, 0xe6, 0x0, 0xb0, 0xa, 0x9c, 0x85,
    0x74, 0x2, 0x90, 0x3, 0x80, 0x5, 0x40, 0x31,
    0x98, 0x0, 0x80, 0x22, 0x0, 0xf, 0xff, 0x8c,
    0x0, 0x22, 0x30, 0xf, 0xfe, 0x19, 0x80, 0x66,
    0x6f, 0xf0, 0x8, 0x80, 0x29, 0x9f, 0xf0, 0x82,
    0x0, 0x4c, 0x1, 0xd5, 0x76, 0x90, 0x4, 0x0,
    0x52, 0xe4, 0x27, 0x6a, 0x88, 0x10, 0x1, 0x40,
    0x5, 0x1b, 0xd8, 0x80, 0x2, 0x80, 0x9, 0xe0,
    0x3, 0xf1, 0xe0, 0x7, 0x3e, 0xb1, 0x0, 0x5,
    0x6b, 0x4, 0x0,

    /* U+00E9 "é" */
    0x0, 0xfd, 0x3f, 0xf1, 0x80, 0x7f, 0x89, 0x80,
    0x12, 0x60, 0x1f, 0xe8, 0x0, 0x2b, 0x0, 0x7f,
    0x89, 0x40, 0xa8, 0x3, 0xff, 0x81, 0x76, 0xc0,
    0xf, 0xf1, 0x4f, 0xdd, 0xb2, 0x48, 0x3, 0xe7,
    0xd6, 0x20, 0x1, 0x36, 0xc0, 0x7, 0x3c, 0x0,
    0x7e, 0x78, 0x0, 0x8a, 0x0, 0x28, 0xde, 0xa1,
    0x0, 0x39, 0x80, 0x2c, 0x2, 0xa7, 0x21, 0x5d,
    0x0, 0xa4, 0x0, 0xe0, 0x1, 0x50, 0xc, 0x66,
    0x0, 0x20, 0x8, 0x80, 0x3, 0xff, 0xe3, 0x0,
    0x8, 0x8c, 0x3, 0xff, 0x86, 0x60, 0x19, 0x9b,
    0xfc, 0x2, 0x20, 0xa, 0x67, 0xfc, 0x20, 0x80,
    0x13, 0x0, 0x75, 0x5d, 0xa4, 0x1, 0x0, 0x14,
    0xb9, 0x9, 0xda, 0xa2, 0x4, 0x0, 0x50, 0x1,
    0x46, 0xf6, 0x20, 0x0, 0xa0, 0x2, 0x78, 0x0,
    0xfc, 0x78, 0x1, 0xcf, 0xac, 0x40, 0x1, 0x5a,
    0xc1, 0x0, 0x0,

    /* U+00EA "ê" */
    0x0, 0xe3, 0xef, 0xf7, 0x10, 0x7, 0xf1, 0x68,
    0x8e, 0xc2, 0x0, 0xf8, 0xb0, 0x43, 0x74, 0x3,
    0x84, 0x1, 0xe5, 0x76, 0xc3, 0x35, 0xb3, 0xa8,
    0x7, 0x9e, 0x64, 0x60, 0x4, 0x99, 0x38, 0x7,
    0xc5, 0x3b, 0xfe, 0xd9, 0x20, 0xf, 0x9f, 0x58,
    0x80, 0x4, 0xdb, 0x0, 0x1c, 0xf0, 0x1, 0xf9,
    0xe0, 0x2, 0x28, 0x0, 0xa3, 0x7a, 0x84, 0x0,
    0xe6, 0x0, 0xb0, 0xa, 0x9c, 0x85, 0x74, 0x2,
    0x90, 0x3, 0x80, 0x5, 0x40, 0x31, 0x98, 0x0,
    0x80, 0x22, 0x0, 0xf, 0xff, 0x8c, 0x0, 0x22,
    0x30, 0xf, 0xfe, 0x19, 0x80, 0x66, 0x6f, 0xf0,
    0x8, 0x80, 0x29, 0x9f, 0xf0, 0x82, 0x0, 0x4c,
    0x1, 0xd5, 0x76, 0x90, 0x4, 0x0, 0x52, 0xe4,
    0x27, 0x6a, 0x88, 0x10, 0x1, 0x40, 0x5, 0x1b,
    0xd8, 0x80, 0x2, 0x80, 0x9, 0xe0, 0x3, 0xf1,
    0xe0, 0x7, 0x3e, 0xb1, 0x0, 0x5, 0x6b, 0x4,
    0x0,

    /* U+00EB "ë" */
    0x0, 0x9b, 0xb8, 0xc0, 0x5, 0xee, 0x38, 0x7,
    0xc, 0x88, 0xa4, 0x1, 0x42, 0x28, 0x10, 0xc,
    0x60, 0x18, 0x44, 0x1, 0x8c, 0x3, 0x12, 0x80,
    0x1c, 0x44, 0xe0, 0x6, 0x20, 0xe, 0xad, 0xd4,
    0x0, 0x23, 0x75, 0x20, 0x1f, 0xaf, 0x7f, 0xdb,
    0x60, 0x1f, 0x9f, 0x58, 0x80, 0x4, 0xdb, 0x0,
    0x1c, 0xf0, 0x1, 0xf9, 0xe0, 0x2, 0x28, 0x0,
    0xa3, 0x7a, 0x84, 0x0, 0xe6, 0x0, 0xb0, 0xa,
    0x9c, 0x85, 0x74, 0x2, 0x90, 0x3, 0x80, 0x5,
    0x40, 0x31, 0x98, 0x0, 0x80, 0x22, 0x0, 0xf,
    0xff, 0x8c, 0x0, 0x22, 0x30, 0xf, 0xfe, 0x19,
    0x80, 0x66, 0x6f, 0xf0, 0x8, 0x80, 0x29, 0x9f,
    0xf0, 0x82, 0x0, 0x4c, 0x1, 0xd5, 0x76, 0x90,
    0x4, 0x0, 0x52, 0xe4, 0x27, 0x6a, 0x88, 0x10,
    0x1, 0x40, 0x5, 0x1b, 0xd8, 0x80, 0x2, 0x80,
    0x9, 0xe0, 0x3, 0xf1, 0xe0, 0x7, 0x3e, 0xb1,
    0x0, 0x5, 0x6b, 0x4, 0x0,

    /* U+00EC "ì" */
    0xb, 0xff, 0x84, 0x2, 0xb2, 0x0, 0x40, 0x6,
    0xf0, 0x3, 0x10, 0x4, 0x54, 0x0, 0x80, 0xc,
    0xb7, 0x6e, 0x0, 0xd1, 0x77, 0x40, 0x7, 0xff,
    0xfc, 0x3, 0xff, 0xb2,

    /* U+00ED "í" */
    0x0, 0xf, 0xfd, 0x60, 0x14, 0x0, 0x6, 0x80,
    0x4, 0xc0, 0xd, 0x10, 0x4, 0x0, 0x24, 0xc0,
    0x2e, 0xbb, 0x30, 0x5, 0x17, 0x74, 0x0, 0x7f,
    0xff, 0xc0, 0x3f, 0xfb, 0x80,

    /* U+00EE "î" */
    0x0, 0xa7, 0xfe, 0x90, 0xe, 0xa6, 0x3, 0x6,
    0xa0, 0xa, 0x94, 0x1f, 0x1c, 0x16, 0x80, 0xb2,
    0x6a, 0x2, 0x2a, 0x70, 0x88, 0xcc, 0x50, 0x9,
    0x59, 0x84, 0x1, 0x47, 0xfd, 0x0, 0x1f, 0xff,
    0xf0, 0xf, 0xff, 0xf8, 0x7, 0xc0,

    /* U+00EF "ï" */
    0x1c, 0xfb, 0x10, 0x1b, 0xfc, 0x18, 0x30, 0x49,
    0x9, 0x40, 0x38, 0x30, 0x8, 0x40, 0x40, 0x23,
    0x91, 0x1, 0xb0, 0xb1, 0x1, 0x93, 0xed, 0xe2,
    0x2, 0xed, 0xe3, 0x0, 0x14, 0x7f, 0xd0, 0x40,
    0x1f, 0xff, 0xf0, 0xf, 0xff, 0xf8, 0x7, 0x80,

    /* U+00F0 "ð" */
    0x0, 0x84, 0x80, 0x3f, 0xf8, 0x49, 0xb8, 0xc0,
    0x19, 0xdc, 0x1, 0xed, 0x3, 0x9d, 0x46, 0xe8,
    0xc0, 0xf, 0x44, 0x88, 0x15, 0xc8, 0xb5, 0x0,
    0x7c, 0xd0, 0x1, 0x8e, 0x44, 0x3, 0xcb, 0xb2,
    0xa, 0x0, 0x3c, 0x0, 0xfb, 0x9, 0x76, 0xb0,
    0x0, 0x74, 0x1, 0xed, 0xd5, 0x10, 0x1d, 0x80,
    0x15, 0x40, 0x1c, 0x88, 0xcf, 0xf6, 0xb, 0x80,
    0x2c, 0x3, 0xae, 0x4c, 0x0, 0x74, 0x62, 0x2,
    0xa0, 0x15, 0x20, 0x4, 0x8a, 0x28, 0x20, 0xe,
    0x0, 0x22, 0x80, 0xb, 0x6e, 0xb9, 0x40, 0x24,
    0x0, 0x70, 0x5, 0x24, 0x1, 0x50, 0x80, 0x46,
    0xa, 0x0, 0x14, 0x0, 0xe7, 0x0, 0x98, 0x40,
    0x22, 0x0, 0xf7, 0x0, 0x63, 0x0, 0xff, 0x8,
    0x6, 0x30, 0x8, 0x40, 0x3c, 0x20, 0x13, 0x8,
    0x80, 0x4, 0x20, 0x1d, 0x60, 0x11, 0x83, 0x80,
    0x50, 0x1, 0x90, 0xc0, 0x8, 0x0, 0xb0, 0x9,
    0xa8, 0xcc, 0xf6, 0x1, 0x78, 0x0, 0xa0, 0x2,
    0x5c, 0xc4, 0x0, 0x4c, 0x80, 0x13, 0xc0, 0x7,
    0xe6, 0x90, 0xe, 0x7d, 0x62, 0x0, 0xa, 0xe4,
    0x80, 0x40,

    /* U+00F1 "ñ" */
    0x0, 0x93, 0x7f, 0xa9, 0x63, 0xfc, 0x1, 0xc3,
    0x64, 0x2, 0xb4, 0xe0, 0xa0, 0x1c, 0x80, 0xa,
    0x84, 0x0, 0x25, 0x80, 0x72, 0xff, 0x95, 0xef,
    0xfd, 0x62, 0x1, 0xff, 0xc6, 0x8f, 0xf9, 0xc1,
    0xb3, 0xfd, 0x8c, 0x1, 0xfa, 0xe4, 0xc0, 0x7,
    0x36, 0x1, 0xe9, 0x40, 0xf, 0x23, 0x0, 0x70,
    0x82, 0xba, 0x0, 0x6a, 0x0, 0xf6, 0x54, 0x5c,
    0x0, 0x46, 0x1, 0xc8, 0x60, 0x13, 0x80, 0x61,
    0x0, 0xc6, 0x1, 0xc2, 0x1, 0x18, 0x7, 0xff,
    0xfc, 0x3, 0xff, 0xc2,

    /* U+00F2 "ò" */
    0x0, 0x87, 0xbf, 0xd8, 0x1, 0xff, 0xe, 0x80,
    0xd, 0x40, 0x3f, 0xe3, 0x90, 0x4, 0x0, 0x7f,
    0xf0, 0x19, 0x40, 0x98, 0x3, 0xff, 0x81, 0x57,
    0x65, 0x0, 0xff, 0x14, 0x6d, 0xdb, 0x6d, 0x40,
    0x3e, 0x7d, 0x72, 0x0, 0xa, 0x56, 0x8, 0x6,
    0x78, 0x0, 0xfc, 0x78, 0x20, 0x2, 0x80, 0x8,
    0xe6, 0xdc, 0x2, 0x28, 0x0, 0x58, 0x4, 0x78,
    0xc9, 0x14, 0x1, 0x30, 0x83, 0x80, 0x50, 0x1,
    0x94, 0x80, 0x24, 0x11, 0x0, 0x48, 0x1, 0xc8,
    0x1, 0x69, 0x80, 0x7f, 0xb8, 0x2, 0x13, 0x0,
    0xff, 0x70, 0x4, 0x23, 0x0, 0x48, 0x1, 0xc8,
    0x1, 0x70, 0x20, 0x5, 0x0, 0x19, 0x48, 0x2,
    0x70, 0x80, 0x8, 0xf1, 0x92, 0x28, 0x2, 0x61,
    0x2, 0x80, 0x8, 0xe6, 0xdc, 0x2, 0x28, 0x0,
    0x9e, 0x0, 0x3f, 0x1e, 0x8, 0x6, 0x7d, 0x72,
    0x0, 0xa, 0x56, 0x8, 0x0,

    /* U+00F3 "ó" */
    0x0, 0xfc, 0xbf, 0xf3, 0x80, 0x7f, 0xd0, 0x0,
    0x57, 0x0, 0xff, 0x31, 0x1, 0x50, 0x7, 0xfd,
    0x0, 0xf, 0x0, 0xff, 0x86, 0xaf, 0x48, 0x3,
    0xf8, 0xa3, 0x2e, 0xd9, 0x6a, 0x1, 0xf3, 0xeb,
    0x90, 0x0, 0x52, 0xb0, 0x40, 0x33, 0xc0, 0x7,
    0xe3, 0xc1, 0x0, 0x14, 0x0, 0x47, 0x36, 0xe0,
    0x11, 0x40, 0x2, 0xc0, 0x23, 0xc6, 0x48, 0xa0,
    0x9, 0x84, 0x1c, 0x2, 0x80, 0xc, 0xa4, 0x1,
    0x20, 0x88, 0x2, 0x40, 0xe, 0x40, 0xb, 0x4c,
    0x3, 0xfd, 0xc0, 0x10, 0x98, 0x7, 0xfb, 0x80,
    0x21, 0x18, 0x2, 0x40, 0xe, 0x40, 0xb, 0x81,
    0x0, 0x28, 0x0, 0xca, 0x40, 0x13, 0x84, 0x0,
    0x47, 0x8c, 0x91, 0x40, 0x13, 0x8, 0x14, 0x0,
    0x47, 0x36, 0xe0, 0x11, 0x40, 0x4, 0xf0, 0x1,
    0xf8, 0xf0, 0x40, 0x33, 0xeb, 0x90, 0x0, 0x52,
    0xb0, 0x40, 0x0,

    /* U+00F4 "ô" */
    0x0, 0xe1, 0xcf, 0xf9, 0x40, 0x3f, 0x87, 0x4c,
    0x8, 0x29, 0x0, 0x3f, 0x69, 0x84, 0xe1, 0x5,
    0xa0, 0x7, 0x95, 0x4d, 0x2c, 0x38, 0xed, 0x80,
    0x1e, 0x59, 0x93, 0x0, 0x6, 0x26, 0x0, 0x3e,
    0x28, 0xdf, 0xf7, 0x5a, 0x80, 0x7c, 0xfa, 0xe4,
    0x0, 0x14, 0xac, 0x10, 0xc, 0xf0, 0x1, 0xf8,
    0xf0, 0x40, 0x5, 0x0, 0x11, 0xcd, 0xb8, 0x4,
    0x50, 0x0, 0xb0, 0x8, 0xf1, 0x92, 0x28, 0x2,
    0x61, 0x7, 0x0, 0xa0, 0x3, 0x29, 0x0, 0x48,
    0x22, 0x0, 0x90, 0x3, 0x90, 0x2, 0xd3, 0x0,
    0xff, 0x70, 0x4, 0x26, 0x1, 0xfe, 0xe0, 0x8,
    0x46, 0x0, 0x90, 0x3, 0x90, 0x2, 0xe0, 0x40,
    0xa, 0x0, 0x32, 0x90, 0x4, 0xe1, 0x0, 0x11,
    0xe3, 0x24, 0x50, 0x4, 0xc2, 0x5, 0x0, 0x11,
    0xcd, 0xb8, 0x4, 0x50, 0x1, 0x3c, 0x0, 0x7e,
    0x3c, 0x10, 0xc, 0xfa, 0xe4, 0x0, 0x14, 0xac,
    0x10, 0x0,

    /* U+00F5 "õ" */
    0x0, 0xcb, 0xdf, 0xd2, 0xb3, 0xfc, 0x1, 0xe2,
    0xa1, 0x1, 0x6a, 0x60, 0x70, 0xf, 0x20, 0xd,
    0x41, 0x80, 0x16, 0x40, 0x3c, 0xdf, 0xca, 0xf9,
    0xfe, 0xa0, 0xf, 0xfe, 0x61, 0x46, 0xff, 0xba,
    0xd4, 0x3, 0xe7, 0xd7, 0x20, 0x0, 0xa5, 0x60,
    0x80, 0x67, 0x80, 0xf, 0xc7, 0x82, 0x0, 0x28,
    0x0, 0x8e, 0x6d, 0xc0, 0x22, 0x80, 0x5, 0x80,
    0x47, 0x8c, 0x91, 0x40, 0x13, 0x8, 0x38, 0x5,
    0x0, 0x19, 0x48, 0x2, 0x41, 0x10, 0x4, 0x80,
    0x1c, 0x80, 0x16, 0x98, 0x7, 0xfb, 0x80, 0x21,
    0x30, 0xf, 0xf7, 0x0, 0x42, 0x30, 0x4, 0x80,
    0x1c, 0x80, 0x17, 0x2, 0x0, 0x50, 0x1, 0x94,
    0x80, 0x27, 0x8, 0x0, 0x8f, 0x19, 0x22, 0x80,
    0x26, 0x10, 0x28, 0x0, 0x8e, 0x6d, 0xc0, 0x22,
    0x80, 0x9, 0xe0, 0x3, 0xf1, 0xe0, 0x80, 0x67,
    0xd7, 0x20, 0x0, 0xa5, 0x60, 0x80, 0x0,

    /* U+00F6 "ö" */
    0x0, 0x93, 0xbe, 0x40, 0x7, 0xbf, 0x20, 0x1e,
    0xa1, 0x6, 0x40, 0xf2, 0x6, 0x50, 0xf, 0xe1,
    0x1, 0x0, 0x8c, 0x3, 0xa0, 0x0, 0x6a, 0x10,
    0x0, 0x36, 0x0, 0xe6, 0xed, 0xc0, 0x2, 0xf6,
    0xe0, 0x7, 0xc7, 0x5b, 0xfe, 0xea, 0x70, 0xf,
    0x9f, 0x5c, 0x80, 0x2, 0x95, 0x82, 0x1, 0x9e,
    0x0, 0x3f, 0x1e, 0x8, 0x0, 0xa0, 0x2, 0x39,
    0xb7, 0x0, 0x8a, 0x0, 0x16, 0x1, 0x1e, 0x32,
    0x45, 0x0, 0x4c, 0x20, 0xe0, 0x14, 0x0, 0x65,
    0x20, 0x9, 0x4, 0x40, 0x12, 0x0, 0x72, 0x0,
    0x5a, 0x60, 0x1f, 0xee, 0x0, 0x84, 0xc0, 0x3f,
    0xdc, 0x1, 0x8, 0xc0, 0x12, 0x0, 0x72, 0x0,
    0x5c, 0x8, 0x1, 0x40, 0x6, 0x52, 0x0, 0x9c,
    0x20, 0x2, 0x3c, 0x64, 0x8a, 0x0, 0x98, 0x40,
    0xa0, 0x2, 0x39, 0xb7, 0x0, 0x8a, 0x0, 0x27,
    0x80, 0xf, 0xc7, 0x82, 0x1, 0x9f, 0x5c, 0x80,
    0x2, 0x95, 0x82, 0x0,

    /* U+00F7 "÷" */
    0x0, 0xe1, 0x8a, 0x40, 0xf, 0xfb, 0x5d, 0x6c,
    0xc0, 0x3f, 0x84, 0xc0, 0x2b, 0x0, 0xfe, 0x11,
    0x0, 0x5a, 0x1, 0xfe, 0xd2, 0x6, 0x50, 0xf,
    0xf1, 0xef, 0xc8, 0x7, 0x89, 0x13, 0xff, 0x82,
    0x11, 0x77, 0xff, 0xc1, 0x20, 0xf, 0xfe, 0x95,
    0x7f, 0xff, 0xf0, 0x48, 0x3, 0x86, 0x29, 0x0,
    0x3f, 0xed, 0x75, 0xb3, 0x0, 0xfe, 0x13, 0x0,
    0xac, 0x3, 0xf8, 0x44, 0x1, 0x68, 0x7, 0xfb,
    0x48, 0x19, 0x40, 0x38,

    /* U+00F8 "ø" */
    0x0, 0xff, 0xe1, 0x8, 0x7, 0x14, 0x6f, 0xfb,
    0xad, 0x42, 0x7c, 0xc0, 0x27, 0xd7, 0x20, 0x0,
    0xa5, 0x73, 0x8, 0x4, 0xf0, 0x1, 0xf8, 0x42,
    0x8c, 0xa, 0x0, 0x23, 0x9b, 0x70, 0xd, 0x80,
    0xb, 0x0, 0x8f, 0x19, 0x30, 0x3, 0x30, 0x83,
    0x80, 0x50, 0x0, 0x3b, 0x0, 0xe4, 0x11, 0x0,
    0x48, 0x5, 0xa0, 0xcc, 0x0, 0xb4, 0xc0, 0x38,
    0x7c, 0x52, 0x78, 0x2, 0x13, 0x0, 0xc3, 0x84,
    0x76, 0x1c, 0x1, 0x8, 0xc0, 0x16, 0x11, 0x34,
    0x0, 0x80, 0x17, 0x2, 0x0, 0x44, 0x38, 0x20,
    0xa4, 0x1, 0x38, 0x40, 0x6, 0x37, 0x48, 0xa0,
    0x9, 0x84, 0x9, 0x0, 0x22, 0x9b, 0x70, 0x8,
    0xa0, 0x0, 0xe8, 0x1, 0xfc, 0x78, 0x20, 0xa,
    0xa, 0xd7, 0x20, 0x0, 0xa5, 0x60, 0x80, 0x59,
    0x4a, 0x51, 0xbf, 0xee, 0xb5, 0x0, 0xc0,

    /* U+00F9 "ù" */
    0x0, 0xb7, 0xfd, 0xa0, 0x1f, 0xf7, 0x80, 0x9,
    0x80, 0x3f, 0xc5, 0x40, 0x8, 0x0, 0xff, 0x95,
    0x80, 0x5c, 0x3, 0xfe, 0x9b, 0xb2, 0x0, 0x7a,
    0x3f, 0xe8, 0x4, 0x41, 0x87, 0x7f, 0xc4, 0x1,
    0xff, 0xff, 0x0, 0xff, 0xf0, 0xf8, 0x4, 0x40,
    0x18, 0x44, 0x1, 0x84, 0x2, 0x52, 0x0, 0xa0,
    0x3, 0x90, 0x3, 0x64, 0xc6, 0x30, 0x7, 0x11,
    0x80, 0x42, 0xce, 0x60, 0x20, 0x1d, 0xc2, 0x1,
    0xea, 0x30, 0xe, 0x2f, 0x61, 0x1, 0x4c, 0x50,
    0xe,

    /* U+00FA "ú" */
    0x0, 0xf9, 0x3f, 0xe8, 0x0, 0xff, 0x40, 0x1,
    0x20, 0x3, 0xf9, 0x4c, 0x6, 0x80, 0x3f, 0xd0,
    0x0, 0xd1, 0x0, 0xff, 0x4d, 0xe1, 0x80, 0x74,
    0x7f, 0xd0, 0x8, 0x83, 0xe, 0xff, 0x88, 0x3,
    0xff, 0xfe, 0x1, 0xff, 0xe1, 0xf0, 0x8, 0x80,
    0x30, 0x88, 0x3, 0x8, 0x4, 0xa4, 0x1, 0x40,
    0x7, 0x20, 0x6, 0xc9, 0x8c, 0x60, 0xe, 0x23,
    0x0, 0x85, 0x9c, 0xc0, 0x40, 0x3b, 0x84, 0x3,
    0xd4, 0x60, 0x1c, 0x5e, 0xc2, 0x2, 0x98, 0xa0,
    0x1c,

    /* U+00FB "û" */
    0x0, 0xec, 0xff, 0x98, 0x3, 0xf0, 0xe1, 0x81,
    0x84, 0xb8, 0x7, 0x87, 0x4c, 0x2b, 0x10, 0x21,
    0xc0, 0x38, 0xaa, 0x6d, 0x42, 0xe6, 0x42, 0x20,
    0xc, 0x6c, 0xc4, 0x0, 0x99, 0xa1, 0x0, 0x47,
    0xfd, 0x0, 0x1d, 0xdf, 0xf1, 0x0, 0x7f, 0xff,
    0xc0, 0x3f, 0xfc, 0x3e, 0x1, 0x10, 0x6, 0x11,
    0x0, 0x61, 0x0, 0x94, 0x80, 0x28, 0x0, 0xe4,
    0x0, 0xd9, 0x31, 0x8c, 0x1, 0xc4, 0x60, 0x10,
    0xb3, 0x98, 0x8, 0x7, 0x70, 0x80, 0x7a, 0x8c,
    0x3, 0x8b, 0xd8, 0x40, 0x53, 0x14, 0x3, 0x80,

    /* U+00FC "ü" */
    0x0, 0x1e, 0xfc, 0x80, 0xb, 0x7e, 0x80, 0x3b,
    0xc8, 0x19, 0x42, 0x48, 0x15, 0x80, 0x30, 0x80,
    0x46, 0xe, 0x1, 0x8, 0x6, 0x80, 0x1, 0xb0,
    0x40, 0x0, 0x98, 0x3, 0x2f, 0x6e, 0x0, 0x13,
    0xb7, 0x42, 0x0, 0x8f, 0xf7, 0x50, 0x6, 0x1c,
    0xff, 0x88, 0x3, 0xff, 0xfe, 0x1, 0xff, 0xe1,
    0xf0, 0x8, 0x80, 0x30, 0x88, 0x3, 0x8, 0x4,
    0xa4, 0x1, 0x40, 0x7, 0x20, 0x6, 0xc9, 0x8c,
    0x60, 0xe, 0x23, 0x0, 0x85, 0x9c, 0xc0, 0x40,
    0x3b, 0x84, 0x3, 0xd4, 0x60, 0x1c, 0x5e, 0xc2,
    0x2, 0x98, 0xa0, 0x1c,

    /* U+00FD "ý" */
    0x0, 0xfd, 0xbf, 0xed, 0x10, 0xf, 0xf3, 0x10,
    0x3, 0x84, 0x3, 0xfd, 0x0, 0x9, 0x30, 0xf,
    0xf3, 0x88, 0x33, 0x0, 0x3f, 0xe4, 0xbb, 0x48,
    0x7, 0xa7, 0xfe, 0xa0, 0x34, 0x40, 0x3, 0x3f,
    0xe6, 0xa0, 0x9, 0x0, 0x38, 0x4c, 0x2, 0x73,
    0x20, 0x0, 0xa0, 0x6, 0x70, 0x9, 0x44, 0x28,
    0x2, 0xd0, 0xd, 0x40, 0x17, 0x0, 0x14, 0x2,
    0x70, 0x8, 0x4c, 0x0, 0x28, 0x0, 0x23, 0x0,
    0xa, 0x0, 0x1c, 0x2, 0x70, 0xd, 0x40, 0x16,
    0x80, 0x34, 0x2, 0xa0, 0xc, 0xc0, 0x13, 0x80,
    0xa0, 0x0, 0x8c, 0x3, 0x94, 0x0, 0x26, 0x80,
    0x15, 0x0, 0x7b, 0x80, 0x24, 0xf0, 0x9, 0x80,
    0x3c, 0x82, 0x0, 0xb5, 0x0, 0x20, 0x80, 0x7c,
    0xc0, 0x3, 0x0, 0xb8, 0x3, 0xf5, 0x0, 0x79,
    0x40, 0x3f, 0x11, 0x80, 0x66, 0x0, 0xff, 0x50,
    0x6, 0xa0, 0xf, 0xf1, 0x0, 0x44, 0x60, 0x1f,
    0xed, 0x0, 0xa8, 0x3, 0xf1, 0x99, 0x98, 0x1,
    0x28, 0x7, 0xc3, 0x98, 0x90, 0x9, 0x48, 0x3,
    0xe3, 0x0, 0xe2, 0xb0, 0xf, 0xc2, 0x1, 0xb,
    0x60, 0x80, 0x7c,

    /* U+00FE "þ" */
    0x8f, 0xfa, 0x0, 0x3f, 0xff, 0xe0, 0x1e, 0x7d,
    0xff, 0x63, 0x0, 0x7f, 0x5c, 0x10, 0x0, 0xe6,
    0xc0, 0x3e, 0x64, 0x0, 0xf2, 0x50, 0x7, 0x84,
    0x1e, 0xa4, 0xc0, 0x25, 0x30, 0xf, 0x5c, 0x2b,
    0x61, 0x80, 0x52, 0x1, 0xc8, 0x80, 0xd, 0x20,
    0x12, 0x0, 0x76, 0x0, 0x72, 0x0, 0x42, 0x1,
    0xc2, 0x1, 0xc2, 0x1, 0x84, 0x3, 0x8, 0x7,
    0x8, 0x6, 0x10, 0xd, 0x80, 0x1c, 0x80, 0x10,
    0x80, 0x72, 0x20, 0x3, 0x48, 0x4, 0x80, 0x1e,
    0xb8, 0x46, 0xc3, 0x0, 0xb8, 0x3, 0x84, 0x1e,
    0xe4, 0xc0, 0x24, 0x40, 0x7, 0x32, 0x80, 0x78,
    0xec, 0x3, 0xea, 0x82, 0x0, 0x1c, 0xe0, 0x7,
    0xf3, 0xef, 0xfb, 0x18, 0x3, 0xff, 0xfe, 0x1,
    0xfc,

    /* U+00FF "ÿ" */
    0x0, 0xab, 0xf4, 0xc0, 0x13, 0xfa, 0x60, 0x1c,
    0xca, 0x5, 0xe0, 0x8c, 0x5, 0xc0, 0x1c, 0x20,
    0x1c, 0x20, 0x11, 0x80, 0x73, 0x10, 0x2, 0x1,
    0x4c, 0x1, 0x60, 0x1c, 0x3b, 0xae, 0x40, 0x6,
    0x6f, 0x28, 0x5, 0x3f, 0xf4, 0x8, 0x6, 0x2d,
    0xff, 0x9a, 0x80, 0x24, 0x0, 0xe1, 0x30, 0x9,
    0xcc, 0x80, 0x2, 0x80, 0x19, 0xc0, 0x25, 0x10,
    0xa0, 0xb, 0x40, 0x35, 0x0, 0x5c, 0x0, 0x50,
    0x9, 0xc0, 0x21, 0x30, 0x0, 0xa0, 0x0, 0x8c,
    0x0, 0x28, 0x0, 0x70, 0x9, 0xc0, 0x35, 0x0,
    0x5a, 0x0, 0xd0, 0xa, 0x80, 0x33, 0x0, 0x4e,
    0x2, 0x80, 0x2, 0x30, 0xe, 0x50, 0x0, 0x9a,
    0x0, 0x54, 0x1, 0xee, 0x0, 0x93, 0xc0, 0x26,
    0x0, 0xf2, 0x8, 0x2, 0xd4, 0x0, 0x82, 0x1,
    0xf3, 0x0, 0xc, 0x2, 0xe0, 0xf, 0xd4, 0x1,
    0xe5, 0x0, 0xfc, 0x46, 0x1, 0x98, 0x3, 0xfd,
    0x40, 0x1a, 0x80, 0x3f, 0xc4, 0x1, 0x11, 0x80,
    0x7f, 0xb4, 0x2, 0xa0, 0xf, 0xc6, 0x66, 0x60,
    0x4, 0xa0, 0x1f, 0xe, 0x62, 0x40, 0x25, 0x20,
    0xf, 0x8c, 0x3, 0x8a, 0xc0, 0x3f, 0x8, 0x4,
    0x2d, 0x82, 0x1, 0xf0
};


/*---------------------
 *  GLYPH DESCRIPTION
 *--------------------*/

static const lv_font_fmt_txt_glyph_dsc_t glyph_dsc[] = {
    {.bitmap_index = 0, .adv_w = 0, .box_w = 0, .box_h = 0, .ofs_x = 0, .ofs_y = 0} /* id = 0 reserved */,
    {.bitmap_index = 0, .adv_w = 98, .box_w = 0, .box_h = 0, .ofs_x = 0, .ofs_y = 0},
    {.bitmap_index = 0, .adv_w = 120, .box_w = 6, .box_h = 20, .ofs_x = 1, .ofs_y = 0},
    {.bitmap_index = 42, .adv_w = 219, .box_w = 10, .box_h = 8, .ofs_x = 2, .ofs_y = 12},
    {.bitmap_index = 80, .adv_w = 282, .box_w = 18, .box_h = 20, .ofs_x = 0, .ofs_y = 0},
    {.bitmap_index = 226, .adv_w = 292, .box_w = 17, .box_h = 27, .ofs_x = 1, .ofs_y = -3},
    {.bitmap_index = 384, .adv_w = 428, .box_w = 24, .box_h = 20, .ofs_x = 1, .ofs_y = 0},
    {.bitmap_index = 585, .adv_w = 292, .box_w = 19, .box_h = 20, .ofs_x = 0, .ofs_y = 0},
    {.bitmap_index = 740, .adv_w = 128, .box_w = 4, .box_h = 8, .ofs_x = 2, .ofs_y = 12},
    {.bitmap_index = 756, .adv_w = 153, .box_w = 8, .box_h = 26, .ofs_x = 1, .ofs_y = -4},
    {.bitmap_index = 844, .adv_w = 153, .box_w = 8, .box_h = 26, .ofs_x = 0, .ofs_y = -4},
    {.bitmap_index = 936, .adv_w = 242, .box_w = 13, .box_h = 12, .ofs_x = 1, .ofs_y = 8},
    {.bitmap_index = 1009, .adv_w = 296, .box_w = 15, .box_h = 14, .ofs_x = 2, .ofs_y = 1},
    {.bitmap_index = 1039, .adv_w = 118, .box_w = 6, .box_h = 8, .ofs_x = 0, .ofs_y = -5},
    {.bitmap_index = 1064, .adv_w = 202, .box_w = 10, .box_h = 4, .ofs_x = 1, .ofs_y = 7},
    {.bitmap_index = 1073, .adv_w = 118, .box_w = 6, .box_h = 5, .ofs_x = 1, .ofs_y = 0},
    {.bitmap_index = 1088, .adv_w = 165, .box_w = 11, .box_h = 25, .ofs_x = 0, .ofs_y = -3},
    {.bitmap_index = 1190, .adv_w = 294, .box_w = 18, .box_h = 20, .ofs_x = 0, .ofs_y = 0},
    {.bitmap_index = 1329, .adv_w = 179, .box_w = 10, .box_h = 20, .ofs_x = 0, .ofs_y = 0},
    {.bitmap_index = 1362, .adv_w = 271, .box_w = 15, .box_h = 20, .ofs_x = 1, .ofs_y = 0},
    {.bitmap_index = 1470, .adv_w = 280, .box_w = 16, .box_h = 20, .ofs_x = 1, .ofs_y = 0},
    {.bitmap_index = 1601, .adv_w = 296, .box_w = 18, .box_h = 20, .ofs_x = 0, .ofs_y = 0},
    {.bitmap_index = 1691, .adv_w = 271, .box_w = 16, .box_h = 20, .ofs_x = 0, .ofs_y = 0},
    {.bitmap_index = 1813, .adv_w = 280, .box_w = 17, .box_h = 20, .ofs_x = 0, .ofs_y = 0},
    {.bitmap_index = 1954, .adv_w = 250, .box_w = 15, .box_h = 20, .ofs_x = 0, .ofs_y = 0},
    {.bitmap_index = 2044, .adv_w = 279, .box_w = 17, .box_h = 20, .ofs_x = 0, .ofs_y = 0},
    {.bitmap_index = 2188, .adv_w = 280, .box_w = 17, .box_h = 20, .ofs_x = 0, .ofs_y = 0},
    {.bitmap_index = 2331, .adv_w = 118, .box_w = 6, .box_h = 15, .ofs_x = 1, .ofs_y = 0},
    {.bitmap_index = 2366, .adv_w = 120, .box_w = 7, .box_h = 19, .ofs_x = 0, .ofs_y = -5},
    {.bitmap_index = 2417, .adv_w = 296, .box_w = 14, .box_h = 17, .ofs_x = 2, .ofs_y = 0},
    {.bitmap_index = 2501, .adv_w = 296, .box_w = 15, .box_h = 10, .ofs_x = 2, .ofs_y = 3},
    {.bitmap_index = 2530, .adv_w = 296, .box_w = 15, .box_h = 17, .ofs_x = 2, .ofs_y = 0},
    {.bitmap_index = 2620, .adv_w = 253, .box_w = 15, .box_h = 20, .ofs_x = 0, .ofs_y = 0},
    {.bitmap_index = 2729, .adv_w = 452, .box_w = 28, .box_h = 26, .ofs_x = 0, .ofs_y = -6},
    {.bitmap_index = 3022, .adv_w = 323, .box_w = 20, .box_h = 20, .ofs_x = 0, .ofs_y = 0},
    {.bitmap_index = 3162, .adv_w = 291, .box_w = 17, .box_h = 20, .ofs_x = 1, .ofs_y = 0},
    {.bitmap_index = 3266, .adv_w = 327, .box_w = 20, .box_h = 20, .ofs_x = 0, .ofs_y = 0},
    {.bitmap_index = 3407, .adv_w = 316, .box_w = 18, .box_h = 20, .ofs_x = 1, .ofs_y = 0},
    {.bitmap_index = 3515, .adv_w = 272, .box_w = 15, .box_h = 20, .ofs_x = 1, .ofs_y = 0},
    {.bitmap_index = 3558, .adv_w = 261, .box_w = 15, .box_h = 20, .ofs_x = 1, .ofs_y = 0},
    {.bitmap_index = 3596, .adv_w = 331, .box_w = 20, .box_h = 20, .ofs_x = 0, .ofs_y = 0},
    {.bitmap_index = 3742, .adv_w = 325, .box_w = 18, .box_h = 20, .ofs_x = 1, .ofs_y = 0},
    {.bitmap_index = 3775, .adv_w = 118, .box_w = 5, .box_h = 20, .ofs_x = 1, .ofs_y = 0},
    {.bitmap_index = 3784, .adv_w = 254, .box_w = 15, .box_h = 20, .ofs_x = 0, .ofs_y = 0},
    {.bitmap_index = 3844, .adv_w = 310, .box_w = 19, .box_h = 20, .ofs_x = 1, .ofs_y = 0},
    {.bitmap_index = 3966, .adv_w = 250, .box_w = 14, .box_h = 20, .ofs_x = 1, .ofs_y = 0},
    {.bitmap_index = 3988, .adv_w = 404, .box_w = 23, .box_h = 20, .ofs_x = 1, .ofs_y = 0},
    {.bitmap_index = 4132, .adv_w = 329, .box_w = 18, .box_h = 20, .ofs_x = 1, .ofs_y = 0},
    {.bitmap_index = 4232, .adv_w = 337, .box_w = 21, .box_h = 20, .ofs_x = 0, .ofs_y = 0},
    {.bitmap_index = 4385, .adv_w = 285, .box_w = 17, .box_h = 20, .ofs_x = 1, .ofs_y = 0},
    {.bitmap_index = 4464, .adv_w = 338, .box_w = 21, .box_h = 22, .ofs_x = 0, .ofs_y = -2},
    {.bitmap_index = 4636, .adv_w = 292, .box_w = 17, .box_h = 20, .ofs_x = 1, .ofs_y = 0},
    {.bitmap_index = 4744, .adv_w = 292, .box_w = 17, .box_h = 20, .ofs_x = 1, .ofs_y = 0},
    {.bitmap_index = 4882, .adv_w = 288, .box_w = 18, .box_h = 20, .ofs_x = 0, .ofs_y = 0},
    {.bitmap_index = 4914, .adv_w = 318, .box_w = 18, .box_h = 20, .ofs_x = 1, .ofs_y = 0},
    {.bitmap_index = 4981, .adv_w = 320, .box_w = 20, .box_h = 20, .ofs_x = 0, .ofs_y = 0},
    {.bitmap_index = 5126, .adv_w = 451, .box_w = 28, .box_h = 20, .ofs_x = 0, .ofs_y = 0},
    {.bitmap_index = 5352, .adv_w = 317, .box_w = 20, .box_h = 20, .ofs_x = 0, .ofs_y = 0},
    {.bitmap_index = 5503, .adv_w = 313, .box_w = 20, .box_h = 20, .ofs_x = 0, .ofs_y = 0},
    {.bitmap_index = 5609, .adv_w = 287, .box_w = 18, .box_h = 20, .ofs_x = 0, .ofs_y = 0},
    {.bitmap_index = 5704, .adv_w = 153, .box_w = 8, .box_h = 26, .ofs_x = 1, .ofs_y = -4},
    {.bitmap_index = 5729, .adv_w = 165, .box_w = 11, .box_h = 25, .ofs_x = 0, .ofs_y = -3},
    {.bitmap_index = 5829, .adv_w = 153, .box_w = 7, .box_h = 26, .ofs_x = 1, .ofs_y = -4},
    {.bitmap_index = 5852, .adv_w = 210, .box_w = 13, .box_h = 10, .ofs_x = 0, .ofs_y = 10},
    {.bitmap_index = 5910, .adv_w = 213, .box_w = 14, .box_h = 4, .ofs_x = 0, .ofs_y = -3},
    {.bitmap_index = 5921, .adv_w = 139, .box_w = 7, .box_h = 5, .ofs_x = 1, .ofs_y = 17},
    {.bitmap_index = 5938, .adv_w = 250, .box_w = 15, .box_h = 15, .ofs_x = 0, .ofs_y = 0},
    {.bitmap_index = 6034, .adv_w = 271, .box_w = 16, .box_h = 20, .ofs_x = 1, .ofs_y = 0},
    {.bitmap_index = 6131, .adv_w = 252, .box_w = 15, .box_h = 15, .ofs_x = 0, .ofs_y = 0},
    {.bitmap_index = 6222, .adv_w = 271, .box_w = 16, .box_h = 20, .ofs_x = 0, .ofs_y = 0},
    {.bitmap_index = 6317, .adv_w = 255, .box_w = 16, .box_h = 15, .ofs_x = 0, .ofs_y = 0},
    {.bitmap_index = 6415, .adv_w = 169, .box_w = 11, .box_h = 20, .ofs_x = 0, .ofs_y = 0},
    {.bitmap_index = 6458, .adv_w = 271, .box_w = 16, .box_h = 21, .ofs_x = 0, .ofs_y = -6},
    {.bitmap_index = 6589, .adv_w = 266, .box_w = 15, .box_h = 20, .ofs_x = 1, .ofs_y = 0},
    {.bitmap_index = 6639, .adv_w = 113, .box_w = 5, .box_h = 20, .ofs_x = 1, .ofs_y = 0},
    {.bitmap_index = 6657, .adv_w = 113, .box_w = 7, .box_h = 26, .ofs_x = -1, .ofs_y = -6},
    {.bitmap_index = 6698, .adv_w = 250, .box_w = 15, .box_h = 20, .ofs_x = 1, .ofs_y = 0},
    {.bitmap_index = 6778, .adv_w = 113, .box_w = 5, .box_h = 20, .ofs_x = 1, .ofs_y = 0},
    {.bitmap_index = 6787, .adv_w = 399, .box_w = 23, .box_h = 15, .ofs_x = 1, .ofs_y = 0},
    {.bitmap_index = 6863, .adv_w = 266, .box_w = 15, .box_h = 15, .ofs_x = 1, .ofs_y = 0},
    {.bitmap_index = 6910, .adv_w = 263, .box_w = 16, .box_h = 15, .ofs_x = 0, .ofs_y = 0},
    {.bitmap_index = 7009, .adv_w = 271, .box_w = 16, .box_h = 21, .ofs_x = 1, .ofs_y = -6},
    {.bitmap_index = 7110, .adv_w = 271, .box_w = 16, .box_h = 21, .ofs_x = 0, .ofs_y = -6},
    {.bitmap_index = 7210, .adv_w = 170, .box_w = 10, .box_h = 16, .ofs_x = 1, .ofs_y = 0},
    {.bitmap_index = 7242, .adv_w = 237, .box_w = 15, .box_h = 15, .ofs_x = 0, .ofs_y = 0},
    {.bitmap_index = 7345, .adv_w = 165, .box_w = 10, .box_h = 19, .ofs_x = 0, .ofs_y = 0},
    {.bitmap_index = 7391, .adv_w = 266, .box_w = 15, .box_h = 15, .ofs_x = 1, .ofs_y = 0},
    {.bitmap_index = 7440, .adv_w = 253, .box_w = 16, .box_h = 15, .ofs_x = 0, .ofs_y = 0},
    {.bitmap_index = 7537, .adv_w = 370, .box_w = 23, .box_h = 15, .ofs_x = 0, .ofs_y = 0},
    {.bitmap_index = 7690, .adv_w = 245, .box_w = 16, .box_h = 15, .ofs_x = 0, .ofs_y = 0},
    {.bitmap_index = 7788, .adv_w = 253, .box_w = 16, .box_h = 21, .ofs_x = 0, .ofs_y = -6},
    {.bitmap_index = 7916, .adv_w = 239, .box_w = 13, .box_h = 15, .ofs_x = 1, .ofs_y = 0},
    {.bitmap_index = 7976, .adv_w = 200, .box_w = 11, .box_h = 26, .ofs_x = 1, .ofs_y = -4},
    {.bitmap_index = 8066, .adv_w = 158, .box_w = 4, .box_h = 34, .ofs_x = 3, .ofs_y = -7},
    {.bitmap_index = 8076, .adv_w = 200, .box_w = 10, .box_h = 26, .ofs_x = 1, .ofs_y = -4},
    {.bitmap_index = 8163, .adv_w = 296, .box_w = 16, .box_h = 6, .ofs_x = 1, .ofs_y = 5},
    {.bitmap_index = 8209, .adv_w = 98, .box_w = 0, .box_h = 0, .ofs_x = 0, .ofs_y = 0},
    {.bitmap_index = 8209, .adv_w = 121, .box_w = 6, .box_h = 21, .ofs_x = 1, .ofs_y = -6},
    {.bitmap_index = 8254, .adv_w = 252, .box_w = 15, .box_h = 20, .ofs_x = 0, .ofs_y = 0},
    {.bitmap_index = 8361, .adv_w = 276, .box_w = 17, .box_h = 20, .ofs_x = 0, .ofs_y = 0},
    {.bitmap_index = 8472, .adv_w = 333, .box_w = 19, .box_h = 19, .ofs_x = 1, .ofs_y = -1},
    {.bitmap_index = 8629, .adv_w = 247, .box_w = 16, .box_h = 20, .ofs_x = 0, .ofs_y = 0},
    {.bitmap_index = 8737, .adv_w = 143, .box_w = 5, .box_h = 25, .ofs_x = 2, .ofs_y = -5},
    {.bitmap_index = 8758, .adv_w = 244, .box_w = 15, .box_h = 25, .ofs_x = 0, .ofs_y = -5},
    {.bitmap_index = 8918, .adv_w = 266, .box_w = 11, .box_h = 5, .ofs_x = 3, .ofs_y = 17},
    {.bitmap_index = 8946, .adv_w = 402, .box_w = 22, .box_h = 21, .ofs_x = 2, .ofs_y = 0},
    {.bitmap_index = 9156, .adv_w = 201, .box_w = 12, .box_h = 11, .ofs_x = 0, .ofs_y = 9},
    {.bitmap_index = 9220, .adv_w = 281, .box_w = 17, .box_h = 13, .ofs_x = 0, .ofs_y = 2},
    {.bitmap_index = 9319, .adv_w = 296, .box_w = 14, .box_h = 7, .ofs_x = 2, .ofs_y = 4},
    {.bitmap_index = 9337, .adv_w = 288, .box_w = 16, .box_h = 16, .ofs_x = 1, .ofs_y = 5},
    {.bitmap_index = 9454, .adv_w = 179, .box_w = 9, .box_h = 3, .ofs_x = 1, .ofs_y = 17},
    {.bitmap_index = 9462, .adv_w = 198, .box_w = 11, .box_h = 10, .ofs_x = 1, .ofs_y = 11},
    {.bitmap_index = 9517, .adv_w = 296, .box_w = 15, .box_h = 15, .ofs_x = 2, .ofs_y = 1},
    {.bitmap_index = 9564, .adv_w = 184, .box_w = 11, .box_h = 11, .ofs_x = 0, .ofs_y = 12},
    {.bitmap_index = 9620, .adv_w = 189, .box_w = 10, .box_h = 11, .ofs_x = 1, .ofs_y = 12},
    {.bitmap_index = 9675, .adv_w = 139, .box_w = 7, .box_h = 5, .ofs_x = 1, .ofs_y = 17},
    {.bitmap_index = 9694, .adv_w = 271, .box_w = 16, .box_h = 21, .ofs_x = 1, .ofs_y = -6},
    {.bitmap_index = 9750, .adv_w = 259, .box_w = 15, .box_h = 20, .ofs_x = 0, .ofs_y = 0},
    {.bitmap_index = 9814, .adv_w = 118, .box_w = 6, .box_h = 5, .ofs_x = 1, .ofs_y = 7},
    {.bitmap_index = 9829, .adv_w = 155, .box_w = 6, .box_h = 7, .ofs_x = 3, .ofs_y = -6},
    {.bitmap_index = 9849, .adv_w = 127, .box_w = 7, .box_h = 11, .ofs_x = 0, .ofs_y = 12},
    {.bitmap_index = 9867, .adv_w = 211, .box_w = 13, .box_h = 11, .ofs_x = 0, .ofs_y = 9},
    {.bitmap_index = 9936, .adv_w = 281, .box_w = 17, .box_h = 13, .ofs_x = 0, .ofs_y = 2},
    {.bitmap_index = 10035, .adv_w = 359, .box_w = 22, .box_h = 21, .ofs_x = 0, .ofs_y = 0},
    {.bitmap_index = 10193, .adv_w = 374, .box_w = 23, .box_h = 21, .ofs_x = 0, .ofs_y = 0},
    {.bitmap_index = 10365, .adv_w = 397, .box_w = 25, .box_h = 21, .ofs_x = 0, .ofs_y = 0},
    {.bitmap_index = 10564, .adv_w = 253, .box_w = 14, .box_h = 21, .ofs_x = 1, .ofs_y = -6},
    {.bitmap_index = 10672, .adv_w = 323, .box_w = 20, .box_h = 27, .ofs_x = 0, .ofs_y = 0},
    {.bitmap_index = 10845, .adv_w = 323, .box_w = 20, .box_h = 27, .ofs_x = 0, .ofs_y = 0},
    {.bitmap_index = 11018, .adv_w = 323, .box_w = 20, .box_h = 27, .ofs_x = 0, .ofs_y = 0},
    {.bitmap_index = 11199, .adv_w = 323, .box_w = 20, .box_h = 27, .ofs_x = 0, .ofs_y = 0},
    {.bitmap_index = 11379, .adv_w = 323, .box_w = 20, .box_h = 27, .ofs_x = 0, .ofs_y = 0},
    {.bitmap_index = 11563, .adv_w = 323, .box_w = 20, .box_h = 28, .ofs_x = 0, .ofs_y = 0},
    {.bitmap_index = 11757, .adv_w = 456, .box_w = 28, .box_h = 20, .ofs_x = 0, .ofs_y = 0},
    {.bitmap_index = 11893, .adv_w = 327, .box_w = 20, .box_h = 26, .ofs_x = 0, .ofs_y = -6},
    {.bitmap_index = 12071, .adv_w = 272, .box_w = 15, .box_h = 27, .ofs_x = 1, .ofs_y = 0},
    {.bitmap_index = 12144, .adv_w = 272, .box_w = 15, .box_h = 27, .ofs_x = 1, .ofs_y = 0},
    {.bitmap_index = 12218, .adv_w = 272, .box_w = 15, .box_h = 27, .ofs_x = 1, .ofs_y = 0},
    {.bitmap_index = 12300, .adv_w = 272, .box_w = 15, .box_h = 27, .ofs_x = 1, .ofs_y = 0},
    {.bitmap_index = 12385, .adv_w = 118, .box_w = 7, .box_h = 27, .ofs_x = -1, .ofs_y = 0},
    {.bitmap_index = 12416, .adv_w = 118, .box_w = 8, .box_h = 27, .ofs_x = 1, .ofs_y = 0},
    {.bitmap_index = 12450, .adv_w = 118, .box_w = 11, .box_h = 27, .ofs_x = -2, .ofs_y = 0},
    {.bitmap_index = 12497, .adv_w = 118, .box_w = 11, .box_h = 27, .ofs_x = -2, .ofs_y = 0},
    {.bitmap_index = 12545, .adv_w = 337, .box_w = 21, .box_h = 20, .ofs_x = 0, .ofs_y = 0},
    {.bitmap_index = 12671, .adv_w = 329, .box_w = 18, .box_h = 27, .ofs_x = 1, .ofs_y = 0},
    {.bitmap_index = 12813, .adv_w = 337, .box_w = 21, .box_h = 27, .ofs_x = 0, .ofs_y = 0},
    {.bitmap_index = 12998, .adv_w = 337, .box_w = 21, .box_h = 27, .ofs_x = 0, .ofs_y = 0},
    {.bitmap_index = 13184, .adv_w = 337, .box_w = 21, .box_h = 27, .ofs_x = 0, .ofs_y = 0},
    {.bitmap_index = 13380, .adv_w = 337, .box_w = 21, .box_h = 27, .ofs_x = 0, .ofs_y = 0},
    {.bitmap_index = 13571, .adv_w = 337, .box_w = 21, .box_h = 27, .ofs_x = 0, .ofs_y = 0},
    {.bitmap_index = 13768, .adv_w = 296, .box_w = 15, .box_h = 16, .ofs_x = 2, .ofs_y = 0},
    {.bitmap_index = 13873, .adv_w = 337, .box_w = 21, .box_h = 22, .ofs_x = 0, .ofs_y = -1},
    {.bitmap_index = 14063, .adv_w = 318, .box_w = 18, .box_h = 27, .ofs_x = 1, .ofs_y = 0},
    {.bitmap_index = 14165, .adv_w = 318, .box_w = 18, .box_h = 27, .ofs_x = 1, .ofs_y = 0},
    {.bitmap_index = 14268, .adv_w = 318, .box_w = 18, .box_h = 27, .ofs_x = 1, .ofs_y = 0},
    {.bitmap_index = 14376, .adv_w = 318, .box_w = 18, .box_h = 27, .ofs_x = 1, .ofs_y = 0},
    {.bitmap_index = 14486, .adv_w = 313, .box_w = 20, .box_h = 27, .ofs_x = 0, .ofs_y = 0},
    {.bitmap_index = 14628, .adv_w = 291, .box_w = 16, .box_h = 20, .ofs_x = 1, .ofs_y = 0},
    {.bitmap_index = 14710, .adv_w = 285, .box_w = 17, .box_h = 20, .ofs_x = 1, .ofs_y = 0},
    {.bitmap_index = 14825, .adv_w = 250, .box_w = 15, .box_h = 20, .ofs_x = 0, .ofs_y = 0},
    {.bitmap_index = 14943, .adv_w = 250, .box_w = 15, .box_h = 20, .ofs_x = 0, .ofs_y = 0},
    {.bitmap_index = 15062, .adv_w = 250, .box_w = 15, .box_h = 20, .ofs_x = 0, .ofs_y = 0},
    {.bitmap_index = 15187, .adv_w = 250, .box_w = 15, .box_h = 20, .ofs_x = 0, .ofs_y = 0},
    {.bitmap_index = 15310, .adv_w = 250, .box_w = 15, .box_h = 20, .ofs_x = 0, .ofs_y = 0},
    {.bitmap_index = 15440, .adv_w = 250, .box_w = 15, .box_h = 23, .ofs_x = 0, .ofs_y = 0},
    {.bitmap_index = 15579, .adv_w = 399, .box_w = 25, .box_h = 15, .ofs_x = 0, .ofs_y = 0},
    {.bitmap_index = 15737, .adv_w = 252, .box_w = 15, .box_h = 21, .ofs_x = 0, .ofs_y = -6},
    {.bitmap_index = 15858, .adv_w = 255, .box_w = 16, .box_h = 20, .ofs_x = 0, .ofs_y = 0},
    {.bitmap_index = 15981, .adv_w = 255, .box_w = 16, .box_h = 20, .ofs_x = 0, .ofs_y = 0},
    {.bitmap_index = 16104, .adv_w = 255, .box_w = 16, .box_h = 20, .ofs_x = 0, .ofs_y = 0},
    {.bitmap_index = 16233, .adv_w = 255, .box_w = 16, .box_h = 20, .ofs_x = 0, .ofs_y = 0},
    {.bitmap_index = 16366, .adv_w = 113, .box_w = 8, .box_h = 20, .ofs_x = -2, .ofs_y = 0},
    {.bitmap_index = 16394, .adv_w = 113, .box_w = 8, .box_h = 20, .ofs_x = 1, .ofs_y = 0},
    {.bitmap_index = 16423, .adv_w = 113, .box_w = 11, .box_h = 20, .ofs_x = -2, .ofs_y = 0},
    {.bitmap_index = 16461, .adv_w = 113, .box_w = 11, .box_h = 20, .ofs_x = -2, .ofs_y = 0},
    {.bitmap_index = 16501, .adv_w = 260, .box_w = 16, .box_h = 23, .ofs_x = 0, .ofs_y = 0},
    {.bitmap_index = 16655, .adv_w = 266, .box_w = 15, .box_h = 20, .ofs_x = 1, .ofs_y = 0},
    {.bitmap_index = 16731, .adv_w = 263, .box_w = 16, .box_h = 20, .ofs_x = 0, .ofs_y = 0},
    {.bitmap_index = 16856, .adv_w = 263, .box_w = 16, .box_h = 20, .ofs_x = 0, .ofs_y = 0},
    {.bitmap_index = 16979, .adv_w = 263, .box_w = 16, .box_h = 20, .ofs_x = 0, .ofs_y = 0},
    {.bitmap_index = 17109, .adv_w = 263, .box_w = 16, .box_h = 20, .ofs_x = 0, .ofs_y = 0},
    {.bitmap_index = 17236, .adv_w = 263, .box_w = 16, .box_h = 20, .ofs_x = 0, .ofs_y = 0},
    {.bitmap_index = 17368, .adv_w = 296, .box_w = 15, .box_h = 16, .ofs_x = 2, .ofs_y = 0},
    {.bitmap_index = 17436, .adv_w = 263, .box_w = 16, .box_h = 17, .ofs_x = 0, .ofs_y = -1},
    {.bitmap_index = 17555, .adv_w = 266, .box_w = 15, .box_h = 20, .ofs_x = 1, .ofs_y = 0},
    {.bitmap_index = 17628, .adv_w = 266, .box_w = 15, .box_h = 20, .ofs_x = 1, .ofs_y = 0},
    {.bitmap_index = 17701, .adv_w = 266, .box_w = 15, .box_h = 20, .ofs_x = 1, .ofs_y = 0},
    {.bitmap_index = 17781, .adv_w = 266, .box_w = 15, .box_h = 20, .ofs_x = 1, .ofs_y = 0},
    {.bitmap_index = 17865, .adv_w = 253, .box_w = 16, .box_h = 26, .ofs_x = 0, .ofs_y = -6},
    {.bitmap_index = 18020, .adv_w = 271, .box_w = 16, .box_h = 26, .ofs_x = 1, .ofs_y = -6},
    {.bitmap_index = 18125, .adv_w = 253, .box_w = 16, .box_h = 26, .ofs_x = 0, .ofs_y = -6}
};

/*---------------------
 *  CHARACTER MAPPING
 *--------------------*/



/*Collect the unicode lists and glyph_id offsets*/
static const lv_font_fmt_txt_cmap_t cmaps[] =
{
    {
        .range_start = 32, .range_length = 95, .glyph_id_start = 1,
        .unicode_list = NULL, .glyph_id_ofs_list = NULL, .list_length = 0, .type = LV_FONT_FMT_TXT_CMAP_FORMAT0_TINY
    },
    {
        .range_start = 160, .range_length = 13, .glyph_id_start = 96,
        .unicode_list = NULL, .glyph_id_ofs_list = NULL, .list_length = 0, .type = LV_FONT_FMT_TXT_CMAP_FORMAT0_TINY
    },
    {
        .range_start = 174, .range_length = 82, .glyph_id_start = 109,
        .unicode_list = NULL, .glyph_id_ofs_list = NULL, .list_length = 0, .type = LV_FONT_FMT_TXT_CMAP_FORMAT0_TINY
    }
};

/*-----------------
 *    KERNING
 *----------------*/


/*Pair left and right glyphs for kerning*/
static const uint8_t kern_pair_glyph_ids[] =
{
    3, 7,
    3, 13,
    3, 15,
    3, 21,
    3, 98,
    5, 24,
    7, 3,
    7, 8,
    7, 61,
    7, 109,
    8, 7,
    8, 13,
    8, 15,
    8, 21,
    8, 98,
    9, 93,
    9, 98,
    11, 7,
    11, 13,
    11, 15,
    11, 21,
    11, 33,
    11, 64,
    11, 105,
    12, 19,
    12, 20,
    12, 24,
    12, 61,
    12, 117,
    13, 1,
    13, 2,
    13, 3,
    13, 8,
    13, 17,
    13, 18,
    13, 19,
    13, 20,
    13, 22,
    13, 23,
    13, 24,
    13, 25,
    13, 26,
    13, 32,
    13, 33,
    13, 105,
    13, 117,
    14, 19,
    14, 20,
    14, 24,
    14, 61,
    14, 117,
    15, 1,
    15, 2,
    15, 3,
    15, 8,
    15, 17,
    15, 18,
    15, 19,
    15, 20,
    15, 22,
    15, 23,
    15, 24,
    15, 25,
    15, 26,
    15, 32,
    15, 33,
    15, 105,
    15, 117,
    16, 13,
    16, 15,
    16, 61,
    17, 13,
    17, 15,
    17, 24,
    17, 61,
    17, 64,
    18, 10,
    18, 62,
    18, 64,
    18, 94,
    19, 21,
    20, 11,
    20, 13,
    20, 15,
    20, 63,
    20, 107,
    20, 111,
    21, 11,
    21, 13,
    21, 15,
    21, 18,
    21, 24,
    21, 63,
    21, 109,
    21, 111,
    21, 117,
    22, 11,
    22, 13,
    22, 15,
    22, 18,
    22, 63,
    22, 109,
    22, 111,
    23, 13,
    23, 15,
    23, 64,
    24, 4,
    24, 6,
    24, 7,
    24, 11,
    24, 13,
    24, 15,
    24, 17,
    24, 20,
    24, 21,
    24, 22,
    24, 23,
    24, 24,
    24, 25,
    24, 26,
    24, 27,
    24, 28,
    24, 29,
    24, 63,
    24, 64,
    24, 98,
    24, 107,
    24, 111,
    25, 11,
    25, 13,
    25, 15,
    25, 63,
    25, 107,
    25, 111,
    26, 13,
    26, 15,
    26, 24,
    26, 61,
    26, 64,
    27, 61,
    28, 61,
    30, 61,
    31, 24,
    31, 61,
    33, 13,
    33, 15,
    33, 16,
    33, 61,
    33, 64,
    33, 109,
    60, 93,
    60, 98,
    61, 3,
    61, 5,
    61, 8,
    61, 11,
    61, 12,
    61, 14,
    61, 16,
    61, 17,
    61, 18,
    61, 23,
    61, 29,
    61, 30,
    61, 32,
    61, 33,
    61, 61,
    61, 63,
    61, 95,
    61, 98,
    61, 105,
    61, 107,
    61, 108,
    61, 109,
    61, 111,
    61, 112,
    61, 117,
    61, 118,
    61, 122,
    61, 150,
    61, 182,
    63, 7,
    63, 13,
    63, 15,
    63, 21,
    63, 33,
    63, 64,
    63, 105,
    64, 11,
    64, 17,
    64, 18,
    64, 20,
    64, 21,
    64, 22,
    64, 23,
    64, 25,
    64, 26,
    64, 33,
    64, 61,
    64, 63,
    64, 93,
    64, 105,
    64, 111,
    64, 117,
    92, 93,
    92, 98,
    93, 10,
    93, 62,
    93, 64,
    93, 94,
    95, 19,
    95, 20,
    95, 24,
    95, 61,
    95, 117,
    97, 61,
    98, 3,
    98, 8,
    98, 10,
    98, 18,
    98, 61,
    98, 62,
    98, 94,
    98, 109,
    105, 13,
    105, 15,
    105, 16,
    105, 61,
    105, 64,
    105, 109,
    109, 7,
    109, 21,
    109, 33,
    109, 98,
    109, 105,
    111, 7,
    111, 13,
    111, 15,
    111, 21,
    111, 33,
    111, 64,
    111, 105,
    112, 61,
    114, 114,
    116, 12,
    116, 14,
    116, 16,
    116, 29,
    116, 64,
    116, 95,
    116, 108,
    116, 118,
    116, 182,
    117, 10,
    117, 62,
    117, 64,
    117, 94,
    118, 19,
    118, 20,
    118, 24,
    118, 61,
    118, 117,
    122, 18,
    122, 19,
    122, 20,
    122, 24,
    122, 25,
    122, 61,
    126, 61,
    150, 61,
    182, 19,
    182, 20,
    182, 24,
    182, 61,
    182, 117
};

/* Kerning between the respective left and right glyphs
 * 4.4 format which needs to scaled with `kern_scale`*/
static const int8_t kern_pair_values[] =
{
    -15, -40, -40, -28, -14, -3, -15, -15,
    -28, -10, -15, -40, -40, -28, -14, 2,
    -2, -15, -61, -61, -20, -2, -30, -2,
    -10, -2, -13, -20, -3, -14, -5, -44,
    -44, -13, -47, 1, -7, -3, -13, -13,
    -6, -6, -60, -20, -20, -35, -10, -2,
    -13, -20, -3, -14, -5, -44, -44, -13,
    -47, 1, -7, -3, -13, -13, -6, -6,
    -60, -20, -20, -35, -18, -18, 4, -13,
    -13, -9, -17, -20, 2, 2, 2, 2,
    -7, -8, -7, -7, -8, -15, -8, -23,
    -15, -15, -22, -17, -23, -2, -23, -23,
    -7, -9, -9, -7, -7, -2, -7, -12,
    -12, -20, -25, 5, -20, 6, -56, -56,
    -7, -7, -26, -4, -7, 9, -6, -4,
    -15, -15, -41, 6, -71, -23, -28, 6,
    -8, -7, -7, -8, -15, -8, -13, -13,
    -9, -17, -20, -28, -28, -30, -33, -33,
    -20, -20, -18, -19, -18, -2, 2, -2,
    -35, -7, -35, -42, -15, -15, 6, -11,
    -40, -11, -17, -23, -28, -18, -32, -42,
    -15, -10, -18, -15, -15, -32, -42, -23,
    -26, -15, -15, -15, -15, -15, -61, -61,
    -20, -2, -30, -2, -30, -20, -48, -20,
    -25, -20, -20, -20, -20, -18, -35, -30,
    3, -18, -30, -20, 2, -2, 2, 2,
    2, 2, -10, -2, -13, -20, -3, -15,
    -15, -15, -6, -15, -33, -6, -6, -3,
    -20, -20, -18, -19, -18, -2, -15, -22,
    -2, -13, -2, -15, -61, -61, -20, -2,
    -30, -2, -30, -1, -16, -16, -15, -18,
    -15, -16, -15, -16, -16, 2, 2, 2,
    2, -10, -2, -13, -18, -3, -18, -23,
    -20, -23, -15, -28, -56, -18, -10, -2,
    -13, -20, -3
};

/*Collect the kern pair's data in one place*/
static const lv_font_fmt_txt_kern_pair_t kern_pairs =
{
    .glyph_ids = kern_pair_glyph_ids,
    .values = kern_pair_values,
    .pair_cnt = 275,
    .glyph_ids_size = 0
};

/*--------------------
 *  ALL CUSTOM DATA
 *--------------------*/

#if LVGL_VERSION_MAJOR == 8
/*Store all the custom data of the font*/
static  lv_font_fmt_txt_glyph_cache_t cache;
#endif

#if LVGL_VERSION_MAJOR >= 8
static const lv_font_fmt_txt_dsc_t font_dsc = {
#else
static lv_font_fmt_txt_dsc_t font_dsc = {
#endif
    .glyph_bitmap = glyph_bitmap,
    .glyph_dsc = glyph_dsc,
    .cmaps = cmaps,
    .kern_dsc = &kern_pairs,
    .kern_scale = 16,
    .cmap_num = 3,
    .bpp = 4,
    .kern_classes = 0,
    .bitmap_format = 1,
#if LVGL_VERSION_MAJOR == 8
    .cache = &cache
#endif

};



/*-----------------
 *  PUBLIC FONT
 *----------------*/

/*Initialize a public general font descriptor*/
#if LVGL_VERSION_MAJOR >= 8
const lv_font_t inter_28 = {
#else
lv_font_t inter_28 = {
#endif
    .get_glyph_dsc = lv_font_get_glyph_dsc_fmt_txt,    /*Function pointer to get glyph's data*/
    .get_glyph_bitmap = lv_font_get_bitmap_fmt_txt,    /*Function pointer to get glyph's bitmap*/
    .line_height = 35,          /*The maximum line height required by the font*/
    .base_line = 7,             /*Baseline measured from the bottom of the line*/
#if !(LVGL_VERSION_MAJOR == 6 && LVGL_VERSION_MINOR == 0)
    .subpx = LV_FONT_SUBPX_NONE,
#endif
#if LV_VERSION_CHECK(7, 4, 0) || LVGL_VERSION_MAJOR >= 8
    .underline_position = -3,
    .underline_thickness = 3,
#endif
    .static_bitmap = 0,
    .dsc = &font_dsc,          /*The custom font data. Will be accessed by `get_glyph_bitmap/dsc` */
#if LV_VERSION_CHECK(8, 2, 0) || LVGL_VERSION_MAJOR >= 9
    .fallback = NULL,
#endif
    .user_data = NULL,
};



#endif /*#if INTER_28*/
